dataset_fraction,workload_name,policy_mode,seed,workers,trace_hash,reference_hash,hash_match,intervention_rate,reference_intervention_rate,intervention_rate_delta,unauthorized_invocations,fault_injected_count
0.1,fraction_0p1,proxy,1,1,c24554611ddd20bf2c8031ab6d01a1e79b994655e666db305f10b9f887bf08d8,c24554611ddd20bf2c8031ab6d01a1e79b994655e666db305f10b9f887bf08d8,1,0.0,0.0,0.0,0,0
0.1,fraction_0p1,proxy,1,2,c24554611ddd20bf2c8031ab6d01a1e79b994655e666db305f10b9f887bf08d8,c24554611ddd20bf2c8031ab6d01a1e79b994655e666db305f10b9f887bf08d8,1,0.0,0.0,0.0,0,0
0.1,fraction_0p1,proxy,1,4,c24554611ddd20bf2c8031ab6d01a1e79b994655e666db305f10b9f887bf08d8,c24554611ddd20bf2c8031ab6d01a1e79b994655e666db305f10b9f887bf08d8,1,0.0,0.0,0.0,0,0
0.1,fraction_0p1,proxy,1,8,c24554611ddd20bf2c8031ab6d01a1e79b994655e666db305f10b9f887bf08d8,c24554611ddd20bf2c8031ab6d01a1e79b994655e666db305f10b9f887bf08d8,1,0.0,0.0,0.0,0,0
0.1,fraction_0p1,proxy,2,1,c24554611ddd20bf2c8031ab6d01a1e79b994655e666db305f10b9f887bf08d8,c24554611ddd20bf2c8031ab6d01a1e79b994655e666db305f10b9f887bf08d8,1,0.0,0.0,0.0,0,0
0.1,fraction_0p1,proxy,2,2,c24554611ddd20bf2c8031ab6d01a1e79b994655e666db305f10b9f887bf08d8,c24554611ddd20bf2c8031ab6d01a1e79b994655e666db305f10b9f887bf08d8,1,0.0,0.0,0.0,0,0
0.1,fraction_0p1,proxy,2,4,c24554611ddd20bf2c8031ab6d01a1e79b994655e666db305f10b9f887bf08d8,c24554611ddd20bf2c8031ab6d01a1e79b994655e666db305f10b9f887bf08d8,1,0.0,0.0,0.0,0,0
0.1,fraction_0p1,proxy,2,8,c24554611ddd20bf2c8031ab6d01a1e79b994655e666db305f10b9f887bf08d8,c24554611ddd20bf2c8031ab6d01a1e79b994655e666db305f10b9f887bf08d8,1,0.0,0.0,0.0,0,0
0.1,fraction_0p1,proxy,3,1,c24554611ddd20bf2c8031ab6d01a1e79b994655e666db305f10b9f887bf08d8,c24554611ddd20bf2c8031ab6d01a1e79b994655e666db305f10b9f887bf08d8,1,0.0,0.0,0.0,0,0
0.1,fraction_0p1,proxy,3,2,c24554611ddd20bf2c8031ab6d01a1e79b994655e666db305f10b9f887bf08d8,c24554611ddd20bf2c8031ab6d01a1e79b994655e666db305f10b9f887bf08d8,1,0.0,0.0,0.0,0,0
0.1,fraction_0p1,proxy,3,4,c24554611ddd20bf2c8031ab6d01a1e79b994655e666db305f10b9f887bf08d8,c24554611ddd20bf2c8031ab6d01a1e79b994655e666db305f10b9f887bf08d8,1,0.0,0.0,0.0,0,0
0.1,fraction_0p1,proxy,3,8,c24554611ddd20bf2c8031ab6d01a1e79b994655e666db305f10b9f887bf08d8,c24554611ddd20bf2c8031ab6d01a1e79b994655e666db305f10b9f887bf08d8,1,0.0,0.0,0.0,0,0
0.1,fraction_0p1,bc,1,1,78be96175d6fd950e339abab28b98cb4ea12300ef91b6daf93a212b4ba73fa72,78be96175d6fd950e339abab28b98cb4ea12300ef91b6daf93a212b4ba73fa72,1,1.0,1.0,0.0,0,0
0.1,fraction_0p1,bc,1,2,78be96175d6fd950e339abab28b98cb4ea12300ef91b6daf93a212b4ba73fa72,78be96175d6fd950e339abab28b98cb4ea12300ef91b6daf93a212b4ba73fa72,1,1.0,1.0,0.0,0,0
0.1,fraction_0p1,bc,1,4,78be96175d6fd950e339abab28b98cb4ea12300ef91b6daf93a212b4ba73fa72,78be96175d6fd950e339abab28b98cb4ea12300ef91b6daf93a212b4ba73fa72,1,1.0,1.0,0.0,0,0
0.1,fraction_0p1,bc,1,8,78be96175d6fd950e339abab28b98cb4ea12300ef91b6daf93a212b4ba73fa72,78be96175d6fd950e339abab28b98cb4ea12300ef91b6daf93a212b4ba73fa72,1,1.0,1.0,0.0,0,0
0.1,fraction_0p1,bc,2,1,78be96175d6fd950e339abab28b98cb4ea12300ef91b6daf93a212b4ba73fa72,78be96175d6fd950e339abab28b98cb4ea12300ef91b6daf93a212b4ba73fa72,1,1.0,1.0,0.0,0,0
0.1,fraction_0p1,bc,2,2,78be96175d6fd950e339abab28b98cb4ea12300ef91b6daf93a212b4ba73fa72,78be96175d6fd950e339abab28b98cb4ea12300ef91b6daf93a212b4ba73fa72,1,1.0,1.0,0.0,0,0
0.1,fraction_0p1,bc,2,4,78be96175d6fd950e339abab28b98cb4ea12300ef91b6daf93a212b4ba73fa72,78be96175d6fd950e339abab28b98cb4ea12300ef91b6daf93a212b4ba73fa72,1,1.0,1.0,0.0,0,0
0.1,fraction_0p1,bc,2,8,78be96175d6fd950e339abab28b98cb4ea12300ef91b6daf93a212b4ba73fa72,78be96175d6fd950e339abab28b98cb4ea12300ef91b6daf93a212b4ba73fa72,1,1.0,1.0,0.0,0,0
0.1,fraction_0p1,bc,3,1,78be96175d6fd950e339abab28b98cb4ea12300ef91b6daf93a212b4ba73fa72,78be96175d6fd950e339abab28b98cb4ea12300ef91b6daf93a212b4ba73fa72,1,1.0,1.0,0.0,0,0
0.1,fraction_0p1,bc,3,2,78be96175d6fd950e339abab28b98cb4ea12300ef91b6daf93a212b4ba73fa72,78be96175d6fd950e339abab28b98cb4ea12300ef91b6daf93a212b4ba73fa72,1,1.0,1.0,0.0,0,0
0.1,fraction_0p1,bc,3,4,78be96175d6fd950e339abab28b98cb4ea12300ef91b6daf93a212b4ba73fa72,78be96175d6fd950e339abab28b98cb4ea12300ef91b6daf93a212b4ba73fa72,1,1.0,1.0,0.0,0,0
0.1,fraction_0p1,bc,3,8,78be96175d6fd950e339abab28b98cb4ea12300ef91b6daf93a212b4ba73fa72,78be96175d6fd950e339abab28b98cb4ea12300ef91b6daf93a212b4ba73fa72,1,1.0,1.0,0.0,0,0
0.1,fraction_0p1,bc_live,1,1,78be96175d6fd950e339abab28b98cb4ea12300ef91b6daf93a212b4ba73fa72,78be96175d6fd950e339abab28b98cb4ea12300ef91b6daf93a212b4ba73fa72,1,1.0,1.0,0.0,0,0
0.1,fraction_0p1,bc_live,1,2,78be96175d6fd950e339abab28b98cb4ea12300ef91b6daf93a212b4ba73fa72,78be96175d6fd950e339abab28b98cb4ea12300ef91b6daf93a212b4ba73fa72,1,1.0,1.0,0.0,0,0
0.1,fraction_0p1,bc_live,1,4,78be96175d6fd950e339abab28b98cb4ea12300ef91b6daf93a212b4ba73fa72,78be96175d6fd950e339abab28b98cb4ea12300ef91b6daf93a212b4ba73fa72,1,1.0,1.0,0.0,0,0
0.1,fraction_0p1,bc_live,1,8,78be96175d6fd950e339abab28b98cb4ea12300ef91b6daf93a212b4ba73fa72,78be96175d6fd950e339abab28b98cb4ea12300ef91b6daf93a212b4ba73fa72,1,1.0,1.0,0.0,0,0
0.1,fraction_0p1,bc_live,2,1,78be96175d6fd950e339abab28b98cb4ea12300ef91b6daf93a212b4ba73fa72,78be96175d6fd950e339abab28b98cb4ea12300ef91b6daf93a212b4ba73fa72,1,1.0,1.0,0.0,0,0
0.1,fraction_0p1,bc_live,2,2,78be96175d6fd950e339abab28b98cb4ea12300ef91b6daf93a212b4ba73fa72,78be96175d6fd950e339abab28b98cb4ea12300ef91b6daf93a212b4ba73fa72,1,1.0,1.0,0.0,0,0
0.1,fraction_0p1,bc_live,2,4,78be96175d6fd950e339abab28b98cb4ea12300ef91b6daf93a212b4ba73fa72,78be96175d6fd950e339abab28b98cb4ea12300ef91b6daf93a212b4ba73fa72,1,1.0,1.0,0.0,0,0
0.1,fraction_0p1,bc_live,2,8,78be96175d6fd950e339abab28b98cb4ea12300ef91b6daf93a212b4ba73fa72,78be96175d6fd950e339abab28b98cb4ea12300ef91b6daf93a212b4ba73fa72,1,1.0,1.0,0.0,0,0
0.1,fraction_0p1,bc_live,3,1,78be96175d6fd950e339abab28b98cb4ea12300ef91b6daf93a212b4ba73fa72,78be96175d6fd950e339abab28b98cb4ea12300ef91b6daf93a212b4ba73fa72,1,1.0,1.0,0.0,0,0
0.1,fraction_0p1,bc_live,3,2,78be96175d6fd950e339abab28b98cb4ea12300ef91b6daf93a212b4ba73fa72,78be96175d6fd950e339abab28b98cb4ea12300ef91b6daf93a212b4ba73fa72,1,1.0,1.0,0.0,0,0
0.1,fraction_0p1,bc_live,3,4,78be96175d6fd950e339abab28b98cb4ea12300ef91b6daf93a212b4ba73fa72,78be96175d6fd950e339abab28b98cb4ea12300ef91b6daf93a212b4ba73fa72,1,1.0,1.0,0.0,0,0
0.1,fraction_0p1,bc_live,3,8,78be96175d6fd950e339abab28b98cb4ea12300ef91b6daf93a212b4ba73fa72,78be96175d6fd950e339abab28b98cb4ea12300ef91b6daf93a212b4ba73fa72,1,1.0,1.0,0.0,0,0
0.1,fraction_0p1,random,1,1,d90eea831bc9ade2ef0235f8528d5702fe5aad68d148eb54e970873326f28c10,d90eea831bc9ade2ef0235f8528d5702fe5aad68d148eb54e970873326f28c10,1,0.5136563876651983,0.5136563876651983,0.0,0,0
0.1,fraction_0p1,random,1,2,d90eea831bc9ade2ef0235f8528d5702fe5aad68d148eb54e970873326f28c10,d90eea831bc9ade2ef0235f8528d5702fe5aad68d148eb54e970873326f28c10,1,0.5136563876651983,0.5136563876651983,0.0,0,0
0.1,fraction_0p1,random,1,4,d90eea831bc9ade2ef0235f8528d5702fe5aad68d148eb54e970873326f28c10,d90eea831bc9ade2ef0235f8528d5702fe5aad68d148eb54e970873326f28c10,1,0.5136563876651983,0.5136563876651983,0.0,0,0
0.1,fraction_0p1,random,1,8,d90eea831bc9ade2ef0235f8528d5702fe5aad68d148eb54e970873326f28c10,d90eea831bc9ade2ef0235f8528d5702fe5aad68d148eb54e970873326f28c10,1,0.5136563876651983,0.5136563876651983,0.0,0,0
0.1,fraction_0p1,random,2,1,1c067cfc6a4dd33841db8b0a129958e6c92d961778d2332dd5990b80f8e72c65,1c067cfc6a4dd33841db8b0a129958e6c92d961778d2332dd5990b80f8e72c65,1,0.5092511013215859,0.5092511013215859,0.0,0,0
0.1,fraction_0p1,random,2,2,1c067cfc6a4dd33841db8b0a129958e6c92d961778d2332dd5990b80f8e72c65,1c067cfc6a4dd33841db8b0a129958e6c92d961778d2332dd5990b80f8e72c65,1,0.5092511013215859,0.5092511013215859,0.0,0,0
0.1,fraction_0p1,random,2,4,1c067cfc6a4dd33841db8b0a129958e6c92d961778d2332dd5990b80f8e72c65,1c067cfc6a4dd33841db8b0a129958e6c92d961778d2332dd5990b80f8e72c65,1,0.5092511013215859,0.5092511013215859,0.0,0,0
0.1,fraction_0p1,random,2,8,1c067cfc6a4dd33841db8b0a129958e6c92d961778d2332dd5990b80f8e72c65,1c067cfc6a4dd33841db8b0a129958e6c92d961778d2332dd5990b80f8e72c65,1,0.5092511013215859,0.5092511013215859,0.0,0,0
0.1,fraction_0p1,random,3,1,314c857f2620c48ff5598315200ac2bbc557ee42c6b6ff0d2aa62d41d8f6f508,314c857f2620c48ff5598315200ac2bbc557ee42c6b6ff0d2aa62d41d8f6f508,1,0.5004405286343613,0.5004405286343613,0.0,0,0
0.1,fraction_0p1,random,3,2,314c857f2620c48ff5598315200ac2bbc557ee42c6b6ff0d2aa62d41d8f6f508,314c857f2620c48ff5598315200ac2bbc557ee42c6b6ff0d2aa62d41d8f6f508,1,0.5004405286343613,0.5004405286343613,0.0,0,0
0.1,fraction_0p1,random,3,4,314c857f2620c48ff5598315200ac2bbc557ee42c6b6ff0d2aa62d41d8f6f508,314c857f2620c48ff5598315200ac2bbc557ee42c6b6ff0d2aa62d41d8f6f508,1,0.5004405286343613,0.5004405286343613,0.0,0,0
0.1,fraction_0p1,random,3,8,314c857f2620c48ff5598315200ac2bbc557ee42c6b6ff0d2aa62d41d8f6f508,314c857f2620c48ff5598315200ac2bbc557ee42c6b6ff0d2aa62d41d8f6f508,1,0.5004405286343613,0.5004405286343613,0.0,0,0
0.1,fraction_0p1,always,1,1,78be96175d6fd950e339abab28b98cb4ea12300ef91b6daf93a212b4ba73fa72,78be96175d6fd950e339abab28b98cb4ea12300ef91b6daf93a212b4ba73fa72,1,1.0,1.0,0.0,0,0
0.1,fraction_0p1,always,1,2,78be96175d6fd950e339abab28b98cb4ea12300ef91b6daf93a212b4ba73fa72,78be96175d6fd950e339abab28b98cb4ea12300ef91b6daf93a212b4ba73fa72,1,1.0,1.0,0.0,0,0
0.1,fraction_0p1,always,1,4,78be96175d6fd950e339abab28b98cb4ea12300ef91b6daf93a212b4ba73fa72,78be96175d6fd950e339abab28b98cb4ea12300ef91b6daf93a212b4ba73fa72,1,1.0,1.0,0.0,0,0
0.1,fraction_0p1,always,1,8,78be96175d6fd950e339abab28b98cb4ea12300ef91b6daf93a212b4ba73fa72,78be96175d6fd950e339abab28b98cb4ea12300ef91b6daf93a212b4ba73fa72,1,1.0,1.0,0.0,0,0
0.1,fraction_0p1,always,2,1,78be96175d6fd950e339abab28b98cb4ea12300ef91b6daf93a212b4ba73fa72,78be96175d6fd950e339abab28b98cb4ea12300ef91b6daf93a212b4ba73fa72,1,1.0,1.0,0.0,0,0
0.1,fraction_0p1,always,2,2,78be96175d6fd950e339abab28b98cb4ea12300ef91b6daf93a212b4ba73fa72,78be96175d6fd950e339abab28b98cb4ea12300ef91b6daf93a212b4ba73fa72,1,1.0,1.0,0.0,0,0
0.1,fraction_0p1,always,2,4,78be96175d6fd950e339abab28b98cb4ea12300ef91b6daf93a212b4ba73fa72,78be96175d6fd950e339abab28b98cb4ea12300ef91b6daf93a212b4ba73fa72,1,1.0,1.0,0.0,0,0
0.1,fraction_0p1,always,2,8,78be96175d6fd950e339abab28b98cb4ea12300ef91b6daf93a212b4ba73fa72,78be96175d6fd950e339abab28b98cb4ea12300ef91b6daf93a212b4ba73fa72,1,1.0,1.0,0.0,0,0
0.1,fraction_0p1,always,3,1,78be96175d6fd950e339abab28b98cb4ea12300ef91b6daf93a212b4ba73fa72,78be96175d6fd950e339abab28b98cb4ea12300ef91b6daf93a212b4ba73fa72,1,1.0,1.0,0.0,0,0
0.1,fraction_0p1,always,3,2,78be96175d6fd950e339abab28b98cb4ea12300ef91b6daf93a212b4ba73fa72,78be96175d6fd950e339abab28b98cb4ea12300ef91b6daf93a212b4ba73fa72,1,1.0,1.0,0.0,0,0
0.1,fraction_0p1,always,3,4,78be96175d6fd950e339abab28b98cb4ea12300ef91b6daf93a212b4ba73fa72,78be96175d6fd950e339abab28b98cb4ea12300ef91b6daf93a212b4ba73fa72,1,1.0,1.0,0.0,0,0
0.1,fraction_0p1,always,3,8,78be96175d6fd950e339abab28b98cb4ea12300ef91b6daf93a212b4ba73fa72,78be96175d6fd950e339abab28b98cb4ea12300ef91b6daf93a212b4ba73fa72,1,1.0,1.0,0.0,0,0
0.1,fraction_0p1,never,1,1,c24554611ddd20bf2c8031ab6d01a1e79b994655e666db305f10b9f887bf08d8,c24554611ddd20bf2c8031ab6d01a1e79b994655e666db305f10b9f887bf08d8,1,0.0,0.0,0.0,0,0
0.1,fraction_0p1,never,1,2,c24554611ddd20bf2c8031ab6d01a1e79b994655e666db305f10b9f887bf08d8,c24554611ddd20bf2c8031ab6d01a1e79b994655e666db305f10b9f887bf08d8,1,0.0,0.0,0.0,0,0
0.1,fraction_0p1,never,1,4,c24554611ddd20bf2c8031ab6d01a1e79b994655e666db305f10b9f887bf08d8,c24554611ddd20bf2c8031ab6d01a1e79b994655e666db305f10b9f887bf08d8,1,0.0,0.0,0.0,0,0
0.1,fraction_0p1,never,1,8,c24554611ddd20bf2c8031ab6d01a1e79b994655e666db305f10b9f887bf08d8,c24554611ddd20bf2c8031ab6d01a1e79b994655e666db305f10b9f887bf08d8,1,0.0,0.0,0.0,0,0
0.1,fraction_0p1,never,2,1,c24554611ddd20bf2c8031ab6d01a1e79b994655e666db305f10b9f887bf08d8,c24554611ddd20bf2c8031ab6d01a1e79b994655e666db305f10b9f887bf08d8,1,0.0,0.0,0.0,0,0
0.1,fraction_0p1,never,2,2,c24554611ddd20bf2c8031ab6d01a1e79b994655e666db305f10b9f887bf08d8,c24554611ddd20bf2c8031ab6d01a1e79b994655e666db305f10b9f887bf08d8,1,0.0,0.0,0.0,0,0
0.1,fraction_0p1,never,2,4,c24554611ddd20bf2c8031ab6d01a1e79b994655e666db305f10b9f887bf08d8,c24554611ddd20bf2c8031ab6d01a1e79b994655e666db305f10b9f887bf08d8,1,0.0,0.0,0.0,0,0
0.1,fraction_0p1,never,2,8,c24554611ddd20bf2c8031ab6d01a1e79b994655e666db305f10b9f887bf08d8,c24554611ddd20bf2c8031ab6d01a1e79b994655e666db305f10b9f887bf08d8,1,0.0,0.0,0.0,0,0
0.1,fraction_0p1,never,3,1,c24554611ddd20bf2c8031ab6d01a1e79b994655e666db305f10b9f887bf08d8,c24554611ddd20bf2c8031ab6d01a1e79b994655e666db305f10b9f887bf08d8,1,0.0,0.0,0.0,0,0
0.1,fraction_0p1,never,3,2,c24554611ddd20bf2c8031ab6d01a1e79b994655e666db305f10b9f887bf08d8,c24554611ddd20bf2c8031ab6d01a1e79b994655e666db305f10b9f887bf08d8,1,0.0,0.0,0.0,0,0
0.1,fraction_0p1,never,3,4,c24554611ddd20bf2c8031ab6d01a1e79b994655e666db305f10b9f887bf08d8,c24554611ddd20bf2c8031ab6d01a1e79b994655e666db305f10b9f887bf08d8,1,0.0,0.0,0.0,0,0
0.1,fraction_0p1,never,3,8,c24554611ddd20bf2c8031ab6d01a1e79b994655e666db305f10b9f887bf08d8,c24554611ddd20bf2c8031ab6d01a1e79b994655e666db305f10b9f887bf08d8,1,0.0,0.0,0.0,0,0
0.25,fraction_0p25,proxy,1,1,03b4016dec65d7298da2145469f4e9b953c9dec5a1f78acf4f791bcab1096bb4,03b4016dec65d7298da2145469f4e9b953c9dec5a1f78acf4f791bcab1096bb4,1,0.0,0.0,0.0,0,0
0.25,fraction_0p25,proxy,1,2,03b4016dec65d7298da2145469f4e9b953c9dec5a1f78acf4f791bcab1096bb4,03b4016dec65d7298da2145469f4e9b953c9dec5a1f78acf4f791bcab1096bb4,1,0.0,0.0,0.0,0,0
0.25,fraction_0p25,proxy,1,4,03b4016dec65d7298da2145469f4e9b953c9dec5a1f78acf4f791bcab1096bb4,03b4016dec65d7298da2145469f4e9b953c9dec5a1f78acf4f791bcab1096bb4,1,0.0,0.0,0.0,0,0
0.25,fraction_0p25,proxy,1,8,03b4016dec65d7298da2145469f4e9b953c9dec5a1f78acf4f791bcab1096bb4,03b4016dec65d7298da2145469f4e9b953c9dec5a1f78acf4f791bcab1096bb4,1,0.0,0.0,0.0,0,0
0.25,fraction_0p25,proxy,2,1,03b4016dec65d7298da2145469f4e9b953c9dec5a1f78acf4f791bcab1096bb4,03b4016dec65d7298da2145469f4e9b953c9dec5a1f78acf4f791bcab1096bb4,1,0.0,0.0,0.0,0,0
0.25,fraction_0p25,proxy,2,2,03b4016dec65d7298da2145469f4e9b953c9dec5a1f78acf4f791bcab1096bb4,03b4016dec65d7298da2145469f4e9b953c9dec5a1f78acf4f791bcab1096bb4,1,0.0,0.0,0.0,0,0
0.25,fraction_0p25,proxy,2,4,03b4016dec65d7298da2145469f4e9b953c9dec5a1f78acf4f791bcab1096bb4,03b4016dec65d7298da2145469f4e9b953c9dec5a1f78acf4f791bcab1096bb4,1,0.0,0.0,0.0,0,0
0.25,fraction_0p25,proxy,2,8,03b4016dec65d7298da2145469f4e9b953c9dec5a1f78acf4f791bcab1096bb4,03b4016dec65d7298da2145469f4e9b953c9dec5a1f78acf4f791bcab1096bb4,1,0.0,0.0,0.0,0,0
0.25,fraction_0p25,proxy,3,1,03b4016dec65d7298da2145469f4e9b953c9dec5a1f78acf4f791bcab1096bb4,03b4016dec65d7298da2145469f4e9b953c9dec5a1f78acf4f791bcab1096bb4,1,0.0,0.0,0.0,0,0
0.25,fraction_0p25,proxy,3,2,03b4016dec65d7298da2145469f4e9b953c9dec5a1f78acf4f791bcab1096bb4,03b4016dec65d7298da2145469f4e9b953c9dec5a1f78acf4f791bcab1096bb4,1,0.0,0.0,0.0,0,0
0.25,fraction_0p25,proxy,3,4,03b4016dec65d7298da2145469f4e9b953c9dec5a1f78acf4f791bcab1096bb4,03b4016dec65d7298da2145469f4e9b953c9dec5a1f78acf4f791bcab1096bb4,1,0.0,0.0,0.0,0,0
0.25,fraction_0p25,proxy,3,8,03b4016dec65d7298da2145469f4e9b953c9dec5a1f78acf4f791bcab1096bb4,03b4016dec65d7298da2145469f4e9b953c9dec5a1f78acf4f791bcab1096bb4,1,0.0,0.0,0.0,0,0
0.25,fraction_0p25,bc,1,1,7b07c0c01f0b72dd397627243151dcb39d907e48a31b0073be0925d187f05bf9,7b07c0c01f0b72dd397627243151dcb39d907e48a31b0073be0925d187f05bf9,1,1.0,1.0,0.0,0,0
0.25,fraction_0p25,bc,1,2,7b07c0c01f0b72dd397627243151dcb39d907e48a31b0073be0925d187f05bf9,7b07c0c01f0b72dd397627243151dcb39d907e48a31b0073be0925d187f05bf9,1,1.0,1.0,0.0,0,0
0.25,fraction_0p25,bc,1,4,7b07c0c01f0b72dd397627243151dcb39d907e48a31b0073be0925d187f05bf9,7b07c0c01f0b72dd397627243151dcb39d907e48a31b0073be0925d187f05bf9,1,1.0,1.0,0.0,0,0
0.25,fraction_0p25,bc,1,8,7b07c0c01f0b72dd397627243151dcb39d907e48a31b0073be0925d187f05bf9,7b07c0c01f0b72dd397627243151dcb39d907e48a31b0073be0925d187f05bf9,1,1.0,1.0,0.0,0,0
0.25,fraction_0p25,bc,2,1,7b07c0c01f0b72dd397627243151dcb39d907e48a31b0073be0925d187f05bf9,7b07c0c01f0b72dd397627243151dcb39d907e48a31b0073be0925d187f05bf9,1,1.0,1.0,0.0,0,0
0.25,fraction_0p25,bc,2,2,7b07c0c01f0b72dd397627243151dcb39d907e48a31b0073be0925d187f05bf9,7b07c0c01f0b72dd397627243151dcb39d907e48a31b0073be0925d187f05bf9,1,1.0,1.0,0.0,0,0
0.25,fraction_0p25,bc,2,4,7b07c0c01f0b72dd397627243151dcb39d907e48a31b0073be0925d187f05bf9,7b07c0c01f0b72dd397627243151dcb39d907e48a31b0073be0925d187f05bf9,1,1.0,1.0,0.0,0,0
0.25,fraction_0p25,bc,2,8,7b07c0c01f0b72dd397627243151dcb39d907e48a31b0073be0925d187f05bf9,7b07c0c01f0b72dd397627243151dcb39d907e48a31b0073be0925d187f05bf9,1,1.0,1.0,0.0,0,0
0.25,fraction_0p25,bc,3,1,7b07c0c01f0b72dd397627243151dcb39d907e48a31b0073be0925d187f05bf9,7b07c0c01f0b72dd397627243151dcb39d907e48a31b0073be0925d187f05bf9,1,1.0,1.0,0.0,0,0
0.25,fraction_0p25,bc,3,2,7b07c0c01f0b72dd397627243151dcb39d907e48a31b0073be0925d187f05bf9,7b07c0c01f0b72dd397627243151dcb39d907e48a31b0073be0925d187f05bf9,1,1.0,1.0,0.0,0,0
0.25,fraction_0p25,bc,3,4,7b07c0c01f0b72dd397627243151dcb39d907e48a31b0073be0925d187f05bf9,7b07c0c01f0b72dd397627243151dcb39d907e48a31b0073be0925d187f05bf9,1,1.0,1.0,0.0,0,0
0.25,fraction_0p25,bc,3,8,7b07c0c01f0b72dd397627243151dcb39d907e48a31b0073be0925d187f05bf9,7b07c0c01f0b72dd397627243151dcb39d907e48a31b0073be0925d187f05bf9,1,1.0,1.0,0.0,0,0
0.25,fraction_0p25,bc_live,1,1,7b07c0c01f0b72dd397627243151dcb39d907e48a31b0073be0925d187f05bf9,7b07c0c01f0b72dd397627243151dcb39d907e48a31b0073be0925d187f05bf9,1,1.0,1.0,0.0,0,0
0.25,fraction_0p25,bc_live,1,2,7b07c0c01f0b72dd397627243151dcb39d907e48a31b0073be0925d187f05bf9,7b07c0c01f0b72dd397627243151dcb39d907e48a31b0073be0925d187f05bf9,1,1.0,1.0,0.0,0,0
0.25,fraction_0p25,bc_live,1,4,7b07c0c01f0b72dd397627243151dcb39d907e48a31b0073be0925d187f05bf9,7b07c0c01f0b72dd397627243151dcb39d907e48a31b0073be0925d187f05bf9,1,1.0,1.0,0.0,0,0
0.25,fraction_0p25,bc_live,1,8,7b07c0c01f0b72dd397627243151dcb39d907e48a31b0073be0925d187f05bf9,7b07c0c01f0b72dd397627243151dcb39d907e48a31b0073be0925d187f05bf9,1,1.0,1.0,0.0,0,0
0.25,fraction_0p25,bc_live,2,1,7b07c0c01f0b72dd397627243151dcb39d907e48a31b0073be0925d187f05bf9,7b07c0c01f0b72dd397627243151dcb39d907e48a31b0073be0925d187f05bf9,1,1.0,1.0,0.0,0,0
0.25,fraction_0p25,bc_live,2,2,7b07c0c01f0b72dd397627243151dcb39d907e48a31b0073be0925d187f05bf9,7b07c0c01f0b72dd397627243151dcb39d907e48a31b0073be0925d187f05bf9,1,1.0,1.0,0.0,0,0
0.25,fraction_0p25,bc_live,2,4,7b07c0c01f0b72dd397627243151dcb39d907e48a31b0073be0925d187f05bf9,7b07c0c01f0b72dd397627243151dcb39d907e48a31b0073be0925d187f05bf9,1,1.0,1.0,0.0,0,0
0.25,fraction_0p25,bc_live,2,8,7b07c0c01f0b72dd397627243151dcb39d907e48a31b0073be0925d187f05bf9,7b07c0c01f0b72dd397627243151dcb39d907e48a31b0073be0925d187f05bf9,1,1.0,1.0,0.0,0,0
0.25,fraction_0p25,bc_live,3,1,7b07c0c01f0b72dd397627243151dcb39d907e48a31b0073be0925d187f05bf9,7b07c0c01f0b72dd397627243151dcb39d907e48a31b0073be0925d187f05bf9,1,1.0,1.0,0.0,0,0
0.25,fraction_0p25,bc_live,3,2,7b07c0c01f0b72dd397627243151dcb39d907e48a31b0073be0925d187f05bf9,7b07c0c01f0b72dd397627243151dcb39d907e48a31b0073be0925d187f05bf9,1,1.0,1.0,0.0,0,0
0.25,fraction_0p25,bc_live,3,4,7b07c0c01f0b72dd397627243151dcb39d907e48a31b0073be0925d187f05bf9,7b07c0c01f0b72dd397627243151dcb39d907e48a31b0073be0925d187f05bf9,1,1.0,1.0,0.0,0,0
0.25,fraction_0p25,bc_live,3,8,7b07c0c01f0b72dd397627243151dcb39d907e48a31b0073be0925d187f05bf9,7b07c0c01f0b72dd397627243151dcb39d907e48a31b0073be0925d187f05bf9,1,1.0,1.0,0.0,0,0
0.25,fraction_0p25,random,1,1,e75d7807a1c3ce68ea6f2612c6b43ecc371ac98073c46e5d9bd277533990c764,e75d7807a1c3ce68ea6f2612c6b43ecc371ac98073c46e5d9bd277533990c764,1,0.5107507930912936,0.5107507930912936,0.0,0,0
0.25,fraction_0p25,random,1,2,e75d7807a1c3ce68ea6f2612c6b43ecc371ac98073c46e5d9bd277533990c764,e75d7807a1c3ce68ea6f2612c6b43ecc371ac98073c46e5d9bd277533990c764,1,0.5107507930912936,0.5107507930912936,0.0,0,0
0.25,fraction_0p25,random,1,4,e75d7807a1c3ce68ea6f2612c6b43ecc371ac98073c46e5d9bd277533990c764,e75d7807a1c3ce68ea6f2612c6b43ecc371ac98073c46e5d9bd277533990c764,1,0.5107507930912936,0.5107507930912936,0.0,0,0
0.25,fraction_0p25,random,1,8,e75d7807a1c3ce68ea6f2612c6b43ecc371ac98073c46e5d9bd277533990c764,e75d7807a1c3ce68ea6f2612c6b43ecc371ac98073c46e5d9bd277533990c764,1,0.5107507930912936,0.5107507930912936,0.0,0,0
0.25,fraction_0p25,random,2,1,bef26b728889237a79986c4e4ba36fbf24898ddcd55f9b665efb51607678751f,bef26b728889237a79986c4e4ba36fbf24898ddcd55f9b665efb51607678751f,1,0.4920690870637998,0.4920690870637998,0.0,0,0
0.25,fraction_0p25,random,2,2,bef26b728889237a79986c4e4ba36fbf24898ddcd55f9b665efb51607678751f,bef26b728889237a79986c4e4ba36fbf24898ddcd55f9b665efb51607678751f,1,0.4920690870637998,0.4920690870637998,0.0,0,0
0.25,fraction_0p25,random,2,4,bef26b728889237a79986c4e4ba36fbf24898ddcd55f9b665efb51607678751f,bef26b728889237a79986c4e4ba36fbf24898ddcd55f9b665efb51607678751f,1,0.4920690870637998,0.4920690870637998,0.0,0,0
0.25,fraction_0p25,random,2,8,bef26b728889237a79986c4e4ba36fbf24898ddcd55f9b665efb51607678751f,bef26b728889237a79986c4e4ba36fbf24898ddcd55f9b665efb51607678751f,1,0.4920690870637998,0.4920690870637998,0.0,0,0
0.25,fraction_0p25,random,3,1,0d9defc5312db542813e08c34ce68ab55a4a527a28793e5417106bb78954c158,0d9defc5312db542813e08c34ce68ab55a4a527a28793e5417106bb78954c158,1,0.47937962636587944,0.47937962636587944,0.0,0,0
0.25,fraction_0p25,random,3,2,0d9defc5312db542813e08c34ce68ab55a4a527a28793e5417106bb78954c158,0d9defc5312db542813e08c34ce68ab55a4a527a28793e5417106bb78954c158,1,0.47937962636587944,0.47937962636587944,0.0,0,0
0.25,fraction_0p25,random,3,4,0d9defc5312db542813e08c34ce68ab55a4a527a28793e5417106bb78954c158,0d9defc5312db542813e08c34ce68ab55a4a527a28793e5417106bb78954c158,1,0.47937962636587944,0.47937962636587944,0.0,0,0
0.25,fraction_0p25,random,3,8,0d9defc5312db542813e08c34ce68ab55a4a527a28793e5417106bb78954c158,0d9defc5312db542813e08c34ce68ab55a4a527a28793e5417106bb78954c158,1,0.47937962636587944,0.47937962636587944,0.0,0,0
0.25,fraction_0p25,always,1,1,7b07c0c01f0b72dd397627243151dcb39d907e48a31b0073be0925d187f05bf9,7b07c0c01f0b72dd397627243151dcb39d907e48a31b0073be0925d187f05bf9,1,1.0,1.0,0.0,0,0
0.25,fraction_0p25,always,1,2,7b07c0c01f0b72dd397627243151dcb39d907e48a31b0073be0925d187f05bf9,7b07c0c01f0b72dd397627243151dcb39d907e48a31b0073be0925d187f05bf9,1,1.0,1.0,0.0,0,0
0.25,fraction_0p25,always,1,4,7b07c0c01f0b72dd397627243151dcb39d907e48a31b0073be0925d187f05bf9,7b07c0c01f0b72dd397627243151dcb39d907e48a31b0073be0925d187f05bf9,1,1.0,1.0,0.0,0,0
0.25,fraction_0p25,always,1,8,7b07c0c01f0b72dd397627243151dcb39d907e48a31b0073be0925d187f05bf9,7b07c0c01f0b72dd397627243151dcb39d907e48a31b0073be0925d187f05bf9,1,1.0,1.0,0.0,0,0
0.25,fraction_0p25,always,2,1,7b07c0c01f0b72dd397627243151dcb39d907e48a31b0073be0925d187f05bf9,7b07c0c01f0b72dd397627243151dcb39d907e48a31b0073be0925d187f05bf9,1,1.0,1.0,0.0,0,0
0.25,fraction_0p25,always,2,2,7b07c0c01f0b72dd397627243151dcb39d907e48a31b0073be0925d187f05bf9,7b07c0c01f0b72dd397627243151dcb39d907e48a31b0073be0925d187f05bf9,1,1.0,1.0,0.0,0,0
0.25,fraction_0p25,always,2,4,7b07c0c01f0b72dd397627243151dcb39d907e48a31b0073be0925d187f05bf9,7b07c0c01f0b72dd397627243151dcb39d907e48a31b0073be0925d187f05bf9,1,1.0,1.0,0.0,0,0
0.25,fraction_0p25,always,2,8,7b07c0c01f0b72dd397627243151dcb39d907e48a31b0073be0925d187f05bf9,7b07c0c01f0b72dd397627243151dcb39d907e48a31b0073be0925d187f05bf9,1,1.0,1.0,0.0,0,0
0.25,fraction_0p25,always,3,1,7b07c0c01f0b72dd397627243151dcb39d907e48a31b0073be0925d187f05bf9,7b07c0c01f0b72dd397627243151dcb39d907e48a31b0073be0925d187f05bf9,1,1.0,1.0,0.0,0,0
0.25,fraction_0p25,always,3,2,7b07c0c01f0b72dd397627243151dcb39d907e48a31b0073be0925d187f05bf9,7b07c0c01f0b72dd397627243151dcb39d907e48a31b0073be0925d187f05bf9,1,1.0,1.0,0.0,0,0
0.25,fraction_0p25,always,3,4,7b07c0c01f0b72dd397627243151dcb39d907e48a31b0073be0925d187f05bf9,7b07c0c01f0b72dd397627243151dcb39d907e48a31b0073be0925d187f05bf9,1,1.0,1.0,0.0,0,0
0.25,fraction_0p25,always,3,8,7b07c0c01f0b72dd397627243151dcb39d907e48a31b0073be0925d187f05bf9,7b07c0c01f0b72dd397627243151dcb39d907e48a31b0073be0925d187f05bf9,1,1.0,1.0,0.0,0,0
0.25,fraction_0p25,never,1,1,03b4016dec65d7298da2145469f4e9b953c9dec5a1f78acf4f791bcab1096bb4,03b4016dec65d7298da2145469f4e9b953c9dec5a1f78acf4f791bcab1096bb4,1,0.0,0.0,0.0,0,0
0.25,fraction_0p25,never,1,2,03b4016dec65d7298da2145469f4e9b953c9dec5a1f78acf4f791bcab1096bb4,03b4016dec65d7298da2145469f4e9b953c9dec5a1f78acf4f791bcab1096bb4,1,0.0,0.0,0.0,0,0
0.25,fraction_0p25,never,1,4,03b4016dec65d7298da2145469f4e9b953c9dec5a1f78acf4f791bcab1096bb4,03b4016dec65d7298da2145469f4e9b953c9dec5a1f78acf4f791bcab1096bb4,1,0.0,0.0,0.0,0,0
0.25,fraction_0p25,never,1,8,03b4016dec65d7298da2145469f4e9b953c9dec5a1f78acf4f791bcab1096bb4,03b4016dec65d7298da2145469f4e9b953c9dec5a1f78acf4f791bcab1096bb4,1,0.0,0.0,0.0,0,0
0.25,fraction_0p25,never,2,1,03b4016dec65d7298da2145469f4e9b953c9dec5a1f78acf4f791bcab1096bb4,03b4016dec65d7298da2145469f4e9b953c9dec5a1f78acf4f791bcab1096bb4,1,0.0,0.0,0.0,0,0
0.25,fraction_0p25,never,2,2,03b4016dec65d7298da2145469f4e9b953c9dec5a1f78acf4f791bcab1096bb4,03b4016dec65d7298da2145469f4e9b953c9dec5a1f78acf4f791bcab1096bb4,1,0.0,0.0,0.0,0,0
0.25,fraction_0p25,never,2,4,03b4016dec65d7298da2145469f4e9b953c9dec5a1f78acf4f791bcab1096bb4,03b4016dec65d7298da2145469f4e9b953c9dec5a1f78acf4f791bcab1096bb4,1,0.0,0.0,0.0,0,0
0.25,fraction_0p25,never,2,8,03b4016dec65d7298da2145469f4e9b953c9dec5a1f78acf4f791bcab1096bb4,03b4016dec65d7298da2145469f4e9b953c9dec5a1f78acf4f791bcab1096bb4,1,0.0,0.0,0.0,0,0
0.25,fraction_0p25,never,3,1,03b4016dec65d7298da2145469f4e9b953c9dec5a1f78acf4f791bcab1096bb4,03b4016dec65d7298da2145469f4e9b953c9dec5a1f78acf4f791bcab1096bb4,1,0.0,0.0,0.0,0,0
0.25,fraction_0p25,never,3,2,03b4016dec65d7298da2145469f4e9b953c9dec5a1f78acf4f791bcab1096bb4,03b4016dec65d7298da2145469f4e9b953c9dec5a1f78acf4f791bcab1096bb4,1,0.0,0.0,0.0,0,0
0.25,fraction_0p25,never,3,4,03b4016dec65d7298da2145469f4e9b953c9dec5a1f78acf4f791bcab1096bb4,03b4016dec65d7298da2145469f4e9b953c9dec5a1f78acf4f791bcab1096bb4,1,0.0,0.0,0.0,0,0
0.25,fraction_0p25,never,3,8,03b4016dec65d7298da2145469f4e9b953c9dec5a1f78acf4f791bcab1096bb4,03b4016dec65d7298da2145469f4e9b953c9dec5a1f78acf4f791bcab1096bb4,1,0.0,0.0,0.0,0,0
0.5,fraction_0p5,proxy,1,1,5aeeadc92fcdd679ffd2f058d347aa605af2aa914f3477ce7234428d23f20754,5aeeadc92fcdd679ffd2f058d347aa605af2aa914f3477ce7234428d23f20754,1,0.0,0.0,0.0,0,0
0.5,fraction_0p5,proxy,1,2,5aeeadc92fcdd679ffd2f058d347aa605af2aa914f3477ce7234428d23f20754,5aeeadc92fcdd679ffd2f058d347aa605af2aa914f3477ce7234428d23f20754,1,0.0,0.0,0.0,0,0
0.5,fraction_0p5,proxy,1,4,5aeeadc92fcdd679ffd2f058d347aa605af2aa914f3477ce7234428d23f20754,5aeeadc92fcdd679ffd2f058d347aa605af2aa914f3477ce7234428d23f20754,1,0.0,0.0,0.0,0,0
0.5,fraction_0p5,proxy,1,8,5aeeadc92fcdd679ffd2f058d347aa605af2aa914f3477ce7234428d23f20754,5aeeadc92fcdd679ffd2f058d347aa605af2aa914f3477ce7234428d23f20754,1,0.0,0.0,0.0,0,0
0.5,fraction_0p5,proxy,2,1,5aeeadc92fcdd679ffd2f058d347aa605af2aa914f3477ce7234428d23f20754,5aeeadc92fcdd679ffd2f058d347aa605af2aa914f3477ce7234428d23f20754,1,0.0,0.0,0.0,0,0
0.5,fraction_0p5,proxy,2,2,5aeeadc92fcdd679ffd2f058d347aa605af2aa914f3477ce7234428d23f20754,5aeeadc92fcdd679ffd2f058d347aa605af2aa914f3477ce7234428d23f20754,1,0.0,0.0,0.0,0,0
0.5,fraction_0p5,proxy,2,4,5aeeadc92fcdd679ffd2f058d347aa605af2aa914f3477ce7234428d23f20754,5aeeadc92fcdd679ffd2f058d347aa605af2aa914f3477ce7234428d23f20754,1,0.0,0.0,0.0,0,0
0.5,fraction_0p5,proxy,2,8,5aeeadc92fcdd679ffd2f058d347aa605af2aa914f3477ce7234428d23f20754,5aeeadc92fcdd679ffd2f058d347aa605af2aa914f3477ce7234428d23f20754,1,0.0,0.0,0.0,0,0
0.5,fraction_0p5,proxy,3,1,5aeeadc92fcdd679ffd2f058d347aa605af2aa914f3477ce7234428d23f20754,5aeeadc92fcdd679ffd2f058d347aa605af2aa914f3477ce7234428d23f20754,1,0.0,0.0,0.0,0,0
0.5,fraction_0p5,proxy,3,2,5aeeadc92fcdd679ffd2f058d347aa605af2aa914f3477ce7234428d23f20754,5aeeadc92fcdd679ffd2f058d347aa605af2aa914f3477ce7234428d23f20754,1,0.0,0.0,0.0,0,0
0.5,fraction_0p5,proxy,3,4,5aeeadc92fcdd679ffd2f058d347aa605af2aa914f3477ce7234428d23f20754,5aeeadc92fcdd679ffd2f058d347aa605af2aa914f3477ce7234428d23f20754,1,0.0,0.0,0.0,0,0
0.5,fraction_0p5,proxy,3,8,5aeeadc92fcdd679ffd2f058d347aa605af2aa914f3477ce7234428d23f20754,5aeeadc92fcdd679ffd2f058d347aa605af2aa914f3477ce7234428d23f20754,1,0.0,0.0,0.0,0,0
0.5,fraction_0p5,bc,1,1,0e5775445f525e491057d7a8f5ea715419a48a9fc23d5e0a528c4acae88567db,0e5775445f525e491057d7a8f5ea715419a48a9fc23d5e0a528c4acae88567db,1,1.0,1.0,0.0,0,0
0.5,fraction_0p5,bc,1,2,0e5775445f525e491057d7a8f5ea715419a48a9fc23d5e0a528c4acae88567db,0e5775445f525e491057d7a8f5ea715419a48a9fc23d5e0a528c4acae88567db,1,1.0,1.0,0.0,0,0
0.5,fraction_0p5,bc,1,4,0e5775445f525e491057d7a8f5ea715419a48a9fc23d5e0a528c4acae88567db,0e5775445f525e491057d7a8f5ea715419a48a9fc23d5e0a528c4acae88567db,1,1.0,1.0,0.0,0,0
0.5,fraction_0p5,bc,1,8,0e5775445f525e491057d7a8f5ea715419a48a9fc23d5e0a528c4acae88567db,0e5775445f525e491057d7a8f5ea715419a48a9fc23d5e0a528c4acae88567db,1,1.0,1.0,0.0,0,0
0.5,fraction_0p5,bc,2,1,0e5775445f525e491057d7a8f5ea715419a48a9fc23d5e0a528c4acae88567db,0e5775445f525e491057d7a8f5ea715419a48a9fc23d5e0a528c4acae88567db,1,1.0,1.0,0.0,0,0
0.5,fraction_0p5,bc,2,2,0e5775445f525e491057d7a8f5ea715419a48a9fc23d5e0a528c4acae88567db,0e5775445f525e491057d7a8f5ea715419a48a9fc23d5e0a528c4acae88567db,1,1.0,1.0,0.0,0,0
0.5,fraction_0p5,bc,2,4,0e5775445f525e491057d7a8f5ea715419a48a9fc23d5e0a528c4acae88567db,0e5775445f525e491057d7a8f5ea715419a48a9fc23d5e0a528c4acae88567db,1,1.0,1.0,0.0,0,0
0.5,fraction_0p5,bc,2,8,0e5775445f525e491057d7a8f5ea715419a48a9fc23d5e0a528c4acae88567db,0e5775445f525e491057d7a8f5ea715419a48a9fc23d5e0a528c4acae88567db,1,1.0,1.0,0.0,0,0
0.5,fraction_0p5,bc,3,1,0e5775445f525e491057d7a8f5ea715419a48a9fc23d5e0a528c4acae88567db,0e5775445f525e491057d7a8f5ea715419a48a9fc23d5e0a528c4acae88567db,1,1.0,1.0,0.0,0,0
0.5,fraction_0p5,bc,3,2,0e5775445f525e491057d7a8f5ea715419a48a9fc23d5e0a528c4acae88567db,0e5775445f525e491057d7a8f5ea715419a48a9fc23d5e0a528c4acae88567db,1,1.0,1.0,0.0,0,0
0.5,fraction_0p5,bc,3,4,0e5775445f525e491057d7a8f5ea715419a48a9fc23d5e0a528c4acae88567db,0e5775445f525e491057d7a8f5ea715419a48a9fc23d5e0a528c4acae88567db,1,1.0,1.0,0.0,0,0
0.5,fraction_0p5,bc,3,8,0e5775445f525e491057d7a8f5ea715419a48a9fc23d5e0a528c4acae88567db,0e5775445f525e491057d7a8f5ea715419a48a9fc23d5e0a528c4acae88567db,1,1.0,1.0,0.0,0,0
0.5,fraction_0p5,bc_live,1,1,0e5775445f525e491057d7a8f5ea715419a48a9fc23d5e0a528c4acae88567db,0e5775445f525e491057d7a8f5ea715419a48a9fc23d5e0a528c4acae88567db,1,1.0,1.0,0.0,0,0
0.5,fraction_0p5,bc_live,1,2,0e5775445f525e491057d7a8f5ea715419a48a9fc23d5e0a528c4acae88567db,0e5775445f525e491057d7a8f5ea715419a48a9fc23d5e0a528c4acae88567db,1,1.0,1.0,0.0,0,0
0.5,fraction_0p5,bc_live,1,4,0e5775445f525e491057d7a8f5ea715419a48a9fc23d5e0a528c4acae88567db,0e5775445f525e491057d7a8f5ea715419a48a9fc23d5e0a528c4acae88567db,1,1.0,1.0,0.0,0,0
0.5,fraction_0p5,bc_live,1,8,0e5775445f525e491057d7a8f5ea715419a48a9fc23d5e0a528c4acae88567db,0e5775445f525e491057d7a8f5ea715419a48a9fc23d5e0a528c4acae88567db,1,1.0,1.0,0.0,0,0
0.5,fraction_0p5,bc_live,2,1,0e5775445f525e491057d7a8f5ea715419a48a9fc23d5e0a528c4acae88567db,0e5775445f525e491057d7a8f5ea715419a48a9fc23d5e0a528c4acae88567db,1,1.0,1.0,0.0,0,0
0.5,fraction_0p5,bc_live,2,2,0e5775445f525e491057d7a8f5ea715419a48a9fc23d5e0a528c4acae88567db,0e5775445f525e491057d7a8f5ea715419a48a9fc23d5e0a528c4acae88567db,1,1.0,1.0,0.0,0,0
0.5,fraction_0p5,bc_live,2,4,0e5775445f525e491057d7a8f5ea715419a48a9fc23d5e0a528c4acae88567db,0e5775445f525e491057d7a8f5ea715419a48a9fc23d5e0a528c4acae88567db,1,1.0,1.0,0.0,0,0
0.5,fraction_0p5,bc_live,2,8,0e5775445f525e491057d7a8f5ea715419a48a9fc23d5e0a528c4acae88567db,0e5775445f525e491057d7a8f5ea715419a48a9fc23d5e0a528c4acae88567db,1,1.0,1.0,0.0,0,0
0.5,fraction_0p5,bc_live,3,1,0e5775445f525e491057d7a8f5ea715419a48a9fc23d5e0a528c4acae88567db,0e5775445f525e491057d7a8f5ea715419a48a9fc23d5e0a528c4acae88567db,1,1.0,1.0,0.0,0,0
0.5,fraction_0p5,bc_live,3,2,0e5775445f525e491057d7a8f5ea715419a48a9fc23d5e0a528c4acae88567db,0e5775445f525e491057d7a8f5ea715419a48a9fc23d5e0a528c4acae88567db,1,1.0,1.0,0.0,0,0
0.5,fraction_0p5,bc_live,3,4,0e5775445f525e491057d7a8f5ea715419a48a9fc23d5e0a528c4acae88567db,0e5775445f525e491057d7a8f5ea715419a48a9fc23d5e0a528c4acae88567db,1,1.0,1.0,0.0,0,0
0.5,fraction_0p5,bc_live,3,8,0e5775445f525e491057d7a8f5ea715419a48a9fc23d5e0a528c4acae88567db,0e5775445f525e491057d7a8f5ea715419a48a9fc23d5e0a528c4acae88567db,1,1.0,1.0,0.0,0,0
0.5,fraction_0p5,random,1,1,014965f2b8113e97ed698a55ee5c3cc70aa5be3d5cbc8fd016121c36f64ca32c,014965f2b8113e97ed698a55ee5c3cc70aa5be3d5cbc8fd016121c36f64ca32c,1,0.5073127753303964,0.5073127753303964,0.0,0,0
0.5,fraction_0p5,random,1,2,014965f2b8113e97ed698a55ee5c3cc70aa5be3d5cbc8fd016121c36f64ca32c,014965f2b8113e97ed698a55ee5c3cc70aa5be3d5cbc8fd016121c36f64ca32c,1,0.5073127753303964,0.5073127753303964,0.0,0,0
0.5,fraction_0p5,random,1,4,014965f2b8113e97ed698a55ee5c3cc70aa5be3d5cbc8fd016121c36f64ca32c,014965f2b8113e97ed698a55ee5c3cc70aa5be3d5cbc8fd016121c36f64ca32c,1,0.5073127753303964,0.5073127753303964,0.0,0,0
0.5,fraction_0p5,random,1,8,014965f2b8113e97ed698a55ee5c3cc70aa5be3d5cbc8fd016121c36f64ca32c,014965f2b8113e97ed698a55ee5c3cc70aa5be3d5cbc8fd016121c36f64ca32c,1,0.5073127753303964,0.5073127753303964,0.0,0,0
0.5,fraction_0p5,random,2,1,f66597cb92ec691b78451270d157ee2f47f37c9f32a36f1fd67ae6328f613767,f66597cb92ec691b78451270d157ee2f47f37c9f32a36f1fd67ae6328f613767,1,0.4977973568281938,0.4977973568281938,0.0,0,0
0.5,fraction_0p5,random,2,2,f66597cb92ec691b78451270d157ee2f47f37c9f32a36f1fd67ae6328f613767,f66597cb92ec691b78451270d157ee2f47f37c9f32a36f1fd67ae6328f613767,1,0.4977973568281938,0.4977973568281938,0.0,0,0
0.5,fraction_0p5,random,2,4,f66597cb92ec691b78451270d157ee2f47f37c9f32a36f1fd67ae6328f613767,f66597cb92ec691b78451270d157ee2f47f37c9f32a36f1fd67ae6328f613767,1,0.4977973568281938,0.4977973568281938,0.0,0,0
0.5,fraction_0p5,random,2,8,f66597cb92ec691b78451270d157ee2f47f37c9f32a36f1fd67ae6328f613767,f66597cb92ec691b78451270d157ee2f47f37c9f32a36f1fd67ae6328f613767,1,0.4977973568281938,0.4977973568281938,0.0,0,0
0.5,fraction_0p5,random,3,1,e0f454e0de4e8a5ce10d755b8917a17bd172d264351b5ac5c8f86fe840cd758a,e0f454e0de4e8a5ce10d755b8917a17bd172d264351b5ac5c8f86fe840cd758a,1,0.49162995594713654,0.49162995594713654,0.0,0,0
0.5,fraction_0p5,random,3,2,e0f454e0de4e8a5ce10d755b8917a17bd172d264351b5ac5c8f86fe840cd758a,e0f454e0de4e8a5ce10d755b8917a17bd172d264351b5ac5c8f86fe840cd758a,1,0.49162995594713654,0.49162995594713654,0.0,0,0
0.5,fraction_0p5,random,3,4,e0f454e0de4e8a5ce10d755b8917a17bd172d264351b5ac5c8f86fe840cd758a,e0f454e0de4e8a5ce10d755b8917a17bd172d264351b5ac5c8f86fe840cd758a,1,0.49162995594713654,0.49162995594713654,0.0,0,0
0.5,fraction_0p5,random,3,8,e0f454e0de4e8a5ce10d755b8917a17bd172d264351b5ac5c8f86fe840cd758a,e0f454e0de4e8a5ce10d755b8917a17bd172d264351b5ac5c8f86fe840cd758a,1,0.49162995594713654,0.49162995594713654,0.0,0,0
0.5,fraction_0p5,always,1,1,0e5775445f525e491057d7a8f5ea715419a48a9fc23d5e0a528c4acae88567db,0e5775445f525e491057d7a8f5ea715419a48a9fc23d5e0a528c4acae88567db,1,1.0,1.0,0.0,0,0
0.5,fraction_0p5,always,1,2,0e5775445f525e491057d7a8f5ea715419a48a9fc23d5e0a528c4acae88567db,0e5775445f525e491057d7a8f5ea715419a48a9fc23d5e0a528c4acae88567db,1,1.0,1.0,0.0,0,0
0.5,fraction_0p5,always,1,4,0e5775445f525e491057d7a8f5ea715419a48a9fc23d5e0a528c4acae88567db,0e5775445f525e491057d7a8f5ea715419a48a9fc23d5e0a528c4acae88567db,1,1.0,1.0,0.0,0,0
0.5,fraction_0p5,always,1,8,0e5775445f525e491057d7a8f5ea715419a48a9fc23d5e0a528c4acae88567db,0e5775445f525e491057d7a8f5ea715419a48a9fc23d5e0a528c4acae88567db,1,1.0,1.0,0.0,0,0
0.5,fraction_0p5,always,2,1,0e5775445f525e491057d7a8f5ea715419a48a9fc23d5e0a528c4acae88567db,0e5775445f525e491057d7a8f5ea715419a48a9fc23d5e0a528c4acae88567db,1,1.0,1.0,0.0,0,0
0.5,fraction_0p5,always,2,2,0e5775445f525e491057d7a8f5ea715419a48a9fc23d5e0a528c4acae88567db,0e5775445f525e491057d7a8f5ea715419a48a9fc23d5e0a528c4acae88567db,1,1.0,1.0,0.0,0,0
0.5,fraction_0p5,always,2,4,0e5775445f525e491057d7a8f5ea715419a48a9fc23d5e0a528c4acae88567db,0e5775445f525e491057d7a8f5ea715419a48a9fc23d5e0a528c4acae88567db,1,1.0,1.0,0.0,0,0
0.5,fraction_0p5,always,2,8,0e5775445f525e491057d7a8f5ea715419a48a9fc23d5e0a528c4acae88567db,0e5775445f525e491057d7a8f5ea715419a48a9fc23d5e0a528c4acae88567db,1,1.0,1.0,0.0,0,0
0.5,fraction_0p5,always,3,1,0e5775445f525e491057d7a8f5ea715419a48a9fc23d5e0a528c4acae88567db,0e5775445f525e491057d7a8f5ea715419a48a9fc23d5e0a528c4acae88567db,1,1.0,1.0,0.0,0,0
0.5,fraction_0p5,always,3,2,0e5775445f525e491057d7a8f5ea715419a48a9fc23d5e0a528c4acae88567db,0e5775445f525e491057d7a8f5ea715419a48a9fc23d5e0a528c4acae88567db,1,1.0,1.0,0.0,0,0
0.5,fraction_0p5,always,3,4,0e5775445f525e491057d7a8f5ea715419a48a9fc23d5e0a528c4acae88567db,0e5775445f525e491057d7a8f5ea715419a48a9fc23d5e0a528c4acae88567db,1,1.0,1.0,0.0,0,0
0.5,fraction_0p5,always,3,8,0e5775445f525e491057d7a8f5ea715419a48a9fc23d5e0a528c4acae88567db,0e5775445f525e491057d7a8f5ea715419a48a9fc23d5e0a528c4acae88567db,1,1.0,1.0,0.0,0,0
0.5,fraction_0p5,never,1,1,5aeeadc92fcdd679ffd2f058d347aa605af2aa914f3477ce7234428d23f20754,5aeeadc92fcdd679ffd2f058d347aa605af2aa914f3477ce7234428d23f20754,1,0.0,0.0,0.0,0,0
0.5,fraction_0p5,never,1,2,5aeeadc92fcdd679ffd2f058d347aa605af2aa914f3477ce7234428d23f20754,5aeeadc92fcdd679ffd2f058d347aa605af2aa914f3477ce7234428d23f20754,1,0.0,0.0,0.0,0,0
0.5,fraction_0p5,never,1,4,5aeeadc92fcdd679ffd2f058d347aa605af2aa914f3477ce7234428d23f20754,5aeeadc92fcdd679ffd2f058d347aa605af2aa914f3477ce7234428d23f20754,1,0.0,0.0,0.0,0,0
0.5,fraction_0p5,never,1,8,5aeeadc92fcdd679ffd2f058d347aa605af2aa914f3477ce7234428d23f20754,5aeeadc92fcdd679ffd2f058d347aa605af2aa914f3477ce7234428d23f20754,1,0.0,0.0,0.0,0,0
0.5,fraction_0p5,never,2,1,5aeeadc92fcdd679ffd2f058d347aa605af2aa914f3477ce7234428d23f20754,5aeeadc92fcdd679ffd2f058d347aa605af2aa914f3477ce7234428d23f20754,1,0.0,0.0,0.0,0,0
0.5,fraction_0p5,never,2,2,5aeeadc92fcdd679ffd2f058d347aa605af2aa914f3477ce7234428d23f20754,5aeeadc92fcdd679ffd2f058d347aa605af2aa914f3477ce7234428d23f20754,1,0.0,0.0,0.0,0,0
0.5,fraction_0p5,never,2,4,5aeeadc92fcdd679ffd2f058d347aa605af2aa914f3477ce7234428d23f20754,5aeeadc92fcdd679ffd2f058d347aa605af2aa914f3477ce7234428d23f20754,1,0.0,0.0,0.0,0,0
0.5,fraction_0p5,never,2,8,5aeeadc92fcdd679ffd2f058d347aa605af2aa914f3477ce7234428d23f20754,5aeeadc92fcdd679ffd2f058d347aa605af2aa914f3477ce7234428d23f20754,1,0.0,0.0,0.0,0,0
0.5,fraction_0p5,never,3,1,5aeeadc92fcdd679ffd2f058d347aa605af2aa914f3477ce7234428d23f20754,5aeeadc92fcdd679ffd2f058d347aa605af2aa914f3477ce7234428d23f20754,1,0.0,0.0,0.0,0,0
0.5,fraction_0p5,never,3,2,5aeeadc92fcdd679ffd2f058d347aa605af2aa914f3477ce7234428d23f20754,5aeeadc92fcdd679ffd2f058d347aa605af2aa914f3477ce7234428d23f20754,1,0.0,0.0,0.0,0,0
0.5,fraction_0p5,never,3,4,5aeeadc92fcdd679ffd2f058d347aa605af2aa914f3477ce7234428d23f20754,5aeeadc92fcdd679ffd2f058d347aa605af2aa914f3477ce7234428d23f20754,1,0.0,0.0,0.0,0,0
0.5,fraction_0p5,never,3,8,5aeeadc92fcdd679ffd2f058d347aa605af2aa914f3477ce7234428d23f20754,5aeeadc92fcdd679ffd2f058d347aa605af2aa914f3477ce7234428d23f20754,1,0.0,0.0,0.0,0,0
0.75,fraction_0p75,proxy,1,1,4e3b0db1e85c152049e668f0e04d6100b7853a4cab4c883788c26325b8ffafcc,4e3b0db1e85c152049e668f0e04d6100b7853a4cab4c883788c26325b8ffafcc,1,0.0,0.0,0.0,0,0
0.75,fraction_0p75,proxy,1,2,4e3b0db1e85c152049e668f0e04d6100b7853a4cab4c883788c26325b8ffafcc,4e3b0db1e85c152049e668f0e04d6100b7853a4cab4c883788c26325b8ffafcc,1,0.0,0.0,0.0,0,0
0.75,fraction_0p75,proxy,1,4,4e3b0db1e85c152049e668f0e04d6100b7853a4cab4c883788c26325b8ffafcc,4e3b0db1e85c152049e668f0e04d6100b7853a4cab4c883788c26325b8ffafcc,1,0.0,0.0,0.0,0,0
0.75,fraction_0p75,proxy,1,8,4e3b0db1e85c152049e668f0e04d6100b7853a4cab4c883788c26325b8ffafcc,4e3b0db1e85c152049e668f0e04d6100b7853a4cab4c883788c26325b8ffafcc,1,0.0,0.0,0.0,0,0
0.75,fraction_0p75,proxy,2,1,4e3b0db1e85c152049e668f0e04d6100b7853a4cab4c883788c26325b8ffafcc,4e3b0db1e85c152049e668f0e04d6100b7853a4cab4c883788c26325b8ffafcc,1,0.0,0.0,0.0,0,0
0.75,fraction_0p75,proxy,2,2,4e3b0db1e85c152049e668f0e04d6100b7853a4cab4c883788c26325b8ffafcc,4e3b0db1e85c152049e668f0e04d6100b7853a4cab4c883788c26325b8ffafcc,1,0.0,0.0,0.0,0,0
0.75,fraction_0p75,proxy,2,4,4e3b0db1e85c152049e668f0e04d6100b7853a4cab4c883788c26325b8ffafcc,4e3b0db1e85c152049e668f0e04d6100b7853a4cab4c883788c26325b8ffafcc,1,0.0,0.0,0.0,0,0
0.75,fraction_0p75,proxy,2,8,4e3b0db1e85c152049e668f0e04d6100b7853a4cab4c883788c26325b8ffafcc,4e3b0db1e85c152049e668f0e04d6100b7853a4cab4c883788c26325b8ffafcc,1,0.0,0.0,0.0,0,0
0.75,fraction_0p75,proxy,3,1,4e3b0db1e85c152049e668f0e04d6100b7853a4cab4c883788c26325b8ffafcc,4e3b0db1e85c152049e668f0e04d6100b7853a4cab4c883788c26325b8ffafcc,1,0.0,0.0,0.0,0,0
0.75,fraction_0p75,proxy,3,2,4e3b0db1e85c152049e668f0e04d6100b7853a4cab4c883788c26325b8ffafcc,4e3b0db1e85c152049e668f0e04d6100b7853a4cab4c883788c26325b8ffafcc,1,0.0,0.0,0.0,0,0
0.75,fraction_0p75,proxy,3,4,4e3b0db1e85c152049e668f0e04d6100b7853a4cab4c883788c26325b8ffafcc,4e3b0db1e85c152049e668f0e04d6100b7853a4cab4c883788c26325b8ffafcc,1,0.0,0.0,0.0,0,0
0.75,fraction_0p75,proxy,3,8,4e3b0db1e85c152049e668f0e04d6100b7853a4cab4c883788c26325b8ffafcc,4e3b0db1e85c152049e668f0e04d6100b7853a4cab4c883788c26325b8ffafcc,1,0.0,0.0,0.0,0,0
0.75,fraction_0p75,bc,1,1,58654ea0c4aa9d5d22efeb8c98cb43a1dfeabe88e1f7463a940536cd620148b8,58654ea0c4aa9d5d22efeb8c98cb43a1dfeabe88e1f7463a940536cd620148b8,1,1.0,1.0,0.0,0,0
0.75,fraction_0p75,bc,1,2,58654ea0c4aa9d5d22efeb8c98cb43a1dfeabe88e1f7463a940536cd620148b8,58654ea0c4aa9d5d22efeb8c98cb43a1dfeabe88e1f7463a940536cd620148b8,1,1.0,1.0,0.0,0,0
0.75,fraction_0p75,bc,1,4,58654ea0c4aa9d5d22efeb8c98cb43a1dfeabe88e1f7463a940536cd620148b8,58654ea0c4aa9d5d22efeb8c98cb43a1dfeabe88e1f7463a940536cd620148b8,1,1.0,1.0,0.0,0,0
0.75,fraction_0p75,bc,1,8,58654ea0c4aa9d5d22efeb8c98cb43a1dfeabe88e1f7463a940536cd620148b8,58654ea0c4aa9d5d22efeb8c98cb43a1dfeabe88e1f7463a940536cd620148b8,1,1.0,1.0,0.0,0,0
0.75,fraction_0p75,bc,2,1,58654ea0c4aa9d5d22efeb8c98cb43a1dfeabe88e1f7463a940536cd620148b8,58654ea0c4aa9d5d22efeb8c98cb43a1dfeabe88e1f7463a940536cd620148b8,1,1.0,1.0,0.0,0,0
0.75,fraction_0p75,bc,2,2,58654ea0c4aa9d5d22efeb8c98cb43a1dfeabe88e1f7463a940536cd620148b8,58654ea0c4aa9d5d22efeb8c98cb43a1dfeabe88e1f7463a940536cd620148b8,1,1.0,1.0,0.0,0,0
0.75,fraction_0p75,bc,2,4,58654ea0c4aa9d5d22efeb8c98cb43a1dfeabe88e1f7463a940536cd620148b8,58654ea0c4aa9d5d22efeb8c98cb43a1dfeabe88e1f7463a940536cd620148b8,1,1.0,1.0,0.0,0,0
0.75,fraction_0p75,bc,2,8,58654ea0c4aa9d5d22efeb8c98cb43a1dfeabe88e1f7463a940536cd620148b8,58654ea0c4aa9d5d22efeb8c98cb43a1dfeabe88e1f7463a940536cd620148b8,1,1.0,1.0,0.0,0,0
0.75,fraction_0p75,bc,3,1,58654ea0c4aa9d5d22efeb8c98cb43a1dfeabe88e1f7463a940536cd620148b8,58654ea0c4aa9d5d22efeb8c98cb43a1dfeabe88e1f7463a940536cd620148b8,1,1.0,1.0,0.0,0,0
0.75,fraction_0p75,bc,3,2,58654ea0c4aa9d5d22efeb8c98cb43a1dfeabe88e1f7463a940536cd620148b8,58654ea0c4aa9d5d22efeb8c98cb43a1dfeabe88e1f7463a940536cd620148b8,1,1.0,1.0,0.0,0,0
0.75,fraction_0p75,bc,3,4,58654ea0c4aa9d5d22efeb8c98cb43a1dfeabe88e1f7463a940536cd620148b8,58654ea0c4aa9d5d22efeb8c98cb43a1dfeabe88e1f7463a940536cd620148b8,1,1.0,1.0,0.0,0,0
0.75,fraction_0p75,bc,3,8,58654ea0c4aa9d5d22efeb8c98cb43a1dfeabe88e1f7463a940536cd620148b8,58654ea0c4aa9d5d22efeb8c98cb43a1dfeabe88e1f7463a940536cd620148b8,1,1.0,1.0,0.0,0,0
0.75,fraction_0p75,bc_live,1,1,58654ea0c4aa9d5d22efeb8c98cb43a1dfeabe88e1f7463a940536cd620148b8,58654ea0c4aa9d5d22efeb8c98cb43a1dfeabe88e1f7463a940536cd620148b8,1,1.0,1.0,0.0,0,0
0.75,fraction_0p75,bc_live,1,2,58654ea0c4aa9d5d22efeb8c98cb43a1dfeabe88e1f7463a940536cd620148b8,58654ea0c4aa9d5d22efeb8c98cb43a1dfeabe88e1f7463a940536cd620148b8,1,1.0,1.0,0.0,0,0
0.75,fraction_0p75,bc_live,1,4,58654ea0c4aa9d5d22efeb8c98cb43a1dfeabe88e1f7463a940536cd620148b8,58654ea0c4aa9d5d22efeb8c98cb43a1dfeabe88e1f7463a940536cd620148b8,1,1.0,1.0,0.0,0,0
0.75,fraction_0p75,bc_live,1,8,58654ea0c4aa9d5d22efeb8c98cb43a1dfeabe88e1f7463a940536cd620148b8,58654ea0c4aa9d5d22efeb8c98cb43a1dfeabe88e1f7463a940536cd620148b8,1,1.0,1.0,0.0,0,0
0.75,fraction_0p75,bc_live,2,1,58654ea0c4aa9d5d22efeb8c98cb43a1dfeabe88e1f7463a940536cd620148b8,58654ea0c4aa9d5d22efeb8c98cb43a1dfeabe88e1f7463a940536cd620148b8,1,1.0,1.0,0.0,0,0
0.75,fraction_0p75,bc_live,2,2,58654ea0c4aa9d5d22efeb8c98cb43a1dfeabe88e1f7463a940536cd620148b8,58654ea0c4aa9d5d22efeb8c98cb43a1dfeabe88e1f7463a940536cd620148b8,1,1.0,1.0,0.0,0,0
0.75,fraction_0p75,bc_live,2,4,58654ea0c4aa9d5d22efeb8c98cb43a1dfeabe88e1f7463a940536cd620148b8,58654ea0c4aa9d5d22efeb8c98cb43a1dfeabe88e1f7463a940536cd620148b8,1,1.0,1.0,0.0,0,0
0.75,fraction_0p75,bc_live,2,8,58654ea0c4aa9d5d22efeb8c98cb43a1dfeabe88e1f7463a940536cd620148b8,58654ea0c4aa9d5d22efeb8c98cb43a1dfeabe88e1f7463a940536cd620148b8,1,1.0,1.0,0.0,0,0
0.75,fraction_0p75,bc_live,3,1,58654ea0c4aa9d5d22efeb8c98cb43a1dfeabe88e1f7463a940536cd620148b8,58654ea0c4aa9d5d22efeb8c98cb43a1dfeabe88e1f7463a940536cd620148b8,1,1.0,1.0,0.0,0,0
0.75,fraction_0p75,bc_live,3,2,58654ea0c4aa9d5d22efeb8c98cb43a1dfeabe88e1f7463a940536cd620148b8,58654ea0c4aa9d5d22efeb8c98cb43a1dfeabe88e1f7463a940536cd620148b8,1,1.0,1.0,0.0,0,0
0.75,fraction_0p75,bc_live,3,4,58654ea0c4aa9d5d22efeb8c98cb43a1dfeabe88e1f7463a940536cd620148b8,58654ea0c4aa9d5d22efeb8c98cb43a1dfeabe88e1f7463a940536cd620148b8,1,1.0,1.0,0.0,0,0
0.75,fraction_0p75,bc_live,3,8,58654ea0c4aa9d5d22efeb8c98cb43a1dfeabe88e1f7463a940536cd620148b8,58654ea0c4aa9d5d22efeb8c98cb43a1dfeabe88e1f7463a940536cd620148b8,1,1.0,1.0,0.0,0,0
0.75,fraction_0p75,random,1,1,65a98e2b7635debca2de8a00c049d8b0c0ec902533b4ddc442a28c27a7ec38e8,65a98e2b7635debca2de8a00c049d8b0c0ec902533b4ddc442a28c27a7ec38e8,1,0.49653471161752616,0.49653471161752616,0.0,0,0
0.75,fraction_0p75,random,1,2,65a98e2b7635debca2de8a00c049d8b0c0ec902533b4ddc442a28c27a7ec38e8,65a98e2b7635debca2de8a00c049d8b0c0ec902533b4ddc442a28c27a7ec38e8,1,0.49653471161752616,0.49653471161752616,0.0,0,0
0.75,fraction_0p75,random,1,4,65a98e2b7635debca2de8a00c049d8b0c0ec902533b4ddc442a28c27a7ec38e8,65a98e2b7635debca2de8a00c049d8b0c0ec902533b4ddc442a28c27a7ec38e8,1,0.49653471161752616,0.49653471161752616,0.0,0,0
0.75,fraction_0p75,random,1,8,65a98e2b7635debca2de8a00c049d8b0c0ec902533b4ddc442a28c27a7ec38e8,65a98e2b7635debca2de8a00c049d8b0c0ec902533b4ddc442a28c27a7ec38e8,1,0.49653471161752616,0.49653471161752616,0.0,0,0
0.75,fraction_0p75,random,2,1,8bed1e32a5e9f232f7ad677ced0d99373069fece64b9d085c1697e3f32640f85,8bed1e32a5e9f232f7ad677ced0d99373069fece64b9d085c1697e3f32640f85,1,0.5000587337013979,0.5000587337013979,0.0,0,0
0.75,fraction_0p75,random,2,2,8bed1e32a5e9f232f7ad677ced0d99373069fece64b9d085c1697e3f32640f85,8bed1e32a5e9f232f7ad677ced0d99373069fece64b9d085c1697e3f32640f85,1,0.5000587337013979,0.5000587337013979,0.0,0,0
0.75,fraction_0p75,random,2,4,8bed1e32a5e9f232f7ad677ced0d99373069fece64b9d085c1697e3f32640f85,8bed1e32a5e9f232f7ad677ced0d99373069fece64b9d085c1697e3f32640f85,1,0.5000587337013979,0.5000587337013979,0.0,0,0
0.75,fraction_0p75,random,2,8,8bed1e32a5e9f232f7ad677ced0d99373069fece64b9d085c1697e3f32640f85,8bed1e32a5e9f232f7ad677ced0d99373069fece64b9d085c1697e3f32640f85,1,0.5000587337013979,0.5000587337013979,0.0,0,0
0.75,fraction_0p75,random,3,1,8d84db873ab654dcf16970db1bcf05e258253632545d60d19c398b1249ac78da,8d84db873ab654dcf16970db1bcf05e258253632545d60d19c398b1249ac78da,1,0.4928932221308587,0.4928932221308587,0.0,0,0
0.75,fraction_0p75,random,3,2,8d84db873ab654dcf16970db1bcf05e258253632545d60d19c398b1249ac78da,8d84db873ab654dcf16970db1bcf05e258253632545d60d19c398b1249ac78da,1,0.4928932221308587,0.4928932221308587,0.0,0,0
0.75,fraction_0p75,random,3,4,8d84db873ab654dcf16970db1bcf05e258253632545d60d19c398b1249ac78da,8d84db873ab654dcf16970db1bcf05e258253632545d60d19c398b1249ac78da,1,0.4928932221308587,0.4928932221308587,0.0,0,0
0.75,fraction_0p75,random,3,8,8d84db873ab654dcf16970db1bcf05e258253632545d60d19c398b1249ac78da,8d84db873ab654dcf16970db1bcf05e258253632545d60d19c398b1249ac78da,1,0.4928932221308587,0.4928932221308587,0.0,0,0
0.75,fraction_0p75,always,1,1,58654ea0c4aa9d5d22efeb8c98cb43a1dfeabe88e1f7463a940536cd620148b8,58654ea0c4aa9d5d22efeb8c98cb43a1dfeabe88e1f7463a940536cd620148b8,1,1.0,1.0,0.0,0,0
0.75,fraction_0p75,always,1,2,58654ea0c4aa9d5d22efeb8c98cb43a1dfeabe88e1f7463a940536cd620148b8,58654ea0c4aa9d5d22efeb8c98cb43a1dfeabe88e1f7463a940536cd620148b8,1,1.0,1.0,0.0,0,0
0.75,fraction_0p75,always,1,4,58654ea0c4aa9d5d22efeb8c98cb43a1dfeabe88e1f7463a940536cd620148b8,58654ea0c4aa9d5d22efeb8c98cb43a1dfeabe88e1f7463a940536cd620148b8,1,1.0,1.0,0.0,0,0
0.75,fraction_0p75,always,1,8,58654ea0c4aa9d5d22efeb8c98cb43a1dfeabe88e1f7463a940536cd620148b8,58654ea0c4aa9d5d22efeb8c98cb43a1dfeabe88e1f7463a940536cd620148b8,1,1.0,1.0,0.0,0,0
0.75,fraction_0p75,always,2,1,58654ea0c4aa9d5d22efeb8c98cb43a1dfeabe88e1f7463a940536cd620148b8,58654ea0c4aa9d5d22efeb8c98cb43a1dfeabe88e1f7463a940536cd620148b8,1,1.0,1.0,0.0,0,0
0.75,fraction_0p75,always,2,2,58654ea0c4aa9d5d22efeb8c98cb43a1dfeabe88e1f7463a940536cd620148b8,58654ea0c4aa9d5d22efeb8c98cb43a1dfeabe88e1f7463a940536cd620148b8,1,1.0,1.0,0.0,0,0
0.75,fraction_0p75,always,2,4,58654ea0c4aa9d5d22efeb8c98cb43a1dfeabe88e1f7463a940536cd620148b8,58654ea0c4aa9d5d22efeb8c98cb43a1dfeabe88e1f7463a940536cd620148b8,1,1.0,1.0,0.0,0,0
0.75,fraction_0p75,always,2,8,58654ea0c4aa9d5d22efeb8c98cb43a1dfeabe88e1f7463a940536cd620148b8,58654ea0c4aa9d5d22efeb8c98cb43a1dfeabe88e1f7463a940536cd620148b8,1,1.0,1.0,0.0,0,0
0.75,fraction_0p75,always,3,1,58654ea0c4aa9d5d22efeb8c98cb43a1dfeabe88e1f7463a940536cd620148b8,58654ea0c4aa9d5d22efeb8c98cb43a1dfeabe88e1f7463a940536cd620148b8,1,1.0,1.0,0.0,0,0
0.75,fraction_0p75,always,3,2,58654ea0c4aa9d5d22efeb8c98cb43a1dfeabe88e1f7463a940536cd620148b8,58654ea0c4aa9d5d22efeb8c98cb43a1dfeabe88e1f7463a940536cd620148b8,1,1.0,1.0,0.0,0,0
0.75,fraction_0p75,always,3,4,58654ea0c4aa9d5d22efeb8c98cb43a1dfeabe88e1f7463a940536cd620148b8,58654ea0c4aa9d5d22efeb8c98cb43a1dfeabe88e1f7463a940536cd620148b8,1,1.0,1.0,0.0,0,0
0.75,fraction_0p75,always,3,8,58654ea0c4aa9d5d22efeb8c98cb43a1dfeabe88e1f7463a940536cd620148b8,58654ea0c4aa9d5d22efeb8c98cb43a1dfeabe88e1f7463a940536cd620148b8,1,1.0,1.0,0.0,0,0
0.75,fraction_0p75,never,1,1,4e3b0db1e85c152049e668f0e04d6100b7853a4cab4c883788c26325b8ffafcc,4e3b0db1e85c152049e668f0e04d6100b7853a4cab4c883788c26325b8ffafcc,1,0.0,0.0,0.0,0,0
0.75,fraction_0p75,never,1,2,4e3b0db1e85c152049e668f0e04d6100b7853a4cab4c883788c26325b8ffafcc,4e3b0db1e85c152049e668f0e04d6100b7853a4cab4c883788c26325b8ffafcc,1,0.0,0.0,0.0,0,0
0.75,fraction_0p75,never,1,4,4e3b0db1e85c152049e668f0e04d6100b7853a4cab4c883788c26325b8ffafcc,4e3b0db1e85c152049e668f0e04d6100b7853a4cab4c883788c26325b8ffafcc,1,0.0,0.0,0.0,0,0
0.75,fraction_0p75,never,1,8,4e3b0db1e85c152049e668f0e04d6100b7853a4cab4c883788c26325b8ffafcc,4e3b0db1e85c152049e668f0e04d6100b7853a4cab4c883788c26325b8ffafcc,1,0.0,0.0,0.0,0,0
0.75,fraction_0p75,never,2,1,4e3b0db1e85c152049e668f0e04d6100b7853a4cab4c883788c26325b8ffafcc,4e3b0db1e85c152049e668f0e04d6100b7853a4cab4c883788c26325b8ffafcc,1,0.0,0.0,0.0,0,0
0.75,fraction_0p75,never,2,2,4e3b0db1e85c152049e668f0e04d6100b7853a4cab4c883788c26325b8ffafcc,4e3b0db1e85c152049e668f0e04d6100b7853a4cab4c883788c26325b8ffafcc,1,0.0,0.0,0.0,0,0
0.75,fraction_0p75,never,2,4,4e3b0db1e85c152049e668f0e04d6100b7853a4cab4c883788c26325b8ffafcc,4e3b0db1e85c152049e668f0e04d6100b7853a4cab4c883788c26325b8ffafcc,1,0.0,0.0,0.0,0,0
0.75,fraction_0p75,never,2,8,4e3b0db1e85c152049e668f0e04d6100b7853a4cab4c883788c26325b8ffafcc,4e3b0db1e85c152049e668f0e04d6100b7853a4cab4c883788c26325b8ffafcc,1,0.0,0.0,0.0,0,0
0.75,fraction_0p75,never,3,1,4e3b0db1e85c152049e668f0e04d6100b7853a4cab4c883788c26325b8ffafcc,4e3b0db1e85c152049e668f0e04d6100b7853a4cab4c883788c26325b8ffafcc,1,0.0,0.0,0.0,0,0
0.75,fraction_0p75,never,3,2,4e3b0db1e85c152049e668f0e04d6100b7853a4cab4c883788c26325b8ffafcc,4e3b0db1e85c152049e668f0e04d6100b7853a4cab4c883788c26325b8ffafcc,1,0.0,0.0,0.0,0,0
0.75,fraction_0p75,never,3,4,4e3b0db1e85c152049e668f0e04d6100b7853a4cab4c883788c26325b8ffafcc,4e3b0db1e85c152049e668f0e04d6100b7853a4cab4c883788c26325b8ffafcc,1,0.0,0.0,0.0,0,0
0.75,fraction_0p75,never,3,8,4e3b0db1e85c152049e668f0e04d6100b7853a4cab4c883788c26325b8ffafcc,4e3b0db1e85c152049e668f0e04d6100b7853a4cab4c883788c26325b8ffafcc,1,0.0,0.0,0.0,0,0
1.0,fraction_1p0,proxy,1,1,85b204e18d148f257d123713bca70c3b6c02c80659feb4b366e1d6b1878ffde9,85b204e18d148f257d123713bca70c3b6c02c80659feb4b366e1d6b1878ffde9,1,0.0,0.0,0.0,0,0
1.0,fraction_1p0,proxy,1,2,85b204e18d148f257d123713bca70c3b6c02c80659feb4b366e1d6b1878ffde9,85b204e18d148f257d123713bca70c3b6c02c80659feb4b366e1d6b1878ffde9,1,0.0,0.0,0.0,0,0
1.0,fraction_1p0,proxy,1,4,85b204e18d148f257d123713bca70c3b6c02c80659feb4b366e1d6b1878ffde9,85b204e18d148f257d123713bca70c3b6c02c80659feb4b366e1d6b1878ffde9,1,0.0,0.0,0.0,0,0
1.0,fraction_1p0,proxy,1,8,85b204e18d148f257d123713bca70c3b6c02c80659feb4b366e1d6b1878ffde9,85b204e18d148f257d123713bca70c3b6c02c80659feb4b366e1d6b1878ffde9,1,0.0,0.0,0.0,0,0
1.0,fraction_1p0,proxy,2,1,85b204e18d148f257d123713bca70c3b6c02c80659feb4b366e1d6b1878ffde9,85b204e18d148f257d123713bca70c3b6c02c80659feb4b366e1d6b1878ffde9,1,0.0,0.0,0.0,0,0
1.0,fraction_1p0,proxy,2,2,85b204e18d148f257d123713bca70c3b6c02c80659feb4b366e1d6b1878ffde9,85b204e18d148f257d123713bca70c3b6c02c80659feb4b366e1d6b1878ffde9,1,0.0,0.0,0.0,0,0
1.0,fraction_1p0,proxy,2,4,85b204e18d148f257d123713bca70c3b6c02c80659feb4b366e1d6b1878ffde9,85b204e18d148f257d123713bca70c3b6c02c80659feb4b366e1d6b1878ffde9,1,0.0,0.0,0.0,0,0
1.0,fraction_1p0,proxy,2,8,85b204e18d148f257d123713bca70c3b6c02c80659feb4b366e1d6b1878ffde9,85b204e18d148f257d123713bca70c3b6c02c80659feb4b366e1d6b1878ffde9,1,0.0,0.0,0.0,0,0
1.0,fraction_1p0,proxy,3,1,85b204e18d148f257d123713bca70c3b6c02c80659feb4b366e1d6b1878ffde9,85b204e18d148f257d123713bca70c3b6c02c80659feb4b366e1d6b1878ffde9,1,0.0,0.0,0.0,0,0
1.0,fraction_1p0,proxy,3,2,85b204e18d148f257d123713bca70c3b6c02c80659feb4b366e1d6b1878ffde9,85b204e18d148f257d123713bca70c3b6c02c80659feb4b366e1d6b1878ffde9,1,0.0,0.0,0.0,0,0
1.0,fraction_1p0,proxy,3,4,85b204e18d148f257d123713bca70c3b6c02c80659feb4b366e1d6b1878ffde9,85b204e18d148f257d123713bca70c3b6c02c80659feb4b366e1d6b1878ffde9,1,0.0,0.0,0.0,0,0
1.0,fraction_1p0,proxy,3,8,85b204e18d148f257d123713bca70c3b6c02c80659feb4b366e1d6b1878ffde9,85b204e18d148f257d123713bca70c3b6c02c80659feb4b366e1d6b1878ffde9,1,0.0,0.0,0.0,0,0
1.0,fraction_1p0,bc,1,1,817f0e11762de58b590831eb187b2f4854a659161e035578019ca64f423436a1,817f0e11762de58b590831eb187b2f4854a659161e035578019ca64f423436a1,1,1.0,1.0,0.0,0,0
1.0,fraction_1p0,bc,1,2,817f0e11762de58b590831eb187b2f4854a659161e035578019ca64f423436a1,817f0e11762de58b590831eb187b2f4854a659161e035578019ca64f423436a1,1,1.0,1.0,0.0,0,0
1.0,fraction_1p0,bc,1,4,817f0e11762de58b590831eb187b2f4854a659161e035578019ca64f423436a1,817f0e11762de58b590831eb187b2f4854a659161e035578019ca64f423436a1,1,1.0,1.0,0.0,0,0
1.0,fraction_1p0,bc,1,8,817f0e11762de58b590831eb187b2f4854a659161e035578019ca64f423436a1,817f0e11762de58b590831eb187b2f4854a659161e035578019ca64f423436a1,1,1.0,1.0,0.0,0,0
1.0,fraction_1p0,bc,2,1,817f0e11762de58b590831eb187b2f4854a659161e035578019ca64f423436a1,817f0e11762de58b590831eb187b2f4854a659161e035578019ca64f423436a1,1,1.0,1.0,0.0,0,0
1.0,fraction_1p0,bc,2,2,817f0e11762de58b590831eb187b2f4854a659161e035578019ca64f423436a1,817f0e11762de58b590831eb187b2f4854a659161e035578019ca64f423436a1,1,1.0,1.0,0.0,0,0
1.0,fraction_1p0,bc,2,4,817f0e11762de58b590831eb187b2f4854a659161e035578019ca64f423436a1,817f0e11762de58b590831eb187b2f4854a659161e035578019ca64f423436a1,1,1.0,1.0,0.0,0,0
1.0,fraction_1p0,bc,2,8,817f0e11762de58b590831eb187b2f4854a659161e035578019ca64f423436a1,817f0e11762de58b590831eb187b2f4854a659161e035578019ca64f423436a1,1,1.0,1.0,0.0,0,0
1.0,fraction_1p0,bc,3,1,817f0e11762de58b590831eb187b2f4854a659161e035578019ca64f423436a1,817f0e11762de58b590831eb187b2f4854a659161e035578019ca64f423436a1,1,1.0,1.0,0.0,0,0
1.0,fraction_1p0,bc,3,2,817f0e11762de58b590831eb187b2f4854a659161e035578019ca64f423436a1,817f0e11762de58b590831eb187b2f4854a659161e035578019ca64f423436a1,1,1.0,1.0,0.0,0,0
1.0,fraction_1p0,bc,3,4,817f0e11762de58b590831eb187b2f4854a659161e035578019ca64f423436a1,817f0e11762de58b590831eb187b2f4854a659161e035578019ca64f423436a1,1,1.0,1.0,0.0,0,0
1.0,fraction_1p0,bc,3,8,817f0e11762de58b590831eb187b2f4854a659161e035578019ca64f423436a1,817f0e11762de58b590831eb187b2f4854a659161e035578019ca64f423436a1,1,1.0,1.0,0.0,0,0
1.0,fraction_1p0,bc_live,1,1,817f0e11762de58b590831eb187b2f4854a659161e035578019ca64f423436a1,817f0e11762de58b590831eb187b2f4854a659161e035578019ca64f423436a1,1,1.0,1.0,0.0,0,0
1.0,fraction_1p0,bc_live,1,2,817f0e11762de58b590831eb187b2f4854a659161e035578019ca64f423436a1,817f0e11762de58b590831eb187b2f4854a659161e035578019ca64f423436a1,1,1.0,1.0,0.0,0,0
1.0,fraction_1p0,bc_live,1,4,817f0e11762de58b590831eb187b2f4854a659161e035578019ca64f423436a1,817f0e11762de58b590831eb187b2f4854a659161e035578019ca64f423436a1,1,1.0,1.0,0.0,0,0
1.0,fraction_1p0,bc_live,1,8,817f0e11762de58b590831eb187b2f4854a659161e035578019ca64f423436a1,817f0e11762de58b590831eb187b2f4854a659161e035578019ca64f423436a1,1,1.0,1.0,0.0,0,0
1.0,fraction_1p0,bc_live,2,1,817f0e11762de58b590831eb187b2f4854a659161e035578019ca64f423436a1,817f0e11762de58b590831eb187b2f4854a659161e035578019ca64f423436a1,1,1.0,1.0,0.0,0,0
1.0,fraction_1p0,bc_live,2,2,817f0e11762de58b590831eb187b2f4854a659161e035578019ca64f423436a1,817f0e11762de58b590831eb187b2f4854a659161e035578019ca64f423436a1,1,1.0,1.0,0.0,0,0
1.0,fraction_1p0,bc_live,2,4,817f0e11762de58b590831eb187b2f4854a659161e035578019ca64f423436a1,817f0e11762de58b590831eb187b2f4854a659161e035578019ca64f423436a1,1,1.0,1.0,0.0,0,0
1.0,fraction_1p0,bc_live,2,8,817f0e11762de58b590831eb187b2f4854a659161e035578019ca64f423436a1,817f0e11762de58b590831eb187b2f4854a659161e035578019ca64f423436a1,1,1.0,1.0,0.0,0,0
1.0,fraction_1p0,bc_live,3,1,817f0e11762de58b590831eb187b2f4854a659161e035578019ca64f423436a1,817f0e11762de58b590831eb187b2f4854a659161e035578019ca64f423436a1,1,1.0,1.0,0.0,0,0
1.0,fraction_1p0,bc_live,3,2,817f0e11762de58b590831eb187b2f4854a659161e035578019ca64f423436a1,817f0e11762de58b590831eb187b2f4854a659161e035578019ca64f423436a1,1,1.0,1.0,0.0,0,0
1.0,fraction_1p0,bc_live,3,4,817f0e11762de58b590831eb187b2f4854a659161e035578019ca64f423436a1,817f0e11762de58b590831eb187b2f4854a659161e035578019ca64f423436a1,1,1.0,1.0,0.0,0,0
1.0,fraction_1p0,bc_live,3,8,817f0e11762de58b590831eb187b2f4854a659161e035578019ca64f423436a1,817f0e11762de58b590831eb187b2f4854a659161e035578019ca64f423436a1,1,1.0,1.0,0.0,0,0
1.0,fraction_1p0,random,1,1,37845ce378b96aefc966f517606a9be3a14161bb412220ab92d35b8f8a806ab3,37845ce378b96aefc966f517606a9be3a14161bb412220ab92d35b8f8a806ab3,1,0.5006607347370275,0.5006607347370275,0.0,0,0
1.0,fraction_1p0,random,1,2,37845ce378b96aefc966f517606a9be3a14161bb412220ab92d35b8f8a806ab3,37845ce378b96aefc966f517606a9be3a14161bb412220ab92d35b8f8a806ab3,1,0.5006607347370275,0.5006607347370275,0.0,0,0
1.0,fraction_1p0,random,1,4,37845ce378b96aefc966f517606a9be3a14161bb412220ab92d35b8f8a806ab3,37845ce378b96aefc966f517606a9be3a14161bb412220ab92d35b8f8a806ab3,1,0.5006607347370275,0.5006607347370275,0.0,0,0
1.0,fraction_1p0,random,1,8,37845ce378b96aefc966f517606a9be3a14161bb412220ab92d35b8f8a806ab3,37845ce378b96aefc966f517606a9be3a14161bb412220ab92d35b8f8a806ab3,1,0.5006607347370275,0.5006607347370275,0.0,0,0
1.0,fraction_1p0,random,2,1,8faaf9cedc9a094533bba5d17d70e9265456c139b4c987b6ba61a414de5e1f32,8faaf9cedc9a094533bba5d17d70e9265456c139b4c987b6ba61a414de5e1f32,1,0.5037441635098229,0.5037441635098229,0.0,0,0
1.0,fraction_1p0,random,2,2,8faaf9cedc9a094533bba5d17d70e9265456c139b4c987b6ba61a414de5e1f32,8faaf9cedc9a094533bba5d17d70e9265456c139b4c987b6ba61a414de5e1f32,1,0.5037441635098229,0.5037441635098229,0.0,0,0
1.0,fraction_1p0,random,2,4,8faaf9cedc9a094533bba5d17d70e9265456c139b4c987b6ba61a414de5e1f32,8faaf9cedc9a094533bba5d17d70e9265456c139b4c987b6ba61a414de5e1f32,1,0.5037441635098229,0.5037441635098229,0.0,0,0
1.0,fraction_1p0,random,2,8,8faaf9cedc9a094533bba5d17d70e9265456c139b4c987b6ba61a414de5e1f32,8faaf9cedc9a094533bba5d17d70e9265456c139b4c987b6ba61a414de5e1f32,1,0.5037441635098229,0.5037441635098229,0.0,0,0
1.0,fraction_1p0,random,3,1,8d6575acdc8aadebe8874b2e32b429d130a7f11acac67bf0f5880533e5e7916a,8d6575acdc8aadebe8874b2e32b429d130a7f11acac67bf0f5880533e5e7916a,1,0.49440577922649986,0.49440577922649986,0.0,0,0
1.0,fraction_1p0,random,3,2,8d6575acdc8aadebe8874b2e32b429d130a7f11acac67bf0f5880533e5e7916a,8d6575acdc8aadebe8874b2e32b429d130a7f11acac67bf0f5880533e5e7916a,1,0.49440577922649986,0.49440577922649986,0.0,0,0
1.0,fraction_1p0,random,3,4,8d6575acdc8aadebe8874b2e32b429d130a7f11acac67bf0f5880533e5e7916a,8d6575acdc8aadebe8874b2e32b429d130a7f11acac67bf0f5880533e5e7916a,1,0.49440577922649986,0.49440577922649986,0.0,0,0
1.0,fraction_1p0,random,3,8,8d6575acdc8aadebe8874b2e32b429d130a7f11acac67bf0f5880533e5e7916a,8d6575acdc8aadebe8874b2e32b429d130a7f11acac67bf0f5880533e5e7916a,1,0.49440577922649986,0.49440577922649986,0.0,0,0
1.0,fraction_1p0,always,1,1,817f0e11762de58b590831eb187b2f4854a659161e035578019ca64f423436a1,817f0e11762de58b590831eb187b2f4854a659161e035578019ca64f423436a1,1,1.0,1.0,0.0,0,0
1.0,fraction_1p0,always,1,2,817f0e11762de58b590831eb187b2f4854a659161e035578019ca64f423436a1,817f0e11762de58b590831eb187b2f4854a659161e035578019ca64f423436a1,1,1.0,1.0,0.0,0,0
1.0,fraction_1p0,always,1,4,817f0e11762de58b590831eb187b2f4854a659161e035578019ca64f423436a1,817f0e11762de58b590831eb187b2f4854a659161e035578019ca64f423436a1,1,1.0,1.0,0.0,0,0
1.0,fraction_1p0,always,1,8,817f0e11762de58b590831eb187b2f4854a659161e035578019ca64f423436a1,817f0e11762de58b590831eb187b2f4854a659161e035578019ca64f423436a1,1,1.0,1.0,0.0,0,0
1.0,fraction_1p0,always,2,1,817f0e11762de58b590831eb187b2f4854a659161e035578019ca64f423436a1,817f0e11762de58b590831eb187b2f4854a659161e035578019ca64f423436a1,1,1.0,1.0,0.0,0,0
1.0,fraction_1p0,always,2,2,817f0e11762de58b590831eb187b2f4854a659161e035578019ca64f423436a1,817f0e11762de58b590831eb187b2f4854a659161e035578019ca64f423436a1,1,1.0,1.0,0.0,0,0
1.0,fraction_1p0,always,2,4,817f0e11762de58b590831eb187b2f4854a659161e035578019ca64f423436a1,817f0e11762de58b590831eb187b2f4854a659161e035578019ca64f423436a1,1,1.0,1.0,0.0,0,0
1.0,fraction_1p0,always,2,8,817f0e11762de58b590831eb187b2f4854a659161e035578019ca64f423436a1,817f0e11762de58b590831eb187b2f4854a659161e035578019ca64f423436a1,1,1.0,1.0,0.0,0,0
1.0,fraction_1p0,always,3,1,817f0e11762de58b590831eb187b2f4854a659161e035578019ca64f423436a1,817f0e11762de58b590831eb187b2f4854a659161e035578019ca64f423436a1,1,1.0,1.0,0.0,0,0
1.0,fraction_1p0,always,3,2,817f0e11762de58b590831eb187b2f4854a659161e035578019ca64f423436a1,817f0e11762de58b590831eb187b2f4854a659161e035578019ca64f423436a1,1,1.0,1.0,0.0,0,0
1.0,fraction_1p0,always,3,4,817f0e11762de58b590831eb187b2f4854a659161e035578019ca64f423436a1,817f0e11762de58b590831eb187b2f4854a659161e035578019ca64f423436a1,1,1.0,1.0,0.0,0,0
1.0,fraction_1p0,always,3,8,817f0e11762de58b590831eb187b2f4854a659161e035578019ca64f423436a1,817f0e11762de58b590831eb187b2f4854a659161e035578019ca64f423436a1,1,1.0,1.0,0.0,0,0
1.0,fraction_1p0,never,1,1,85b204e18d148f257d123713bca70c3b6c02c80659feb4b366e1d6b1878ffde9,85b204e18d148f257d123713bca70c3b6c02c80659feb4b366e1d6b1878ffde9,1,0.0,0.0,0.0,0,0
1.0,fraction_1p0,never,1,2,85b204e18d148f257d123713bca70c3b6c02c80659feb4b366e1d6b1878ffde9,85b204e18d148f257d123713bca70c3b6c02c80659feb4b366e1d6b1878ffde9,1,0.0,0.0,0.0,0,0
1.0,fraction_1p0,never,1,4,85b204e18d148f257d123713bca70c3b6c02c80659feb4b366e1d6b1878ffde9,85b204e18d148f257d123713bca70c3b6c02c80659feb4b366e1d6b1878ffde9,1,0.0,0.0,0.0,0,0
1.0,fraction_1p0,never,1,8,85b204e18d148f257d123713bca70c3b6c02c80659feb4b366e1d6b1878ffde9,85b204e18d148f257d123713bca70c3b6c02c80659feb4b366e1d6b1878ffde9,1,0.0,0.0,0.0,0,0
1.0,fraction_1p0,never,2,1,85b204e18d148f257d123713bca70c3b6c02c80659feb4b366e1d6b1878ffde9,85b204e18d148f257d123713bca70c3b6c02c80659feb4b366e1d6b1878ffde9,1,0.0,0.0,0.0,0,0
1.0,fraction_1p0,never,2,2,85b204e18d148f257d123713bca70c3b6c02c80659feb4b366e1d6b1878ffde9,85b204e18d148f257d123713bca70c3b6c02c80659feb4b366e1d6b1878ffde9,1,0.0,0.0,0.0,0,0
1.0,fraction_1p0,never,2,4,85b204e18d148f257d123713bca70c3b6c02c80659feb4b366e1d6b1878ffde9,85b204e18d148f257d123713bca70c3b6c02c80659feb4b366e1d6b1878ffde9,1,0.0,0.0,0.0,0,0
1.0,fraction_1p0,never,2,8,85b204e18d148f257d123713bca70c3b6c02c80659feb4b366e1d6b1878ffde9,85b204e18d148f257d123713bca70c3b6c02c80659feb4b366e1d6b1878ffde9,1,0.0,0.0,0.0,0,0
1.0,fraction_1p0,never,3,1,85b204e18d148f257d123713bca70c3b6c02c80659feb4b366e1d6b1878ffde9,85b204e18d148f257d123713bca70c3b6c02c80659feb4b366e1d6b1878ffde9,1,0.0,0.0,0.0,0,0
1.0,fraction_1p0,never,3,2,85b204e18d148f257d123713bca70c3b6c02c80659feb4b366e1d6b1878ffde9,85b204e18d148f257d123713bca70c3b6c02c80659feb4b366e1d6b1878ffde9,1,0.0,0.0,0.0,0,0
1.0,fraction_1p0,never,3,4,85b204e18d148f257d123713bca70c3b6c02c80659feb4b366e1d6b1878ffde9,85b204e18d148f257d123713bca70c3b6c02c80659feb4b366e1d6b1878ffde9,1,0.0,0.0,0.0,0,0
1.0,fraction_1p0,never,3,8,85b204e18d148f257d123713bca70c3b6c02c80659feb4b366e1d6b1878ffde9,85b204e18d148f257d123713bca70c3b6c02c80659feb4b366e1d6b1878ffde9,1,0.0,0.0,0.0,0,0
