dataset_fraction,workload_name,policy_mode,seed,workers,runtime_seconds,throughput_points_per_second,speedup_vs_single_worker,throughput_gain_vs_single_worker
0.1,fraction_0p1,always,1,1,0.6306986800000232,1799.5915260199345,1.0,1.0
0.1,fraction_0p1,always,1,2,1.0776030800000171,1053.2635077471957,0.5852792105976656,0.5852792105976656
0.1,fraction_0p1,always,1,4,1.5542172059999757,730.2711587662205,0.405798287115368,0.405798287115368
0.1,fraction_0p1,always,1,8,1.5426172869999846,735.7625313581822,0.4088497421331111,0.40884974213311115
0.1,fraction_0p1,always,2,1,0.6899084230001336,1645.1458804696754,1.0,1.0
0.1,fraction_0p1,always,2,2,1.0331598419998045,1098.5715412661334,0.6677654269495543,0.6677654269495544
0.1,fraction_0p1,always,2,4,1.4810927359999368,766.326086417352,0.46581041566877485,0.46581041566877485
0.1,fraction_0p1,always,2,8,1.599732971000094,709.4934095722488,0.4312647394951348,0.43126473949513483
0.1,fraction_0p1,always,3,1,0.6439540159999524,1762.5482127594712,1.0,1.0
0.1,fraction_0p1,always,3,2,1.065899563999892,1064.828280575331,0.6041413635478489,0.604141363547849
0.1,fraction_0p1,always,3,4,1.5299779280001076,741.8407672610034,0.42089104961251905,0.42089104961251905
0.1,fraction_0p1,always,3,8,1.5452318529999047,734.5176051066493,0.41673617764854093,0.41673617764854093
0.1,fraction_0p1,bc,1,1,0.6980180269999892,1626.0325035989617,1.0,1.0
0.1,fraction_0p1,bc,1,2,1.0888496710001618,1042.384481741586,0.6410600522649057,0.6410600522649057
0.1,fraction_0p1,bc,1,4,1.5545706059999702,730.105146475426,0.44901017959939643,0.4490101795993964
0.1,fraction_0p1,bc,1,8,1.5351271730000917,739.3524262761077,0.45469719986511337,0.45469719986511337
0.1,fraction_0p1,bc,2,1,0.6386653409999781,1777.1435635177813,1.0,1.0
0.1,fraction_0p1,bc,2,2,1.0689441570000326,1061.795410515505,0.5974730642547107,0.5974730642547107
0.1,fraction_0p1,bc,2,4,1.5547485960000813,730.0215629202219,0.4107836743786612,0.4107836743786612
0.1,fraction_0p1,bc,2,8,1.5036695369999507,754.8201064606906,0.42473783320383846,0.4247378332038385
0.1,fraction_0p1,bc,3,1,0.6728155749999587,1686.9407340935436,1.0,1.0
0.1,fraction_0p1,bc,3,2,1.0750579650000418,1055.757026087385,0.6258412075482205,0.6258412075482206
0.1,fraction_0p1,bc,3,4,1.467074249999996,773.6486411645512,0.4586104452449905,0.45861044524499056
0.1,fraction_0p1,bc,3,8,1.5305897559999266,741.5442286548626,0.43957930096063635,0.43957930096063635
0.1,fraction_0p1,bc_live,1,1,0.7521055560000605,1509.096683231933,1.0,1.0
0.1,fraction_0p1,bc_live,1,2,0.39789407299986124,2852.51798661599,1.8902155298008743,1.8902155298008743
0.1,fraction_0p1,bc_live,1,4,0.4038435599998138,2810.4942418805026,1.862368576585466,1.8623685765854658
0.1,fraction_0p1,bc_live,1,8,0.400139167999896,2836.513120355903,1.8796099361116678,1.8796099361116676
0.1,fraction_0p1,bc_live,2,1,0.3648440720000963,3110.9180252754677,1.0,1.0
0.1,fraction_0p1,bc_live,2,2,0.4039425050000318,2809.805816300294,0.9032079255934394,0.9032079255934393
0.1,fraction_0p1,bc_live,2,4,0.44272680199992465,2563.657756595891,0.8240839957101995,0.8240839957101995
0.1,fraction_0p1,bc_live,2,8,0.3872857840001416,2930.6523680703576,0.942053870998691,0.9420538709986909
0.1,fraction_0p1,bc_live,3,1,0.3677794499999436,3086.088687119887,1.0,1.0
0.1,fraction_0p1,bc_live,3,2,0.3939287709999917,2881.2315412220146,0.9336191643639844,0.9336191643639844
0.1,fraction_0p1,bc_live,3,4,0.38701960799994595,2932.667948958696,0.9502863482823717,0.9502863482823717
0.1,fraction_0p1,bc_live,3,8,0.38949906200014084,2913.999315355449,0.9442370621159818,0.9442370621159818
0.1,fraction_0p1,never,1,1,0.6491477409999789,1748.4463525230644,1.0,1.0
0.1,fraction_0p1,never,1,2,0.9960589649999747,1139.4907730186724,0.6517161772646616,0.6517161772646616
0.1,fraction_0p1,never,1,4,1.474371347999977,769.8196262018093,0.4402878161465662,0.44028781614656626
0.1,fraction_0p1,never,1,8,1.4604950319999261,777.1337629582963,0.44447103672175425,0.44447103672175425
0.1,fraction_0p1,never,2,1,0.6525324060000912,1739.3772164624745,1.0,1.0
0.1,fraction_0p1,never,2,2,1.0718767569999272,1058.8903925641118,0.6087755907931638,0.6087755907931639
0.1,fraction_0p1,never,2,4,1.4494158949999019,783.0740672262856,0.45020370498981965,0.45020370498981965
0.1,fraction_0p1,never,2,8,1.421422082999925,798.4961072256395,0.4590701198499149,0.4590701198499149
0.1,fraction_0p1,never,3,1,0.6365182310000819,1783.1382429010962,1.0,1.0
0.1,fraction_0p1,never,3,2,1.0530269060000137,1077.8452037007924,0.6044653060366091,0.604465306036609
0.1,fraction_0p1,never,3,4,1.4589170760000343,777.9743061969434,0.4362950036510964,0.4362950036510964
0.1,fraction_0p1,never,3,8,1.4609074119998695,776.9143962698311,0.43570059660984095,0.43570059660984095
0.1,fraction_0p1,proxy,1,1,2.255626158000041,503.1862199214571,1.0,1.0
0.1,fraction_0p1,proxy,1,2,1.1013954259999537,1030.510907533084,2.047971241529503,2.047971241529503
0.1,fraction_0p1,proxy,1,4,1.4078748739998446,806.1795980316112,1.6021495941551196,1.6021495941551196
0.1,fraction_0p1,proxy,1,8,1.526101036,743.725332219747,1.4780319944688387,1.4780319944688387
0.1,fraction_0p1,proxy,2,1,0.5712896709999313,1986.7329265964208,1.0,1.0
0.1,fraction_0p1,proxy,2,2,1.1287974509998548,1005.4948290276977,0.5061046784734499,0.5061046784734499
0.1,fraction_0p1,proxy,2,4,1.4566167179998502,779.2029200094055,0.3922031540214617,0.3922031540214617
0.1,fraction_0p1,proxy,2,8,1.456696612000087,779.1601838365037,0.39218164324246896,0.39218164324246896
0.1,fraction_0p1,proxy,3,1,0.6730238269999518,1686.418748440657,1.0,1.0
0.1,fraction_0p1,proxy,3,2,1.0599143540000568,1070.8412389327252,0.634979443820152,0.634979443820152
0.1,fraction_0p1,proxy,3,4,1.4665549609999289,773.9225805940014,0.45891483435511315,0.45891483435511315
0.1,fraction_0p1,proxy,3,8,1.4617450520001967,776.4691923854361,0.4604249052042361,0.4604249052042362
0.1,fraction_0p1,random,1,1,0.6956592179999461,1631.5459791694846,1.0,1.0
0.1,fraction_0p1,random,1,2,1.134719086999894,1000.2475617122549,0.6130673450106608,0.6130673450106608
0.1,fraction_0p1,random,1,4,1.5404316849999304,736.8064491610683,0.45160017466141483,0.4516001746614148
0.1,fraction_0p1,random,1,8,1.5437760059999164,735.2102867182803,0.4506218617832203,0.4506218617832203
0.1,fraction_0p1,random,2,1,0.7498170359999676,1513.7026041110769,1.0,1.0
0.1,fraction_0p1,random,2,2,1.0662400110002181,1064.4882843359812,0.7032347579008777,0.7032347579008776
0.1,fraction_0p1,random,2,4,1.5508942440001192,731.8358452814741,0.4834739950198113,0.48347399501981125
0.1,fraction_0p1,random,2,8,1.5175075700001344,747.9369608679444,0.4941109031831065,0.49411090318310646
0.1,fraction_0p1,random,3,1,0.6932231020000472,1637.2795377496273,1.0,1.0
0.1,fraction_0p1,random,3,2,1.077206158000081,1053.6516075132897,0.6435380050992943,0.6435380050992943
0.1,fraction_0p1,random,3,4,1.532203587999902,740.7631785287743,0.45243537309879445,0.45243537309879445
0.1,fraction_0p1,random,3,8,1.5967611529999886,710.8138858886731,0.4341432660092102,0.43414326600921016
0.25,fraction_0p25,always,1,1,1.8565895739998268,1528.0706300035833,1.0,1.0
0.25,fraction_0p25,always,1,2,2.7624669449999146,1026.9806142422774,0.6720766658802081,0.6720766658802081
0.25,fraction_0p25,always,1,4,3.85792038600016,735.3702814332474,0.48124102838853916,0.4812410283885392
0.25,fraction_0p25,always,1,8,3.8002131020000434,746.5370819617704,0.4885488061242429,0.4885488061242429
0.25,fraction_0p25,always,2,1,1.5981909360000373,1775.1320797128672,1.0,1.0
0.25,fraction_0p25,always,2,2,2.7607179990000077,1027.6312180482118,0.5789040882042051,0.5789040882042052
0.25,fraction_0p25,always,2,4,3.853654502000154,736.1843150514708,0.41472086695123594,0.41472086695123594
0.25,fraction_0p25,always,2,8,3.8159150200001477,743.4651938343978,0.41882246528644534,0.41882246528644534
0.25,fraction_0p25,always,3,1,1.7346410549998836,1635.496860761312,1.0,1.0
0.25,fraction_0p25,always,3,2,2.786988561999806,1017.9446154469714,0.6224069515933681,0.6224069515933681
0.25,fraction_0p25,always,3,4,3.7746235679999245,751.5981259829978,0.4595533895633002,0.45955338956330016
0.25,fraction_0p25,always,3,8,3.8630015950000143,734.4030102581382,0.4490396942225123,0.4490396942225122
0.25,fraction_0p25,bc,1,1,1.6830403569999817,1685.6399124361762,1.0,1.0
0.25,fraction_0p25,bc,1,2,2.792491872000028,1015.938498674338,0.6027019716245623,0.6027019716245623
0.25,fraction_0p25,bc,1,4,3.7747203820001687,751.5788489998604,0.44587153131278123,0.44587153131278123
0.25,fraction_0p25,bc,1,8,3.8841577400000915,730.4028800848683,0.4333089615974098,0.43330896159740984
0.25,fraction_0p25,bc,2,1,1.6826668939997944,1686.014035289118,1.0,1.0
0.25,fraction_0p25,bc,2,2,2.757335416999922,1028.8918723884365,0.6102510719680941,0.6102510719680941
0.25,fraction_0p25,bc,2,4,3.877168107999978,731.7196265352176,0.4339937931831879,0.4339937931831879
0.25,fraction_0p25,bc,2,8,3.8105944590001855,744.5032607181099,0.44157595674489286,0.4415759567448929
0.25,fraction_0p25,bc,3,1,1.7141405370000484,1655.0568280504529,1.0,1.0
0.25,fraction_0p25,bc,3,2,2.76493623500005,1026.0634455463123,0.619956625148,0.6199566251479999
0.25,fraction_0p25,bc,3,4,3.7710501120000117,752.3103421437618,0.45455257450581527,0.45455257450581527
0.25,fraction_0p25,bc,3,8,3.8940242430001035,728.5522182096812,0.44019770551798354,0.44019770551798354
0.25,fraction_0p25,bc_live,1,1,0.9236542859998735,3071.4955184004725,1.0,1.0
0.25,fraction_0p25,bc_live,1,2,1.0262376559999211,2764.466869261147,0.9000393628120235,0.9000393628120236
0.25,fraction_0p25,bc_live,1,4,0.9638036670000929,2943.5455551132764,0.9583427804075625,0.9583427804075625
0.25,fraction_0p25,bc_live,1,8,1.0044027279998318,2824.564212056257,0.9196055130587302,0.9196055130587302
0.25,fraction_0p25,bc_live,2,1,0.897943338999994,3159.442112638712,1.0,1.0
0.25,fraction_0p25,bc_live,2,2,1.0168055499998445,2790.110655867716,0.8831023188259853,0.8831023188259852
0.25,fraction_0p25,bc_live,2,4,0.9731895630000054,2915.1566229856744,0.9226808148578439,0.9226808148578438
0.25,fraction_0p25,bc_live,2,8,1.010184307999907,2808.398405650408,0.8888906033175845,0.8888906033175844
0.25,fraction_0p25,bc_live,3,1,0.8959519710001587,3166.4643773628104,1.0,1.0
0.25,fraction_0p25,bc_live,3,2,0.9691722610000397,2927.240196776416,0.9244506957676144,0.9244506957676143
0.25,fraction_0p25,bc_live,3,4,1.0179276010001104,2787.0351459304743,0.8801725880307096,0.8801725880307096
0.25,fraction_0p25,bc_live,3,8,0.971904147000032,2919.012135874657,0.9218521947515974,0.9218521947515973
0.25,fraction_0p25,never,1,1,1.6278370999998515,1742.8033800189583,1.0,1.0
0.25,fraction_0p25,never,1,2,2.660766163000062,1066.2342446512591,0.6117926192222903,0.6117926192222903
0.25,fraction_0p25,never,1,4,3.658023254999989,775.5554850894486,0.44500457939266336,0.44500457939266336
0.25,fraction_0p25,never,1,8,3.702330229999916,766.2741635016346,0.4396790666617247,0.4396790666617246
0.25,fraction_0p25,never,2,1,1.6921662290001223,1676.549236936577,1.0,1.0
0.25,fraction_0p25,never,2,2,2.657616948000168,1067.4977077245146,0.6367231478838444,0.6367231478838444
0.25,fraction_0p25,never,2,4,3.749570444000028,756.6200028431787,0.4512960229105405,0.4512960229105405
0.25,fraction_0p25,never,2,8,3.691657492999866,768.489494320513,0.45837573832589124,0.45837573832589124
0.25,fraction_0p25,never,3,1,1.7003175960001045,1668.5118160712286,1.0,1.0
0.25,fraction_0p25,never,3,2,2.669808826999997,1062.6229006770766,0.6368686696982392,0.6368686696982392
0.25,fraction_0p25,never,3,4,3.666705419999971,773.7190952198233,0.4637180796487649,0.4637180796487649
0.25,fraction_0p25,never,3,8,3.78641668399996,749.2572098544108,0.4490571793603798,0.4490571793603798
0.25,fraction_0p25,proxy,1,1,4.037981246000072,702.578795483576,1.0,1.0
0.25,fraction_0p25,proxy,1,2,2.702808773000015,1049.648805472478,1.4939944276997688,1.4939944276997688
0.25,fraction_0p25,proxy,1,4,3.7450877179999225,757.5256478946,1.078207387931776,1.0782073879317762
0.25,fraction_0p25,proxy,1,8,3.7104178470001443,764.6039117383239,1.0882820783283913,1.0882820783283913
0.25,fraction_0p25,proxy,2,1,1.7025993709999057,1666.2757242379816,1.0,1.0
0.25,fraction_0p25,proxy,2,2,2.7142264350000005,1045.2333539371778,0.6272871522599791,0.6272871522599791
0.25,fraction_0p25,proxy,2,4,3.688558508000142,769.1351496382149,0.46158936270283507,0.46158936270283507
0.25,fraction_0p25,proxy,2,8,3.788849397000149,748.7761329986398,0.44937108673360093,0.449371086733601
0.25,fraction_0p25,proxy,3,1,1.6800797630000943,1688.6103043905546,1.0,1.0
0.25,fraction_0p25,proxy,3,2,2.776267059999782,1021.8757557135814,0.6051578348518915,0.6051578348518915
0.25,fraction_0p25,proxy,3,4,3.718224444000043,762.998587828112,0.4518500129036521,0.4518500129036521
0.25,fraction_0p25,proxy,3,8,3.706427781000002,765.4270277551641,0.4532881421870859,0.4532881421870859
0.25,fraction_0p25,random,1,1,1.6955414999999903,1673.2117733479342,1.0,1.0
0.25,fraction_0p25,random,1,2,2.8613308569999845,991.4966642391385,0.5925709345537594,0.5925709345537594
0.25,fraction_0p25,random,1,4,3.860342682999999,734.9088495416356,0.43922046285339866,0.43922046285339866
0.25,fraction_0p25,random,1,8,3.796781438999915,747.2118281181008,0.44657337464402524,0.4465733746440252
0.25,fraction_0p25,random,2,1,1.6507227270001295,1718.6411464484413,1.0,1.0
0.25,fraction_0p25,random,2,2,2.7848330349997923,1018.7325287888261,0.5927546485745608,0.5927546485745608
0.25,fraction_0p25,random,2,4,3.8807460040000024,731.0450096645898,0.4253622178052054,0.4253622178052054
0.25,fraction_0p25,random,2,8,3.8145041059999585,743.7401877579814,0.43274897106642346,0.43274897106642346
0.25,fraction_0p25,random,3,1,1.5996790090000559,1773.4807946085268,1.0,1.0
0.25,fraction_0p25,random,3,2,2.7866471059999185,1018.0693471705358,0.5740515207525896,0.5740515207525896
0.25,fraction_0p25,random,3,4,3.881426337999983,730.9168725489317,0.41213689754687877,0.4121368975468788
0.25,fraction_0p25,random,3,8,3.891257515999996,729.0702268700746,0.411095642584056,0.411095642584056
0.5,fraction_0p5,always,1,1,3.1728608830003395,1788.6066264063784,1.0,1.0
0.5,fraction_0p5,always,1,2,5.479161371999908,1035.742445732824,0.5790778310006659,0.579077831000666
0.5,fraction_0p5,always,1,4,7.765447120000317,730.8014480433121,0.40858701810337095,0.40858701810337095
0.5,fraction_0p5,always,1,8,7.72810465800012,734.3327052546125,0.4105613243365952,0.4105613243365952
0.5,fraction_0p5,always,2,1,3.4876473340000302,1627.1714013845733,1.0,1.0
0.5,fraction_0p5,always,2,2,5.49581529399984,1032.603844273258,0.6346005364859578,0.6346005364859577
0.5,fraction_0p5,always,2,4,7.663859080000293,740.4885633674495,0.45507717425303923,0.45507717425303923
0.5,fraction_0p5,always,2,8,7.714793411999835,735.5997363679141,0.4520726800765958,0.45207268007659573
0.5,fraction_0p5,always,3,1,3.6068065439999373,1573.414024503361,1.0,1.0
0.5,fraction_0p5,always,3,2,5.47132629600037,1037.2256548011985,0.6592197849060057,0.6592197849060057
0.5,fraction_0p5,always,3,4,7.818953369000155,725.8004661467482,0.4612901975218143,0.4612901975218144
0.5,fraction_0p5,always,3,8,7.764004545999796,730.9372330189964,0.46455492428301726,0.4645549242830173
0.5,fraction_0p5,bc,1,1,3.5680374209998718,1590.5102246404394,1.0,1.0
0.5,fraction_0p5,bc,1,2,5.5027016830001685,1031.3115860036758,0.648415565034686,0.6484155650346859
0.5,fraction_0p5,bc,1,4,7.713965518999885,735.6786838134277,0.46254256804902955,0.46254256804902955
0.5,fraction_0p5,bc,1,8,7.768206166000027,730.5418881438039,0.45931291533127666,0.4593129153312766
0.5,fraction_0p5,bc,2,1,3.4323769269999502,1653.3731931825453,1.0,1.0
0.5,fraction_0p5,bc,2,2,5.575982162999935,1017.7579185344439,0.6155645457002855,0.6155645457002855
0.5,fraction_0p5,bc,2,4,7.674287057999891,739.482372383272,0.44725678112626044,0.4472567811262605
0.5,fraction_0p5,bc,2,8,7.6778021259999605,739.1438209617685,0.44705201705793063,0.44705201705793063
0.5,fraction_0p5,bc,3,1,3.2888794860000417,1725.511689971339,1.0,1.0
0.5,fraction_0p5,bc,3,2,5.452823630000012,1040.7451964478792,0.603151634669694,0.6031516346696939
0.5,fraction_0p5,bc,3,4,7.7121126960000765,735.8554294653092,0.4264563571154548,0.42645635711545476
0.5,fraction_0p5,bc,3,8,7.7641617720000795,730.9224313776884,0.42359749610843217,0.42359749610843217
0.5,fraction_0p5,bc_live,1,1,1.8237105120001615,3111.7877331177533,1.0,1.0
0.5,fraction_0p5,bc_live,1,2,1.9750205830000596,2873.387775726198,0.9233881042545603,0.9233881042545603
0.5,fraction_0p5,bc_live,1,4,2.0375020930000574,2785.2732124775494,0.8950717244736152,0.8950717244736152
0.5,fraction_0p5,bc_live,1,8,2.0071696619997965,2827.3643765349893,0.9085980854170296,0.9085980854170296
0.5,fraction_0p5,bc_live,2,1,1.882067791000054,3015.3005259096094,1.0,1.0
0.5,fraction_0p5,bc_live,2,2,1.9610862130000442,2893.8044448940664,0.9597068086674737,0.9597068086674737
0.5,fraction_0p5,bc_live,2,4,1.9586300780001693,2897.433294700741,0.9609102873176092,0.9609102873176093
0.5,fraction_0p5,bc_live,2,8,2.0415493490002063,2779.751566024685,0.9218820950479331,0.9218820950479331
0.5,fraction_0p5,bc_live,3,1,1.8780530490000729,3021.746378794532,1.0,1.0
0.5,fraction_0p5,bc_live,3,2,1.9345009769999706,2933.5730854997064,0.9708204189757312,0.9708204189757312
0.5,fraction_0p5,bc_live,3,4,1.947252615000025,2914.3625004195605,0.9644629744148778,0.9644629744148778
0.5,fraction_0p5,bc_live,3,8,1.958028183999886,2898.323959978469,0.9591552687273178,0.9591552687273177
0.5,fraction_0p5,never,1,1,3.250959400999818,1745.6385331218466,1.0,1.0
0.5,fraction_0p5,never,1,2,5.364539322999917,1057.8727563183318,0.6060090541347437,0.6060090541347437
0.5,fraction_0p5,never,1,4,7.4703679940002985,759.6680651552616,0.43518062344596303,0.43518062344596303
0.5,fraction_0p5,never,1,8,7.49713868400022,756.9554518327267,0.43362668586320136,0.4336266858632014
0.5,fraction_0p5,never,2,1,3.2683332569999948,1736.3590410633603,1.0,1.0
0.5,fraction_0p5,never,2,2,5.366595178999887,1057.4675023387151,0.6090143094432321,0.6090143094432321
0.5,fraction_0p5,never,2,4,7.57268794599986,749.4036517109779,0.43159486833554717,0.43159486833554717
0.5,fraction_0p5,never,2,8,7.483821505999913,758.3024254988246,0.43671983015358046,0.4367198301535805
0.5,fraction_0p5,never,3,1,3.163569341999846,1793.8598420012997,1.0,1.0
0.5,fraction_0p5,never,3,2,5.293157080000128,1072.1389738163339,0.597671539723089,0.597671539723089
0.5,fraction_0p5,never,3,4,7.466337185000157,760.0781828338872,0.42371101968920516,0.4237110196892052
0.5,fraction_0p5,never,3,8,7.554136303000178,751.2440565503344,0.4187863728039184,0.4187863728039184
0.5,fraction_0p5,proxy,1,1,7.207517556000084,787.3723450421151,1.0,1.0
0.5,fraction_0p5,proxy,1,2,5.362986625999838,1058.1790326471291,1.343937260827378,1.3439372608273779
0.5,fraction_0p5,proxy,1,4,7.45295913699988,761.4425217799354,0.9670679019583897,0.9670679019583895
0.5,fraction_0p5,proxy,1,8,7.482277027999999,758.4589529047308,0.9632786288222535,0.9632786288222535
0.5,fraction_0p5,proxy,2,1,3.2058393229999638,1770.2072462850203,1.0,1.0
0.5,fraction_0p5,proxy,2,2,5.355955950999942,1059.5680868025984,0.5985559538445127,0.5985559538445125
0.5,fraction_0p5,proxy,2,4,7.500755573999868,756.5904453241286,0.427402185202845,0.42740218520284506
0.5,fraction_0p5,proxy,2,8,7.560657401000071,750.5961054721711,0.4240159490067514,0.42401594900675144
0.5,fraction_0p5,proxy,3,1,3.286056907000102,1726.9938289598294,1.0,1.0
0.5,fraction_0p5,proxy,3,2,5.374699860999954,1055.872913235415,0.6113935646610669,0.6113935646610669
0.5,fraction_0p5,proxy,3,4,7.493413047999866,757.3318010962662,0.43852606094858376,0.43852606094858376
0.5,fraction_0p5,proxy,3,8,7.532247374000008,753.4271935344425,0.43626513360978986,0.4362651336097898
0.5,fraction_0p5,random,1,1,3.577104936000069,1586.4784795342919,1.0,1.0
0.5,fraction_0p5,random,1,2,5.540862779999998,1024.2087244037475,0.6455862702306572,0.6455862702306572
0.5,fraction_0p5,random,1,4,7.777050139000039,729.7111242142105,0.4599565223402311,0.45995652234023116
0.5,fraction_0p5,random,1,8,7.782601855999928,729.1905849744721,0.45962841247523556,0.4596284124752356
0.5,fraction_0p5,random,2,1,3.3599386500000037,1689.0189349141817,1.0,1.0
0.5,fraction_0p5,random,2,2,5.569919586999731,1018.8656965974029,0.6032292921862188,0.6032292921862188
0.5,fraction_0p5,random,2,4,7.892636384999605,719.0246355179435,0.42570549130905794,0.42570549130905794
0.5,fraction_0p5,random,2,8,7.867928454000321,721.282613737373,0.4270423491575724,0.4270423491575724
0.5,fraction_0p5,random,3,1,3.543042504999903,1601.7307136427241,1.0,1.0
0.5,fraction_0p5,random,3,2,5.608256712000184,1011.90089744947,0.6317546943631753,0.6317546943631754
0.5,fraction_0p5,random,3,4,7.81682015899969,725.9985370734465,0.4532587974306553,0.45325879743065534
0.5,fraction_0p5,random,3,8,7.85789099800013,722.2039605085275,0.45088974966713385,0.45088974966713385
0.75,fraction_0p75,always,1,1,5.0473983940000835,1686.6114650508919,1.0,1.0
0.75,fraction_0p75,always,1,2,8.456673816000148,1006.6605600766204,0.59685385812686,0.59685385812686
0.75,fraction_0p75,always,1,4,11.444747691999964,743.8346592778715,0.44102312517804865,0.44102312517804865
0.75,fraction_0p75,always,1,8,11.643127470000309,731.160937809416,0.4335088151362436,0.4335088151362436
0.75,fraction_0p75,always,2,1,5.172113781000007,1645.9421351620083,1.0,1.0
0.75,fraction_0p75,always,2,2,8.439089886000147,1008.7580669240725,0.612875778178424,0.612875778178424
0.75,fraction_0p75,always,2,4,11.555127578999873,736.7292088986891,0.4476033471408602,0.4476033471408602
0.75,fraction_0p75,always,2,8,11.62205390600002,732.486707500562,0.4450257951677409,0.44502579516774093
0.75,fraction_0p75,always,3,1,5.108851610999864,1666.3235983739805,1.0,1.0
0.75,fraction_0p75,always,3,2,8.313450567000018,1024.0032019667126,0.6145284163087816,0.6145284163087816
0.75,fraction_0p75,always,3,4,11.476826416000222,741.755576971326,0.44514497525879154,0.44514497525879154
0.75,fraction_0p75,always,3,8,11.59276351499966,734.3374156632444,0.44069316210838044,0.44069316210838044
0.75,fraction_0p75,bc,1,1,5.102820437999981,1668.293075061959,1.0,1.0
0.75,fraction_0p75,bc,1,2,8.292347252000127,1026.6092025929872,0.6153650206543355,0.6153650206543355
0.75,fraction_0p75,bc,1,4,11.642119218000062,731.2242591398582,0.4383068359333093,0.4383068359333094
0.75,fraction_0p75,bc,1,8,11.5468409529999,737.2579248862261,0.4419235060715246,0.44192350607152464
0.75,fraction_0p75,bc,2,1,4.781387390999953,1780.4455702593966,1.0,1.0
0.75,fraction_0p75,bc,2,2,8.225701630000003,1034.9269135841482,0.5812741096226646,0.5812741096226647
0.75,fraction_0p75,bc,2,4,11.630988501000047,731.9240320174026,0.41109037212003463,0.41109037212003463
0.75,fraction_0p75,bc,2,8,11.666778782000165,729.678702156768,0.4098292665304336,0.40982926653043356
0.75,fraction_0p75,bc,3,1,5.048210662000201,1686.3400856229284,1.0,1.0
0.75,fraction_0p75,bc,3,2,8.40585292500009,1012.7467225462916,0.6005590041893515,0.6005590041893515
0.75,fraction_0p75,bc,3,4,11.571957925999868,735.6577041187643,0.43624516216550396,0.43624516216550396
0.75,fraction_0p75,bc,3,8,11.594715395000094,734.2137956806598,0.43538892417981256,0.43538892417981256
0.75,fraction_0p75,bc_live,1,1,2.678540548000001,3178.223307598029,1.0,1.0
0.75,fraction_0p75,bc_live,1,2,3.121412964999763,2727.2905237005853,0.8581179670983408,0.8581179670983408
0.75,fraction_0p75,bc_live,1,4,3.1196586189998925,2728.824220750512,0.8586005313808002,0.8586005313808002
0.75,fraction_0p75,bc_live,1,8,3.043504240000402,2797.1046953425225,0.8800843819424569,0.880084381942457
0.75,fraction_0p75,bc_live,2,1,2.6412114760000804,3223.142136612366,1.0,1.0
0.75,fraction_0p75,bc_live,2,2,2.881668487999832,2954.1913080740524,0.9165563238793464,0.9165563238793465
0.75,fraction_0p75,bc_live,2,4,2.865242784000202,2971.1269312106574,0.9218107068444131,0.9218107068444132
0.75,fraction_0p75,bc_live,2,8,3.179905935000079,2677.1232149669827,0.8305942156745008,0.8305942156745008
0.75,fraction_0p75,bc_live,3,1,2.7110817920001864,3140.0749417151537,1.0,1.0
0.75,fraction_0p75,bc_live,3,2,2.881638902999839,2954.2216379497827,0.9408124623726798,0.9408124623726798
0.75,fraction_0p75,bc_live,3,4,3.0056065250000756,2832.3734092238788,0.9020082201212676,0.9020082201212676
0.75,fraction_0p75,bc_live,3,8,3.099459759999718,2746.6076862378027,0.8746949474835037,0.8746949474835038
0.75,fraction_0p75,never,1,1,4.896145142000023,1738.7147956407457,1.0,1.0
0.75,fraction_0p75,never,1,2,7.9866803269997035,1065.899679397587,0.6130388273395839,0.6130388273395839
0.75,fraction_0p75,never,1,4,11.15145537599983,763.3981137853705,0.43905884720101285,0.43905884720101285
0.75,fraction_0p75,never,1,8,11.137314738999976,764.367372162851,0.4396163039960609,0.4396163039960609
0.75,fraction_0p75,never,2,1,4.7767943200001355,1782.1575369817804,1.0,1.0
0.75,fraction_0p75,never,2,2,8.128195612000127,1047.3419201958875,0.5876820081627805,0.5876820081627805
0.75,fraction_0p75,never,2,4,11.158618631000081,762.9080517502218,0.42808115215350984,0.42808115215350984
0.75,fraction_0p75,never,2,8,11.26436858299985,755.7458669141733,0.42406232402668875,0.4240623240266888
0.75,fraction_0p75,never,3,1,4.854060698000012,1753.7893589809369,1.0,1.0
0.75,fraction_0p75,never,3,2,8.264643220999915,1030.0505142640673,0.5873285232284635,0.5873285232284635
0.75,fraction_0p75,never,3,4,11.28758066699993,754.191730818667,0.4300355267618343,0.4300355267618344
0.75,fraction_0p75,never,3,8,11.253433054999732,756.4802632577799,0.43134043400590766,0.43134043400590766
0.75,fraction_0p75,proxy,1,1,9.389342853000016,906.6662207653847,1.0,1.0
0.75,fraction_0p75,proxy,1,2,8.02936656699967,1060.2330742985432,1.1693752894020042,1.1693752894020044
0.75,fraction_0p75,proxy,1,4,11.223241769000197,758.5152467724454,0.8365981100874431,0.8365981100874432
0.75,fraction_0p75,proxy,1,8,11.201686510999934,759.9748476839025,0.8382079648256344,0.8382079648256344
0.75,fraction_0p75,proxy,2,1,4.891971810000086,1740.1980899803773,1.0,1.0
0.75,fraction_0p75,proxy,2,2,8.057607842999914,1056.5170415181858,0.6071245840351998,0.6071245840351999
0.75,fraction_0p75,proxy,2,4,11.168618385000173,762.2249867032115,0.43801047196403164,0.43801047196403164
0.75,fraction_0p75,proxy,2,8,11.23560054399968,757.6809060327735,0.43539922862535557,0.4353992286253556
0.75,fraction_0p75,proxy,3,1,4.909811180999895,1733.8752318915665,1.0,1.0
0.75,fraction_0p75,proxy,3,2,8.215983069000231,1036.1511128376646,0.5975926605210677,0.5975926605210679
0.75,fraction_0p75,proxy,3,4,11.163857525999902,762.5500397307807,0.4397952203855399,0.4397952203855399
0.75,fraction_0p75,proxy,3,8,11.276656481999908,754.9223489771699,0.43539600490952823,0.43539600490952823
0.75,fraction_0p75,random,1,1,5.268014517000211,1615.9788422237675,1.0,1.0
0.75,fraction_0p75,random,1,2,8.346786269000404,1019.9135003153137,0.6311428551328053,0.6311428551328053
0.75,fraction_0p75,random,1,4,11.729824129000008,725.7568320187381,0.4491128305987074,0.4491128305987073
0.75,fraction_0p75,random,1,8,11.773509209999702,723.0639436515305,0.4474464174645466,0.44744641746454655
0.75,fraction_0p75,random,2,1,5.173385118000169,1645.537652006622,1.0,1.0
0.75,fraction_0p75,random,2,2,8.348801172000094,1019.6673539849758,0.6196560453913408,0.6196560453913408
0.75,fraction_0p75,random,2,4,11.712399269999878,726.8365604479678,0.44170156760718277,0.4417015676071828
0.75,fraction_0p75,random,2,8,11.747976294000182,724.6354424759676,0.44036393916135774,0.44036393916135774
0.75,fraction_0p75,random,3,1,5.071769262000089,1678.506958860119,1.0,1.0
0.75,fraction_0p75,random,3,2,8.272749812999791,1029.0411522687027,0.6130693392939691,0.6130693392939692
0.75,fraction_0p75,random,3,4,11.613585066999804,733.0208502273628,0.43671004541152464,0.43671004541152464
0.75,fraction_0p75,random,3,8,11.695220729000084,727.9041753261414,0.43366169647605396,0.43366169647605396
1.0,fraction_1p0,always,1,1,6.531246712999746,1737.9530277744757,1.0,1.0
1.0,fraction_1p0,always,1,2,11.144565351999972,1018.5233467147269,0.5860476839348128,0.5860476839348129
1.0,fraction_1p0,always,1,4,15.449756958999842,734.7041141244478,0.4227410651398722,0.4227410651398722
1.0,fraction_1p0,always,1,8,15.462687049000124,734.0897454646473,0.4223875638369129,0.42238756383691284
1.0,fraction_1p0,always,2,1,6.771997814000315,1676.1671092883598,1.0,1.0
1.0,fraction_1p0,always,2,2,11.028223215999787,1029.2682490804073,0.6140606407182143,0.6140606407182142
1.0,fraction_1p0,always,2,4,15.358677907000128,739.061009595525,0.44092322627026354,0.4409232262702635
1.0,fraction_1p0,always,2,8,15.506009676999838,732.0387537766734,0.43673375388416413,0.43673375388416413
1.0,fraction_1p0,always,3,1,6.6784383099998195,1699.648850990181,1.0,1.0
1.0,fraction_1p0,always,3,2,11.23350679899977,1010.4591738895544,0.5945105504003849,0.594510550400385
1.0,fraction_1p0,always,3,4,15.429883060000066,735.6504230045637,0.43282494650350195,0.43282494650350195
1.0,fraction_1p0,always,3,8,15.389282684000136,737.5912336577818,0.4339668356955474,0.4339668356955474
1.0,fraction_1p0,bc,1,1,6.921277611000278,1640.0151298597498,1.0,1.0
1.0,fraction_1p0,bc,1,2,11.145069792999948,1018.4772469643387,0.6210169823563985,0.6210169823563985
1.0,fraction_1p0,bc,1,4,15.37411664299998,738.3188422190258,0.4501902627460303,0.4501902627460303
1.0,fraction_1p0,bc,1,8,15.533472570999947,730.7445227148777,0.44557181785107625,0.4455718178510763
1.0,fraction_1p0,bc,2,1,6.518096322000019,1741.4593831158738,1.0,1.0
1.0,fraction_1p0,bc,2,2,11.075718825999957,1024.8544747591307,0.5885032316547221,0.5885032316547222
1.0,fraction_1p0,bc,2,4,15.455445065000276,734.4337191366283,0.42173462456675637,0.4217346245667564
1.0,fraction_1p0,bc,2,8,15.418085116999919,736.213343866187,0.4227565402926199,0.42275654029261994
1.0,fraction_1p0,bc,3,1,7.019778422999934,1617.0026054966418,1.0,1.0
1.0,fraction_1p0,bc,3,2,11.182837816000301,1015.0375232804587,0.6277278217301963,0.6277278217301961
1.0,fraction_1p0,bc,3,4,15.486285901999963,732.9710991926144,0.45328999266979636,0.45328999266979636
1.0,fraction_1p0,bc,3,8,15.507214114999897,731.9818966722299,0.452678241942233,0.452678241942233
1.0,fraction_1p0,bc_live,1,1,3.6269296089999443,3129.6444165426797,1.0,1.0
1.0,fraction_1p0,bc_live,1,2,3.8727289910002582,2931.0080892255346,0.9365307041697156,0.9365307041697156
1.0,fraction_1p0,bc_live,1,4,3.946546521000073,2876.1855307165124,0.9190135197192263,0.9190135197192263
1.0,fraction_1p0,bc_live,1,8,3.9441761869998118,2877.914033712141,0.9195658198420428,0.9195658198420429
1.0,fraction_1p0,bc_live,2,1,3.6252910550001616,3131.058948865416,1.0,1.0
1.0,fraction_1p0,bc_live,2,2,3.8829384720002054,2923.3015361566613,0.9336462787505044,0.9336462787505043
1.0,fraction_1p0,bc_live,2,4,4.008002846000181,2832.0838173375605,0.9045130940009312,0.9045130940009312
1.0,fraction_1p0,bc_live,2,8,3.986882143999992,2847.0869190559206,0.9093047960938594,0.9093047960938594
1.0,fraction_1p0,bc_live,3,1,3.748075170999982,3028.4878189813803,1.0,1.0
1.0,fraction_1p0,bc_live,3,2,4.103293596000185,2766.3143605090177,0.9134309021059416,0.9134309021059416
1.0,fraction_1p0,bc_live,3,4,3.8136268440002823,2976.4317444581,0.9828111989762638,0.9828111989762637
1.0,fraction_1p0,bc_live,3,8,4.150271563999922,2735.001752285387,0.903091547914924,0.903091547914924
1.0,fraction_1p0,never,1,1,6.381911777000369,1778.620638553422,1.0,1.0
1.0,fraction_1p0,never,1,2,10.705695605999608,1060.276736584847,0.5961230369210072,0.5961230369210072
1.0,fraction_1p0,never,1,4,15.018624526000167,755.7949118675419,0.4249331732045125,0.4249331732045125
1.0,fraction_1p0,never,1,8,15.067400286000066,753.3482740580554,0.4235575916125456,0.4235575916125456
1.0,fraction_1p0,never,2,1,6.534196664000319,1737.1684054961963,1.0,1.0
1.0,fraction_1p0,never,2,2,10.75209715300025,1055.701026365134,0.6077136925959626,0.6077136925959626
1.0,fraction_1p0,never,2,4,14.87170523099985,763.2614971643607,0.4393710447124707,0.4393710447124707
1.0,fraction_1p0,never,2,8,15.147679051000068,749.3557238559655,0.43136619425329875,0.43136619425329875
1.0,fraction_1p0,never,3,1,6.820545511999626,1664.2363840296625,1.0,1.0
1.0,fraction_1p0,never,3,2,10.881558095999935,1043.1410557071447,0.62679861209461,0.6267986120946099
1.0,fraction_1p0,never,3,4,14.897330710999995,761.9485812729235,0.4578367523897032,0.45783675238970317
1.0,fraction_1p0,never,3,8,15.02756536600009,755.345242129618,0.45386896319420644,0.4538689631942064
1.0,fraction_1p0,proxy,1,1,8.98677909900016,1263.0776694247304,1.0,1.0
1.0,fraction_1p0,proxy,1,2,10.875020984999992,1043.7681008300149,0.8263688972550673,0.8263688972550672
1.0,fraction_1p0,proxy,1,4,14.85976510599994,763.8747933785842,0.6047726215653005,0.6047726215653004
1.0,fraction_1p0,proxy,1,8,15.207193310000093,746.4230754886045,0.5909558007058769,0.5909558007058769
1.0,fraction_1p0,proxy,2,1,6.596763718999682,1720.6922187173984,1.0,1.0
1.0,fraction_1p0,proxy,2,2,10.829820581000149,1048.1244740022942,0.6091295483300114,0.6091295483300114
1.0,fraction_1p0,proxy,2,4,15.030965948000357,755.1743540148249,0.43887822923830666,0.43887822923830666
1.0,fraction_1p0,proxy,2,8,15.051957710999886,754.1211726701008,0.4382661608316109,0.43826616083161096
1.0,fraction_1p0,proxy,3,1,6.4820190880000155,1751.1518935533213,1.0,1.0
1.0,fraction_1p0,proxy,3,2,10.819834993000313,1049.0917844258543,0.5990866859054167,0.5990866859054167
1.0,fraction_1p0,proxy,3,4,14.875310044000344,763.0765319461826,0.4357569064998687,0.4357569064998687
1.0,fraction_1p0,proxy,3,8,15.013393024999914,756.0582728433611,0.43174911075772976,0.43174911075772976
1.0,fraction_1p0,random,1,1,6.8255368559998715,1663.0193696810966,1.0,1.0
1.0,fraction_1p0,random,1,2,11.289883467999971,1005.4133890906188,0.6045710635850373,0.6045710635850372
1.0,fraction_1p0,random,1,4,15.684891127000355,723.6900727006074,0.43516635217507027,0.4351663521750702
1.0,fraction_1p0,random,1,8,15.645765133000168,725.4998335657222,0.4362545901704351,0.43625459017043516
1.0,fraction_1p0,random,2,1,6.661416268000266,1703.9919955951843,1.0,1.0
1.0,fraction_1p0,random,2,2,11.158676605999972,1017.2353228604741,0.5969718904138195,0.5969718904138196
1.0,fraction_1p0,random,2,4,15.487866796999697,732.8962825402729,0.4301054725813314,0.43010547258133147
1.0,fraction_1p0,random,2,8,15.718784744999994,722.1296165157203,0.42378697692384926,0.42378697692384926
1.0,fraction_1p0,random,3,1,7.134044298999925,1591.103100045401,1.0,1.0
1.0,fraction_1p0,random,3,2,11.451651619999666,991.2107333213069,0.6229707762451241,0.6229707762451241
1.0,fraction_1p0,random,3,4,15.454574924000099,734.4750700566035,0.46161375088493367,0.46161375088493367
1.0,fraction_1p0,random,3,8,15.73195025000041,721.5252921359642,0.4534748830012184,0.4534748830012184
