dataset_fraction,workload_name,policy_mode,workers,total_runtime_seconds,throughput_points_per_second,mean_latency_ms,median_latency_ms,p95_latency_ms,intervention_rate,unauthorized_invocations,fault_injected_count,memory_delta_mb,state_missing_count
0.1,fraction_0p1,always,1,0.6548537063333697,1735.761873083027,0.5737035198275429,0.438893333315112,0.5847551999522693,1.0,0.0,0.0,,0.0
0.1,fraction_0p1,always,2,1.058887495333238,1072.2211098628868,1.8302607001471867,1.0662836666597286,1.4841288667184926,1.0,0.0,0.0,,0.0
0.1,fraction_0p1,always,4,1.5217626233333401,746.146004148192,5.338175535389355,2.5116393333822393,38.5833566332773,1.0,0.0,0.0,,0.0
0.1,fraction_0p1,always,8,1.5625273703333278,726.5911820123602,10.854620595302492,5.138102333300291,58.59748710004927,1.0,0.0,0.0,,0.0
0.1,fraction_0p1,bc,1,0.6698329809999753,1696.7056004034287,0.586959280470519,0.43476366666557925,0.543847333354582,1.0,0.0,0.0,,0.0
0.1,fraction_0p1,bc,2,1.077617264333412,1053.3123061148253,1.8648227741531695,1.0762723332694197,1.5350651333089143,1.0,0.0,0.0,,0.0
0.1,fraction_0p1,bc,4,1.5254644840000158,744.5917835200663,5.349015523937392,2.5168460000107493,37.95800756663522,1.0,0.0,0.0,,0.0
0.1,fraction_0p1,bc,8,1.5231288219999897,745.238920463887,10.678616817031019,5.186385333445287,58.06392156668304,1.0,0.0,0.0,,0.0
0.1,fraction_0p1,bc_live,1,0.4949096926667001,2568.7011318757627,0.012311147430434995,0.011756999962623619,0.012592433328488065,1.0,0.0,0.0,,0.0
0.1,fraction_0p1,bc_live,2,0.39858844966662826,2847.851781379433,0.02067345345179502,0.0147333333491891,0.01939866669999901,1.0,0.0,0.0,,0.0
0.1,fraction_0p1,bc_live,4,0.41119665666656147,2768.939982478363,0.05351388722487915,0.012487333303094298,0.018135233320511656,1.0,0.0,0.0,,0.0
0.1,fraction_0p1,bc_live,8,0.39230800466672616,2893.72160126057,0.029764871070762214,0.012349666576483287,0.016706633277863137,1.0,0.0,0.0,,0.0
0.1,fraction_0p1,never,1,0.6460661260000506,1756.9872706288782,0.5661117113065199,0.4135393333702571,0.5048040666376133,0.0,0.0,0.0,,0.0
0.1,fraction_0p1,never,2,1.0403208759999718,1092.0754564278589,1.7976746502225314,1.0100193333073548,1.2973578333609719,0.0,0.0,0.0,,0.0
0.1,fraction_0p1,never,4,1.4609014396666378,776.9559998750128,5.048043330983595,2.417498999951325,19.244325933360894,0.0,0.0,0.0,,0.0
0.1,fraction_0p1,never,8,1.4476081756665735,784.1814221512556,10.15057012745983,4.952531666655584,57.909944199999096,0.0,0.0,0.0,,0.0
0.1,fraction_0p1,proxy,1,1.1666465519999747,1392.112631652845,1.024639561526692,0.8710316666717214,1.1720722332711373,0.0,0.0,0.0,,0.0
0.1,fraction_0p1,proxy,2,1.0967024103332885,1035.6156584978355,1.9093867262870738,1.0237886666194147,1.3760417666693074,0.0,0.0,0.0,,0.0
0.1,fraction_0p1,proxy,4,1.443682184333208,786.4350328783394,5.048626687519081,2.409982333347216,15.963552000001366,0.0,0.0,0.0,,0.0
0.1,fraction_0p1,proxy,8,1.481514233333428,766.4515694805623,10.370778934802784,5.038981333427728,57.70272203330933,0.0,0.0,0.0,,0.0
0.1,fraction_0p1,random,1,0.7128997853333203,1594.1760403433964,0.6248155483119393,0.4484166666619179,0.5556483000267083,0.5077826725403818,0.0,0.0,,0.0
0.1,fraction_0p1,random,2,1.0927217520000643,1039.4624845205087,1.890317620850223,1.078384666546602,1.4229705333264064,0.5077826725403818,0.0,0.0,,0.0
0.1,fraction_0p1,random,4,1.5411765056666507,736.4684909904389,5.391124182670983,2.561121333277091,49.59195436669382,0.5077826725403818,0.0,0.0,,0.0
0.1,fraction_0p1,random,8,1.5526815763333464,731.3203778249659,10.881155714241352,5.266084666573079,58.41951983331152,0.5077826725403818,0.0,0.0,,0.0
0.25,fraction_0p25,always,1,1.7298071883332493,1646.2331901592543,0.6065520216199415,0.43099499998788815,0.5341474666693101,1.0,0.0,0.0,,0.0
0.25,fraction_0p25,always,2,2.7700578353332426,1024.1854825791536,1.9253944108799643,1.0548906667130116,1.4166540667247318,1.0,0.0,0.0,,0.0
0.25,fraction_0p25,always,4,3.828732818666746,741.0509074892387,5.326257007401634,2.514350000031603,46.74606946671986,1.0,0.0,0.0,,0.0
0.25,fraction_0p25,always,8,3.826376572333402,741.4684286847688,10.748122109506312,5.1050613333245565,58.29533633336723,1.0,0.0,0.0,,0.0
0.25,fraction_0p25,bc,1,1.6932825959999416,1675.570258591916,0.5936077657155622,0.4327419999299309,0.528140399971259,1.0,0.0,0.0,,0.0
0.25,fraction_0p25,bc,2,2.7715878413333335,1023.6312722030289,1.9316231416992917,1.0580706665829591,1.4106762000513602,1.0,0.0,0.0,,0.0
0.25,fraction_0p25,bc,4,3.8076462006667193,745.2029392262799,5.317442889789917,2.516826999908517,49.94555186664605,1.0,0.0,0.0,,0.0
0.25,fraction_0p25,bc,8,3.8629254806667936,734.4861196708865,10.832253346609086,5.184598333395722,58.39210159997492,1.0,0.0,0.0,,0.0
0.25,fraction_0p25,bc_live,1,0.9058498653333421,3132.467336133998,0.012291637292555791,0.011722999943231116,0.013396600070336715,1.0,0.0,0.0,,0.0
0.25,fraction_0p25,bc_live,2,1.0040718223332685,2827.2725739684265,0.05523072036112647,0.012452999953893595,0.016836000001300516,1.0,0.0,0.0,,0.0
0.25,fraction_0p25,bc_live,4,0.9849736103334029,2881.912441343142,0.034930766302521905,0.012472999969759258,0.01686646667925136,1.0,0.0,0.0,,0.0
0.25,fraction_0p25,bc_live,8,0.9954970609999236,2850.658251193774,0.07388411679106789,0.012397666675193856,0.02051626664372935,1.0,0.0,0.0,,0.0
0.25,fraction_0p25,never,1,1.6734403083333593,1695.954811008921,0.5867012152518437,0.413488666633081,0.5312135333194116,0.0,0.0,0.0,,0.0
0.25,fraction_0p25,never,2,2.662730646000076,1065.4516176842835,1.8495358621772187,1.0119070000200736,1.3320862000758398,0.0,0.0,0.0,,0.0
0.25,fraction_0p25,never,4,3.691433039666663,768.6315277174836,5.156979268827743,2.419361333371247,33.276643933428566,0.0,0.0,0.0,,0.0
0.25,fraction_0p25,never,8,3.726801468999914,761.3402892255194,10.459771594523888,5.007879999917956,57.78778739994171,0.0,0.0,0.0,,0.0
0.25,fraction_0p25,proxy,1,2.473553460000024,1352.4882747040374,0.8685866539777982,0.8215663333430712,1.174271666726175,0.0,0.0,0.0,,0.0
0.25,fraction_0p25,proxy,2,2.7311007559999325,1038.919305041079,1.8940631948064353,1.026636333335773,1.4062553333284684,0.0,0.0,0.0,,0.0
0.25,fraction_0p25,proxy,4,3.7172902233333693,763.219795120309,5.181609966512408,2.439041666699874,41.43157713333418,0.0,0.0,0.0,,0.0
0.25,fraction_0p25,proxy,8,3.7352316750000987,759.6023574973759,10.49144911138436,4.985829000058099,58.19986646667226,0.0,0.0,0.0,,0.0
0.25,fraction_0p25,random,1,1.6486477453333919,1721.777904801634,0.5774565086362776,0.43947000002238684,0.5460079332957926,0.4940665021736576,0.0,0.0,,0.0
0.25,fraction_0p25,random,2,2.8109369993332316,1009.4328467328336,1.9540332221825174,1.075309666703106,1.4589970667050993,0.4940665021736576,0.0,0.0,,0.0
0.25,fraction_0p25,random,4,3.8741716749999946,732.2902439183857,5.4206385154510075,2.547741333273734,51.17807046660038,0.4940665021736576,0.0,0.0,,0.0
0.25,fraction_0p25,random,8,3.83418102033329,740.0074142487189,10.776630037600397,5.1954489999843645,57.91135153331197,0.4940665021736576,0.0,0.0,,0.0
0.5,fraction_0p5,always,1,3.422438253666769,1663.0640174314376,0.5998619450208738,0.4332303333285381,0.5456825001904994,1.0,0.0,0.0,,0.0
0.5,fraction_0p5,always,2,5.482100987333372,1035.1906482690936,1.890034082053809,1.049165666851574,1.3818972666589013,1.0,0.0,0.0,,0.0
0.5,fraction_0p5,always,4,7.7494198563335885,732.36349251917,5.425403580030352,2.517232666680987,50.6823838665696,1.0,0.0,0.0,,0.0
0.5,fraction_0p5,always,8,7.735634205333251,733.6232248805077,10.860514952071624,5.139776666813607,58.46966676667762,1.0,0.0,0.0,,0.0
0.5,fraction_0p5,bc,1,3.429764611333288,1656.4650359314412,0.6011198520400886,0.43918500000472704,0.5403586333386556,1.0,0.0,0.0,,0.0
0.5,fraction_0p5,bc,2,5.510502492000039,1029.9382336619994,1.909802200116874,1.0524379999878875,1.3463139666403852,1.0,0.0,0.0,,0.0
0.5,fraction_0p5,bc,4,7.700121757666618,737.0054952206697,5.377979496681436,2.5086436665636334,50.20237270006573,1.0,0.0,0.0,,0.0
0.5,fraction_0p5,bc,8,7.736723354666689,733.5360468277536,10.859922828545294,5.132067333382413,58.37299046670523,1.0,0.0,0.0,,0.0
0.5,fraction_0p5,bc_live,1,1.8612771173334295,3049.611545940632,0.012066823554934764,0.011811999987306384,0.012397700008174676,1.0,0.0,0.0,,0.0
0.5,fraction_0p5,bc_live,2,1.9568692576666915,2900.25510203999,0.057523976975302794,0.012465666638187637,0.01918696672570756,1.0,0.0,0.0,,0.0
0.5,fraction_0p5,bc_live,4,1.9811282620000839,2865.689669199284,0.05758331118952126,0.012549000075523509,0.019474533405627884,1.0,0.0,0.0,,0.0
0.5,fraction_0p5,bc_live,8,2.002249064999963,2835.1466341793807,0.07292389392099716,0.012504666680494362,0.015065966719400125,1.0,0.0,0.0,,0.0
0.5,fraction_0p5,never,1,3.227620666666553,1758.6191387288357,0.5656661180637858,0.4145543333227882,0.5042782333324188,0.0,0.0,0.0,,0.0
0.5,fraction_0p5,never,2,5.341430527333311,1062.493077491127,1.8497731402056325,1.0096456667270104,1.3165353000355633,0.0,0.0,0.0,,0.0
0.5,fraction_0p5,never,4,7.503131041666772,756.3832999000423,5.257199170281907,2.4402146667246902,49.52791426676415,0.0,0.0,0.0,,0.0
0.5,fraction_0p5,never,8,7.511698831000103,755.5006446272952,10.550357391012698,4.962170333480269,58.25221633331239,0.0,0.0,0.0,,0.0
0.5,fraction_0p5,proxy,1,4.56647126200005,1428.1911400956549,0.8014910437594209,0.7429913332543947,1.0992929333724533,0.0,0.0,0.0,,0.0
0.5,fraction_0p5,proxy,2,5.364547479333244,1057.8733442283808,1.853916524522796,1.0170293333734055,1.3340088999939328,0.0,0.0,0.0,,0.0
0.5,fraction_0p5,proxy,4,7.482375919666538,758.4549227334434,5.234992239588291,2.4270519999542253,49.06876296671121,0.0,0.0,0.0,,0.0
0.5,fraction_0p5,proxy,8,7.525060601000026,754.1607506371148,10.564386988017331,4.973510333381152,58.381498533299236,0.0,0.0,0.0,,0.0
0.5,fraction_0p5,random,1,3.493362030333325,1625.7427093637325,0.612341808868912,0.4479826667799595,0.5746074666906983,0.4989133627019089,0.0,0.0,,0.0
0.5,fraction_0p5,random,2,5.573013026333304,1018.3251061502068,1.9252696519825176,1.072741000143651,1.4156878332490426,0.4989133627019089,0.0,0.0,,0.0
0.5,fraction_0p5,random,4,7.828835560999778,724.9114322685335,5.470184453215645,2.5409286668036657,51.12383643330157,0.4989133627019089,0.0,0.0,,0.0
0.5,fraction_0p5,random,8,7.836140436000126,724.2257197401242,10.964103369224711,5.2113676668644375,58.446213166735106,0.4989133627019089,0.0,0.0,,0.0
0.75,fraction_0p75,always,1,5.109454595333318,1666.2923995289602,0.5945860420549963,0.4259543335744335,0.5185125334719485,1.0,0.0,0.0,,0.0
0.75,fraction_0p75,always,2,8.403071423000105,1013.1406096558018,1.9447687819037318,1.0497910002413846,1.3883378666832868,1.0,0.0,0.0,,0.0
0.75,fraction_0p75,always,4,11.492233895666686,740.7731483826288,5.359438321350718,2.495534999980009,50.67923466667704,1.0,0.0,0.0,,0.0
0.75,fraction_0p75,always,8,11.619314963666662,732.6616869910741,10.875493319784923,5.113106666461438,58.59525260002555,1.0,0.0,0.0,,0.0
0.75,fraction_0p75,bc,1,4.977472830333379,1711.6929103147613,0.5815112316853773,0.43187066679214087,0.5320539334510005,1.0,0.0,0.0,,0.0
0.75,fraction_0p75,bc,2,8.307967269000073,1024.7609462411424,1.9193356754772084,1.0545103333849208,1.374094266520842,1.0,0.0,0.0,,0.0
0.75,fraction_0p75,bc,4,11.615021881666658,732.935331758675,5.419148116173255,2.516283666561018,51.52986613329626,1.0,0.0,0.0,,0.0
0.75,fraction_0p75,bc,8,11.60277837666672,733.7168075745512,10.857730605193824,5.130073333475593,58.39790360008313,1.0,0.0,0.0,,0.0
0.75,fraction_0p75,bc_live,1,2.6769446053334227,3180.4801286418497,0.011954122793607434,0.011752000015500622,0.012304933261475526,1.0,0.0,0.0,,0.0
0.75,fraction_0p75,bc_live,2,2.9615734519998114,2878.5678232414734,0.039378685893079704,0.01257766674219359,0.01569160018940844,1.0,0.0,0.0,,0.0
0.75,fraction_0p75,bc_live,4,2.9968359760000567,2844.108187061682,0.056672515486436904,0.012448666742178224,0.01681066645081349,1.0,0.0,0.0,,0.0
0.75,fraction_0p75,bc_live,8,3.107623311666733,2740.278532182436,0.07539989635536862,0.012751666569480827,0.01942240002487475,1.0,0.0,0.0,,0.0
0.75,fraction_0p75,never,1,4.8423333866667235,1758.2205638678208,0.5657131935472671,0.40656099993915024,0.5026432000704517,0.0,0.0,0.0,,0.0
0.75,fraction_0p75,never,2,8.126506386666582,1047.764037952514,1.8754459861394002,1.0106690000005376,1.3313604667018808,0.0,0.0,0.0,,0.0
0.75,fraction_0p75,never,4,11.199218224666614,760.1659654514198,5.227500967931712,2.4159473333990413,49.01810593322134,0.0,0.0,0.0,,0.0
0.75,fraction_0p75,never,8,11.21837212566652,758.864500778268,10.490816552920291,4.93515700009084,58.24879053340434,0.0,0.0,0.0,,0.0
0.75,fraction_0p75,proxy,1,6.397041947999999,1460.246514212443,0.7482938321781365,0.4149566667971764,1.160586333389801,0.0,0.0,0.0,,0.0
0.75,fraction_0p75,proxy,2,8.100985826333272,1050.9670762181313,1.8707666923526023,1.0161846668476453,1.353640400157019,0.0,0.0,0.0,,0.0
0.75,fraction_0p75,proxy,4,11.185239226666758,761.0967577354792,5.205924988997708,2.4240036665711764,48.57652266664433,0.0,0.0,0.0,,0.0
0.75,fraction_0p75,proxy,8,11.23798117899984,757.5260342312819,10.500657426564548,4.956007999832461,58.18646093348434,0.0,0.0,0.0,,0.0
0.75,fraction_0p75,random,1,5.171056299000156,1646.674484363503,0.6030268839810917,0.445569333351159,0.5727073999878485,0.4964955558165942,0.0,0.0,,0.0
0.75,fraction_0p75,random,2,8.322779084666763,1022.8740021896641,1.926109554800483,1.0688756665331312,1.3946966000124421,0.4964955558165942,0.0,0.0,,0.0
0.75,fraction_0p75,random,4,11.685269488666563,728.5380808980229,5.441734727709421,2.5387346666623976,51.089410999975364,0.4964955558165942,0.0,0.0,,0.0
0.75,fraction_0p75,random,8,11.738902077666657,725.2011871512132,10.987907648106685,5.188644000099885,58.46183386665871,0.4964955558165942,0.0,0.0,,0.0
1.0,fraction_1p0,always,1,6.660560945666627,1704.5896626843387,0.5836282062666621,0.4319623333988905,0.5417370000486699,1.0,0.0,0.0,,0.0
1.0,fraction_1p0,always,2,11.135431788999844,1019.4169232282296,1.9314648736089561,1.0506853332117316,1.3771430000512435,1.0,0.0,0.0,,0.0
1.0,fraction_1p0,always,4,15.412772642000013,736.4718489081788,5.390062588495525,2.500936000008854,51.738252000025874,1.0,0.0,0.0,,0.0
1.0,fraction_1p0,always,8,15.452659803333367,734.5732442997008,10.83478944286873,5.111414666619869,58.33475650001674,1.0,0.0,0.0,,0.0
1.0,fraction_1p0,bc,1,6.819717452000077,1666.159039490755,0.5976763886897031,0.43183200007964234,0.5244796666374896,1.0,0.0,0.0,,0.0
1.0,fraction_1p0,bc,2,11.134542145000069,1019.4564150013093,1.9256954083357265,1.0556420000587725,1.3870418332923389,1.0,0.0,0.0,,0.0
1.0,fraction_1p0,bc,4,15.438615870000072,735.2412201827561,5.395725104425558,2.5092600000486223,50.99502300004133,1.0,0.0,0.0,,0.0
1.0,fraction_1p0,bc,8,15.486257267666588,732.9799210844316,10.856886444395835,5.127136999969177,58.46097766675484,1.0,0.0,0.0,,0.0
1.0,fraction_1p0,bc_live,1,3.666765278333363,3096.3970614631585,0.01215579787381693,0.011810999997881785,0.012514666726322806,1.0,0.0,0.0,,0.0
1.0,fraction_1p0,bc_live,2,3.952987019666883,2873.5413286304047,0.05326380069399961,0.012520666738661626,0.015936666538133675,1.0,0.0,0.0,,0.0
1.0,fraction_1p0,bc_live,4,3.9227254036668455,2894.900364170724,0.07269538801293618,0.012403666611741452,0.015204333370396247,1.0,0.0,0.0,,0.0
1.0,fraction_1p0,bc_live,8,4.027109964999909,2820.000901684483,0.07205181801825898,0.012502666474271487,0.020805333254732734,1.0,0.0,0.0,,0.0
1.0,fraction_1p0,never,1,6.578884651000105,1726.6751426930934,0.576369965524404,0.40814100005566917,0.5130401665761989,0.0,0.0,0.0,,0.0
1.0,fraction_1p0,never,2,10.779783618333264,1053.0396062190418,1.8630624546449537,1.012372999866784,1.3327078332470894,0.0,0.0,0.0,,0.0
1.0,fraction_1p0,never,4,14.929220156000005,760.3349967682753,5.221742126743883,2.41987333341361,49.16428033341921,0.0,0.0,0.0,,0.0
1.0,fraction_1p0,never,8,15.080881567666742,752.6830800145462,10.583367826740728,4.97947266664293,58.332181833369155,0.0,0.0,0.0,,0.0
1.0,fraction_1p0,proxy,1,7.355187301999952,1578.3072605651498,0.644846232137385,0.41472500000357587,1.3660583334361338,0.0,0.0,0.0,,0.0
1.0,fraction_1p0,proxy,2,10.841558853000151,1046.9947864193878,1.87026310263252,1.008827666585906,1.319163333164397,0.0,0.0,0.0,,0.0
1.0,fraction_1p0,proxy,4,14.922013699333547,760.7085597798638,5.217305720288207,2.4158810000092976,47.7845126667944,0.0,0.0,0.0,,0.0
1.0,fraction_1p0,proxy,8,15.090848015333298,752.200840334022,10.581428930726029,4.970667666687707,58.345443000007435,0.0,0.0,0.0,,0.0
1.0,fraction_1p0,random,1,6.873665807666687,1652.7048217738939,0.6023537463086263,0.4449219998908423,0.5603955000879068,0.49960355915778343,0.0,0.0,,0.0
1.0,fraction_1p0,random,2,11.300070564666536,1004.6198150907999,1.9574041046874353,1.0677853332102434,1.4066396666597332,0.49960355915778343,0.0,0.0,,0.0
1.0,fraction_1p0,random,4,15.542444282666716,730.3538084324946,5.436897595217798,2.5334843335258483,51.28263633325029,0.49960355915778343,0.0,0.0,,0.0
1.0,fraction_1p0,random,8,15.69883337600019,723.0515807391356,11.015760088039693,5.1994463333358,58.43645650005177,0.49960355915778343,0.0,0.0,,0.0
