policy_mode,seed,workers,decision_points,total_runtime_seconds,throughput_points_per_second,mean_latency_ms,median_latency_ms,p95_latency_ms,intervention_rate,unauthorized_invocations,fault_injected_count,trace_hash,memory_before_mb,memory_after_mb,memory_delta_mb,state_missing_count,dataset_fraction,workload_name,input_csv
proxy,1,1,1135,2.255626158000041,503.1862199214571,1.9837888951513434,1.7757119999259885,2.441420099899005,0.0,0,0,c24554611ddd20bf2c8031ab6d01a1e79b994655e666db305f10b9f887bf08d8,,,,0,0.1,fraction_0p1,paper_outputs/replay_input_clean.csv
proxy,1,2,1135,1.1013954259999537,1030.510907533084,1.9177687603523297,1.0226990000319347,1.3113201998976365,0.0,0,0,c24554611ddd20bf2c8031ab6d01a1e79b994655e666db305f10b9f887bf08d8,,,,0,0.1,fraction_0p1,paper_outputs/replay_input_clean.csv
proxy,1,4,1135,1.4078748739998446,806.1795980316112,4.895524071367008,2.396617999920636,12.677446799989399,0.0,0,0,c24554611ddd20bf2c8031ab6d01a1e79b994655e666db305f10b9f887bf08d8,,,,0,0.1,fraction_0p1,paper_outputs/replay_input_clean.csv
proxy,1,8,1135,1.526101036,743.725332219747,10.668864580615432,5.056096000089383,57.73091449991625,0.0,0,0,c24554611ddd20bf2c8031ab6d01a1e79b994655e666db305f10b9f887bf08d8,,,,0,0.1,fraction_0p1,paper_outputs/replay_input_clean.csv
proxy,2,1,1135,0.5712896709999313,1986.7329265964208,0.5002213453727735,0.4234450000240031,0.5583999999998923,0.0,0,0,c24554611ddd20bf2c8031ab6d01a1e79b994655e666db305f10b9f887bf08d8,,,,0,0.1,fraction_0p1,paper_outputs/replay_input_clean.csv
proxy,2,2,1135,1.1287974509998548,1005.4948290276977,1.9654814370066924,1.0306519998266594,1.5075078000791104,0.0,0,0,c24554611ddd20bf2c8031ab6d01a1e79b994655e666db305f10b9f887bf08d8,,,,0,0.1,fraction_0p1,paper_outputs/replay_input_clean.csv
proxy,2,4,1135,1.4566167179998502,779.2029200094055,5.107557421147068,2.424299000040264,13.079768600005078,0.0,0,0,c24554611ddd20bf2c8031ab6d01a1e79b994655e666db305f10b9f887bf08d8,,,,0,0.1,fraction_0p1,paper_outputs/replay_input_clean.csv
proxy,2,8,1135,1.456696612000087,779.1601838365037,10.226712737451711,4.963761999988492,57.85100529992633,0.0,0,0,c24554611ddd20bf2c8031ab6d01a1e79b994655e666db305f10b9f887bf08d8,,,,0,0.1,fraction_0p1,paper_outputs/replay_input_clean.csv
proxy,3,1,1135,0.6730238269999518,1686.418748440657,0.5899084440559594,0.4139380000651727,0.5163965999145148,0.0,0,0,c24554611ddd20bf2c8031ab6d01a1e79b994655e666db305f10b9f887bf08d8,,,,0,0.1,fraction_0p1,paper_outputs/replay_input_clean.csv
proxy,3,2,1135,1.0599143540000568,1070.8412389327252,1.8449099815022,1.0180149999996502,1.3092973000311754,0.0,0,0,c24554611ddd20bf2c8031ab6d01a1e79b994655e666db305f10b9f887bf08d8,,,,0,0.1,fraction_0p1,paper_outputs/replay_input_clean.csv
proxy,3,4,1135,1.4665549609999289,773.9225805940014,5.142798570043166,2.4090300000807474,22.133440600009624,0.0,0,0,c24554611ddd20bf2c8031ab6d01a1e79b994655e666db305f10b9f887bf08d8,,,,0,0.1,fraction_0p1,paper_outputs/replay_input_clean.csv
proxy,3,8,1135,1.4617450520001967,776.4691923854361,10.216759486341205,5.097086000205309,57.5262463000854,0.0,0,0,c24554611ddd20bf2c8031ab6d01a1e79b994655e666db305f10b9f887bf08d8,,,,0,0.1,fraction_0p1,paper_outputs/replay_input_clean.csv
bc,1,1,1135,0.6980180269999892,1626.0325035989617,0.6118292660746878,0.43044999983976595,0.5642085000772568,1.0,0,0,78be96175d6fd950e339abab28b98cb4ea12300ef91b6daf93a212b4ba73fa72,,,,0,0.1,fraction_0p1,paper_outputs/replay_input_clean.csv
bc,1,2,1135,1.0888496710001618,1042.384481741586,1.862691253739041,1.0837109998647065,1.61756489999334,1.0,0,0,78be96175d6fd950e339abab28b98cb4ea12300ef91b6daf93a212b4ba73fa72,,,,0,0.1,fraction_0p1,paper_outputs/replay_input_clean.csv
bc,1,4,1135,1.5545706059999702,730.105146475426,5.452823834364423,2.502123000112988,50.36428879998304,1.0,0,0,78be96175d6fd950e339abab28b98cb4ea12300ef91b6daf93a212b4ba73fa72,,,,0,0.1,fraction_0p1,paper_outputs/replay_input_clean.csv
bc,1,8,1135,1.5351271730000917,739.3524262761077,10.775887017621145,5.240289000084886,58.2403321999891,1.0,0,0,78be96175d6fd950e339abab28b98cb4ea12300ef91b6daf93a212b4ba73fa72,,,,0,0.1,fraction_0p1,paper_outputs/replay_input_clean.csv
bc,2,1,1135,0.6386653409999781,1777.1435635177813,0.5595263903106141,0.4346130001522397,0.5053635000649592,1.0,0,0,78be96175d6fd950e339abab28b98cb4ea12300ef91b6daf93a212b4ba73fa72,,,,0,0.1,fraction_0p1,paper_outputs/replay_input_clean.csv
bc,2,2,1135,1.0689441570000326,1061.795410515505,1.8605599753292326,1.0735179998846434,1.4806962999045936,1.0,0,0,78be96175d6fd950e339abab28b98cb4ea12300ef91b6daf93a212b4ba73fa72,,,,0,0.1,fraction_0p1,paper_outputs/replay_input_clean.csv
bc,2,4,1135,1.5547485960000813,730.0215629202219,5.453319896918449,2.557265999939773,47.38497679998077,1.0,0,0,78be96175d6fd950e339abab28b98cb4ea12300ef91b6daf93a212b4ba73fa72,,,,0,0.1,fraction_0p1,paper_outputs/replay_input_clean.csv
bc,2,8,1135,1.5036695369999507,754.8201064606906,10.512958132155775,5.1449990000946855,57.82574539998677,1.0,0,0,78be96175d6fd950e339abab28b98cb4ea12300ef91b6daf93a212b4ba73fa72,,,,0,0.1,fraction_0p1,paper_outputs/replay_input_clean.csv
bc,3,1,1135,0.6728155749999587,1686.9407340935436,0.5895221850262551,0.43922800000473217,0.56196999992153,1.0,0,0,78be96175d6fd950e339abab28b98cb4ea12300ef91b6daf93a212b4ba73fa72,,,,0,0.1,fraction_0p1,paper_outputs/replay_input_clean.csv
bc,3,2,1135,1.0750579650000418,1055.757026087385,1.871217093391235,1.0715880000589095,1.5069342000288086,1.0,0,0,78be96175d6fd950e339abab28b98cb4ea12300ef91b6daf93a212b4ba73fa72,,,,0,0.1,fraction_0p1,paper_outputs/replay_input_clean.csv
bc,3,4,1135,1.467074249999996,773.6486411645512,5.140902840529302,2.4911489999794867,16.12475709994183,1.0,0,0,78be96175d6fd950e339abab28b98cb4ea12300ef91b6daf93a212b4ba73fa72,,,,0,0.1,fraction_0p1,paper_outputs/replay_input_clean.csv
bc,3,8,1135,1.5305897559999266,741.5442286548626,10.74700530131613,5.17386800015629,58.125687100073264,1.0,0,0,78be96175d6fd950e339abab28b98cb4ea12300ef91b6daf93a212b4ba73fa72,,,,0,0.1,fraction_0p1,paper_outputs/replay_input_clean.csv
bc_live,1,1,1135,0.7521055560000605,1509.096683231933,0.01190923524133807,0.01169400002254406,0.012136799955442257,1.0,0,0,78be96175d6fd950e339abab28b98cb4ea12300ef91b6daf93a212b4ba73fa72,,,,0,0.1,fraction_0p1,paper_outputs/replay_input_clean.csv
bc_live,1,2,1135,0.39789407299986124,2852.51798661599,0.02112962642788045,0.01896699995995732,0.020074999906682933,1.0,0,0,78be96175d6fd950e339abab28b98cb4ea12300ef91b6daf93a212b4ba73fa72,,,,0,0.1,fraction_0p1,paper_outputs/replay_input_clean.csv
bc_live,1,4,1135,0.4038435599998138,2810.4942418805026,0.03739791013385551,0.012651999895751942,0.020199599953230063,1.0,0,0,78be96175d6fd950e339abab28b98cb4ea12300ef91b6daf93a212b4ba73fa72,,,,0,0.1,fraction_0p1,paper_outputs/replay_input_clean.csv
bc_live,1,8,1135,0.400139167999896,2836.513120355903,0.031904258151567645,0.012306999906286364,0.01691540003321276,1.0,0,0,78be96175d6fd950e339abab28b98cb4ea12300ef91b6daf93a212b4ba73fa72,,,,0,0.1,fraction_0p1,paper_outputs/replay_input_clean.csv
bc_live,2,1,1135,0.3648440720000963,3110.9180252754677,0.01238083524217693,0.011818999837487354,0.012761600032717979,1.0,0,0,78be96175d6fd950e339abab28b98cb4ea12300ef91b6daf93a212b4ba73fa72,,,,0,0.1,fraction_0p1,paper_outputs/replay_input_clean.csv
bc_live,2,2,1135,0.4039425050000318,2809.805816300294,0.015696902207233777,0.012769000022672117,0.02037960002780892,1.0,0,0,78be96175d6fd950e339abab28b98cb4ea12300ef91b6daf93a212b4ba73fa72,,,,0,0.1,fraction_0p1,paper_outputs/replay_input_clean.csv
bc_live,2,4,1135,0.44272680199992465,2563.657756595891,0.08919602202619262,0.012549000075523509,0.019495199990160462,1.0,0,0,78be96175d6fd950e339abab28b98cb4ea12300ef91b6daf93a212b4ba73fa72,,,,0,0.1,fraction_0p1,paper_outputs/replay_input_clean.csv
bc_live,2,8,1135,0.3872857840001416,2930.6523680703576,0.03065058414407526,0.012384000001475215,0.01664319988776697,1.0,0,0,78be96175d6fd950e339abab28b98cb4ea12300ef91b6daf93a212b4ba73fa72,,,,0,0.1,fraction_0p1,paper_outputs/replay_input_clean.csv
bc_live,3,1,1135,0.3677794499999436,3086.088687119887,0.012643371807789983,0.011758000027839444,0.01287889999730396,1.0,0,0,78be96175d6fd950e339abab28b98cb4ea12300ef91b6daf93a212b4ba73fa72,,,,0,0.1,fraction_0p1,paper_outputs/replay_input_clean.csv
bc_live,3,2,1135,0.3939287709999917,2881.2315412220146,0.025193831720270832,0.012464000064937863,0.01774140016550517,1.0,0,0,78be96175d6fd950e339abab28b98cb4ea12300ef91b6daf93a212b4ba73fa72,,,,0,0.1,fraction_0p1,paper_outputs/replay_input_clean.csv
bc_live,3,4,1135,0.38701960799994595,2932.667948958696,0.03394772951458932,0.012260999938007444,0.014710900018144447,1.0,0,0,78be96175d6fd950e339abab28b98cb4ea12300ef91b6daf93a212b4ba73fa72,,,,0,0.1,fraction_0p1,paper_outputs/replay_input_clean.csv
bc_live,3,8,1135,0.38949906200014084,2913.999315355449,0.026739770916643736,0.012357999821688281,0.01656129991260968,1.0,0,0,78be96175d6fd950e339abab28b98cb4ea12300ef91b6daf93a212b4ba73fa72,,,,0,0.1,fraction_0p1,paper_outputs/replay_input_clean.csv
random,1,1,1135,0.6956592179999461,1631.5459791694846,0.6097403110142483,0.44520999995256716,0.5300813000758352,0.5136563876651983,0,0,d90eea831bc9ade2ef0235f8528d5702fe5aad68d148eb54e970873326f28c10,,,,0,0.1,fraction_0p1,paper_outputs/replay_input_clean.csv
random,1,2,1135,1.134719086999894,1000.2475617122549,1.9763586819404368,1.0762059998796758,1.3652386999638109,0.5136563876651983,0,0,d90eea831bc9ade2ef0235f8528d5702fe5aad68d148eb54e970873326f28c10,,,,0,0.1,fraction_0p1,paper_outputs/replay_input_clean.csv
random,1,4,1135,1.5404316849999304,736.8064491610683,5.358588893390702,2.578055999947537,48.352257400074386,0.5136563876651983,0,0,d90eea831bc9ade2ef0235f8528d5702fe5aad68d148eb54e970873326f28c10,,,,0,0.1,fraction_0p1,paper_outputs/replay_input_clean.csv
random,1,8,1135,1.5437760059999164,735.2102867182803,10.842828374445306,5.261300000029223,58.09836679993623,0.5136563876651983,0,0,d90eea831bc9ade2ef0235f8528d5702fe5aad68d148eb54e970873326f28c10,,,,0,0.1,fraction_0p1,paper_outputs/replay_input_clean.csv
random,2,1,1135,0.7498170359999676,1513.7026041110769,0.6572359039639379,0.45368299993242545,0.5841047999410875,0.5092511013215859,0,0,1c067cfc6a4dd33841db8b0a129958e6c92d961778d2332dd5990b80f8e72c65,,,,0,0.1,fraction_0p1,paper_outputs/replay_input_clean.csv
random,2,2,1135,1.0662400110002181,1064.4882843359812,1.8199706299503209,1.0766319999220286,1.4129467999282497,0.5092511013215859,0,0,1c067cfc6a4dd33841db8b0a129958e6c92d961778d2332dd5990b80f8e72c65,,,,0,0.1,fraction_0p1,paper_outputs/replay_input_clean.csv
random,2,4,1135,1.5508942440001192,731.8358452814741,5.440833280174912,2.5713039999573084,49.83496280001417,0.5092511013215859,0,0,1c067cfc6a4dd33841db8b0a129958e6c92d961778d2332dd5990b80f8e72c65,,,,0,0.1,fraction_0p1,paper_outputs/replay_input_clean.csv
random,2,8,1135,1.5175075700001344,747.9369608679444,10.65494187753392,5.32306999980392,58.43940020010905,0.5092511013215859,0,0,1c067cfc6a4dd33841db8b0a129958e6c92d961778d2332dd5990b80f8e72c65,,,,0,0.1,fraction_0p1,paper_outputs/replay_input_clean.csv
random,3,1,1135,0.6932231020000472,1637.2795377496273,0.6074704299576317,0.44635700010076107,0.5527588000632021,0.5004405286343613,0,0,314c857f2620c48ff5598315200ac2bbc557ee42c6b6ff0d2aa62d41d8f6f508,,,,0,0.1,fraction_0p1,paper_outputs/replay_input_clean.csv
random,3,2,1135,1.077206158000081,1053.6516075132897,1.8746235506599114,1.0823159998381016,1.4907261000871583,0.5004405286343613,0,0,314c857f2620c48ff5598315200ac2bbc557ee42c6b6ff0d2aa62d41d8f6f508,,,,0,0.1,fraction_0p1,paper_outputs/replay_input_clean.csv
random,3,4,1135,1.532203587999902,740.7631785287743,5.373950374447336,2.5340039999264263,50.588642899992905,0.5004405286343613,0,0,314c857f2620c48ff5598315200ac2bbc557ee42c6b6ff0d2aa62d41d8f6f508,,,,0,0.1,fraction_0p1,paper_outputs/replay_input_clean.csv
random,3,8,1135,1.5967611529999886,710.8138858886731,11.145696890744828,5.213883999886093,58.72079249988928,0.5004405286343613,0,0,314c857f2620c48ff5598315200ac2bbc557ee42c6b6ff0d2aa62d41d8f6f508,,,,0,0.1,fraction_0p1,paper_outputs/replay_input_clean.csv
always,1,1,1135,0.6306986800000232,1799.5915260199345,0.5524023832673778,0.44145199990452966,0.6284365999363217,1.0,0,0,78be96175d6fd950e339abab28b98cb4ea12300ef91b6daf93a212b4ba73fa72,,,,0,0.1,fraction_0p1,paper_outputs/replay_input_clean.csv
always,1,2,1135,1.0776030800000171,1053.2635077471957,1.87572875418478,1.0820899999544054,1.5887619999830347,1.0,0,0,78be96175d6fd950e339abab28b98cb4ea12300ef91b6daf93a212b4ba73fa72,,,,0,0.1,fraction_0p1,paper_outputs/replay_input_clean.csv
always,1,4,1135,1.5542172059999757,730.2711587662205,5.45257468898605,2.533955999979298,48.12844059990763,1.0,0,0,78be96175d6fd950e339abab28b98cb4ea12300ef91b6daf93a212b4ba73fa72,,,,0,0.1,fraction_0p1,paper_outputs/replay_input_clean.csv
always,1,8,1135,1.5426172869999846,735.7625313581822,10.835437754186518,5.13612299982924,58.80428310001662,1.0,0,0,78be96175d6fd950e339abab28b98cb4ea12300ef91b6daf93a212b4ba73fa72,,,,0,0.1,fraction_0p1,paper_outputs/replay_input_clean.csv
always,2,1,1135,0.6899084230001336,1645.1458804696754,0.6046551110148958,0.4406519999520242,0.5781336999007181,1.0,0,0,78be96175d6fd950e339abab28b98cb4ea12300ef91b6daf93a212b4ba73fa72,,,,0,0.1,fraction_0p1,paper_outputs/replay_input_clean.csv
always,2,2,1135,1.0331598419998045,1098.5715412661334,1.7596716572677,1.059233999967546,1.475140200136593,1.0,0,0,78be96175d6fd950e339abab28b98cb4ea12300ef91b6daf93a212b4ba73fa72,,,,0,0.1,fraction_0p1,paper_outputs/replay_input_clean.csv
always,2,4,1135,1.4810927359999368,766.326086417352,5.195180869606445,2.499287000091499,13.690772399968397,1.0,0,0,78be96175d6fd950e339abab28b98cb4ea12300ef91b6daf93a212b4ba73fa72,,,,0,0.1,fraction_0p1,paper_outputs/replay_input_clean.csv
always,2,8,1135,1.599732971000094,709.4934095722488,11.192402339207097,5.152855999995154,58.55025520002072,1.0,0,0,78be96175d6fd950e339abab28b98cb4ea12300ef91b6daf93a212b4ba73fa72,,,,0,0.1,fraction_0p1,paper_outputs/replay_input_clean.csv
always,3,1,1135,0.6439540159999524,1762.5482127594712,0.564053065200355,0.43457600008878217,0.5476953000197682,1.0,0,0,78be96175d6fd950e339abab28b98cb4ea12300ef91b6daf93a212b4ba73fa72,,,,0,0.1,fraction_0p1,paper_outputs/replay_input_clean.csv
always,3,2,1135,1.065899563999892,1064.828280575331,1.85538168898908,1.0575270000572345,1.3884844000358498,1.0,0,0,78be96175d6fd950e339abab28b98cb4ea12300ef91b6daf93a212b4ba73fa72,,,,0,0.1,fraction_0p1,paper_outputs/replay_input_clean.csv
always,3,4,1135,1.5299779280001076,741.8407672610034,5.366771047575571,2.5016750000759203,53.93085689995587,1.0,0,0,78be96175d6fd950e339abab28b98cb4ea12300ef91b6daf93a212b4ba73fa72,,,,0,0.1,fraction_0p1,paper_outputs/replay_input_clean.csv
always,3,8,1135,1.5452318529999047,734.5176051066493,10.536021692513861,5.125328000076479,58.43792300011045,1.0,0,0,78be96175d6fd950e339abab28b98cb4ea12300ef91b6daf93a212b4ba73fa72,,,,0,0.1,fraction_0p1,paper_outputs/replay_input_clean.csv
never,1,1,1135,0.6491477409999789,1748.4463525230644,0.5687748387626445,0.41433599994888937,0.49414489994887845,0.0,0,0,c24554611ddd20bf2c8031ab6d01a1e79b994655e666db305f10b9f887bf08d8,,,,0,0.1,fraction_0p1,paper_outputs/replay_input_clean.csv
never,1,2,1135,0.9960589649999747,1139.4907730186724,1.7323405092515052,1.0041279999768449,1.2808945001097527,0.0,0,0,c24554611ddd20bf2c8031ab6d01a1e79b994655e666db305f10b9f887bf08d8,,,,0,0.1,fraction_0p1,paper_outputs/replay_input_clean.csv
never,1,4,1135,1.474371347999977,769.8196262018093,5.033974704848346,2.406589999964126,19.28519259999993,0.0,0,0,c24554611ddd20bf2c8031ab6d01a1e79b994655e666db305f10b9f887bf08d8,,,,0,0.1,fraction_0p1,paper_outputs/replay_input_clean.csv
never,1,8,1135,1.4604950319999261,777.1337629582963,10.257369715418664,4.98430799984817,57.95330830003422,0.0,0,0,c24554611ddd20bf2c8031ab6d01a1e79b994655e666db305f10b9f887bf08d8,,,,0,0.1,fraction_0p1,paper_outputs/replay_input_clean.csv
never,2,1,1135,0.6525324060000912,1739.3772164624745,0.571825893392705,0.41526800009705767,0.5183580000675646,0.0,0,0,c24554611ddd20bf2c8031ab6d01a1e79b994655e666db305f10b9f887bf08d8,,,,0,0.1,fraction_0p1,paper_outputs/replay_input_clean.csv
never,2,2,1135,1.0718767569999272,1058.8903925641118,1.8659980326016403,1.0091899998769804,1.3128947999575757,0.0,0,0,c24554611ddd20bf2c8031ab6d01a1e79b994655e666db305f10b9f887bf08d8,,,,0,0.1,fraction_0p1,paper_outputs/replay_input_clean.csv
never,2,4,1135,1.4494158949999019,783.0740672262856,5.037073644933172,2.3971989999154175,25.02223519995822,0.0,0,0,c24554611ddd20bf2c8031ab6d01a1e79b994655e666db305f10b9f887bf08d8,,,,0,0.1,fraction_0p1,paper_outputs/replay_input_clean.csv
never,2,8,1135,1.421422082999925,798.4961072256395,9.940232195597149,4.9268600000687,57.688315100085674,0.0,0,0,c24554611ddd20bf2c8031ab6d01a1e79b994655e666db305f10b9f887bf08d8,,,,0,0.1,fraction_0p1,paper_outputs/replay_input_clean.csv
never,3,1,1135,0.6365182310000819,1783.1382429010962,0.5577344017642104,0.41101400006482436,0.5019092998963969,0.0,0,0,c24554611ddd20bf2c8031ab6d01a1e79b994655e666db305f10b9f887bf08d8,,,,0,0.1,fraction_0p1,paper_outputs/replay_input_clean.csv
never,3,2,1135,1.0530269060000137,1077.8452037007924,1.794685408814448,1.0167400000682392,1.298284200015587,0.0,0,0,c24554611ddd20bf2c8031ab6d01a1e79b994655e666db305f10b9f887bf08d8,,,,0,0.1,fraction_0p1,paper_outputs/replay_input_clean.csv
never,3,4,1135,1.4589170760000343,777.9743061969434,5.073081643169267,2.448707999974431,13.425550000124531,0.0,0,0,c24554611ddd20bf2c8031ab6d01a1e79b994655e666db305f10b9f887bf08d8,,,,0,0.1,fraction_0p1,paper_outputs/replay_input_clean.csv
never,3,8,1135,1.4609074119998695,776.9143962698311,10.254108471363677,4.94642700004988,58.08820919987738,0.0,0,0,c24554611ddd20bf2c8031ab6d01a1e79b994655e666db305f10b9f887bf08d8,,,,0,0.1,fraction_0p1,paper_outputs/replay_input_clean.csv
proxy,1,1,2837,4.037981246000072,702.578795483576,1.4199959199863381,1.643574999889097,2.48452180003369,0.0,0,0,03b4016dec65d7298da2145469f4e9b953c9dec5a1f78acf4f791bcab1096bb4,,,,0,0.25,fraction_0p25,paper_outputs/replay_input_clean.csv
proxy,1,2,2837,2.702808773000015,1049.648805472478,1.882638566087741,1.0292669999216741,1.3821245999679364,0.0,0,0,03b4016dec65d7298da2145469f4e9b953c9dec5a1f78acf4f791bcab1096bb4,,,,0,0.25,fraction_0p25,paper_outputs/replay_input_clean.csv
proxy,1,4,2837,3.7450877179999225,757.5256478946,5.148010819878052,2.42882800012012,31.169425199912766,0.0,0,0,03b4016dec65d7298da2145469f4e9b953c9dec5a1f78acf4f791bcab1096bb4,,,,0,0.25,fraction_0p25,paper_outputs/replay_input_clean.csv
proxy,1,8,2837,3.7104178470001443,764.6039117383239,10.415591305956088,4.991188000076363,58.259613999962305,0.0,0,0,03b4016dec65d7298da2145469f4e9b953c9dec5a1f78acf4f791bcab1096bb4,,,,0,0.25,fraction_0p25,paper_outputs/replay_input_clean.csv
proxy,2,1,2837,1.7025993709999057,1666.2757242379816,0.5969664554111301,0.40763000015431317,0.5177490000278339,0.0,0,0,03b4016dec65d7298da2145469f4e9b953c9dec5a1f78acf4f791bcab1096bb4,,,,0,0.25,fraction_0p25,paper_outputs/replay_input_clean.csv
proxy,2,2,2837,2.7142264350000005,1045.2333539371778,1.8910980704972065,1.0170089999519405,1.3313548000041917,0.0,0,0,03b4016dec65d7298da2145469f4e9b953c9dec5a1f78acf4f791bcab1096bb4,,,,0,0.25,fraction_0p25,paper_outputs/replay_input_clean.csv
proxy,2,4,2837,3.688558508000142,769.1351496382149,5.178044549171022,2.441373999999996,46.70124520016496,0.0,0,0,03b4016dec65d7298da2145469f4e9b953c9dec5a1f78acf4f791bcab1096bb4,,,,0,0.25,fraction_0p25,paper_outputs/replay_input_clean.csv
proxy,2,8,2837,3.788849397000149,748.7761329986398,10.635995471975333,5.02628399999594,58.25094659999195,0.0,0,0,03b4016dec65d7298da2145469f4e9b953c9dec5a1f78acf4f791bcab1096bb4,,,,0,0.25,fraction_0p25,paper_outputs/replay_input_clean.csv
proxy,3,1,2837,1.6800797630000943,1688.6103043905546,0.5887975865359263,0.4134939999858034,0.5205442001170012,0.0,0,0,03b4016dec65d7298da2145469f4e9b953c9dec5a1f78acf4f791bcab1096bb4,,,,0,0.25,fraction_0p25,paper_outputs/replay_input_clean.csv
proxy,3,2,2837,2.776267059999782,1021.8757557135814,1.9084529478343586,1.0336330001337046,1.5052866000132772,0.0,0,0,03b4016dec65d7298da2145469f4e9b953c9dec5a1f78acf4f791bcab1096bb4,,,,0,0.25,fraction_0p25,paper_outputs/replay_input_clean.csv
proxy,3,4,2837,3.718224444000043,762.998587828112,5.218774530488148,2.446922999979506,46.424060999924805,0.0,0,0,03b4016dec65d7298da2145469f4e9b953c9dec5a1f78acf4f791bcab1096bb4,,,,0,0.25,fraction_0p25,paper_outputs/replay_input_clean.csv
proxy,3,8,2837,3.706427781000002,765.4270277551641,10.422760556221661,4.940015000101994,58.089038800062525,0.0,0,0,03b4016dec65d7298da2145469f4e9b953c9dec5a1f78acf4f791bcab1096bb4,,,,0,0.25,fraction_0p25,paper_outputs/replay_input_clean.csv
bc,1,1,2837,1.6830403569999817,1685.6399124361762,0.589985321465829,0.44179199994687224,0.5597293999926477,1.0,0,0,7b07c0c01f0b72dd397627243151dcb39d907e48a31b0073be0925d187f05bf9,,,,0,0.25,fraction_0p25,paper_outputs/replay_input_clean.csv
bc,1,2,2837,2.792491872000028,1015.938498674338,1.9466655022914456,1.0550229999353178,1.35387600012109,1.0,0,0,7b07c0c01f0b72dd397627243151dcb39d907e48a31b0073be0925d187f05bf9,,,,0,0.25,fraction_0p25,paper_outputs/replay_input_clean.csv
bc,1,4,2837,3.7747203820001687,751.5788489998604,5.282275681355264,2.5135779999345687,48.5513217999141,1.0,0,0,7b07c0c01f0b72dd397627243151dcb39d907e48a31b0073be0925d187f05bf9,,,,0,0.25,fraction_0p25,paper_outputs/replay_input_clean.csv
bc,1,8,2837,3.8841577400000915,730.4028800848683,10.877912651746124,5.172949000098015,58.522727600029604,1.0,0,0,7b07c0c01f0b72dd397627243151dcb39d907e48a31b0073be0925d187f05bf9,,,,0,0.25,fraction_0p25,paper_outputs/replay_input_clean.csv
bc,2,1,2837,1.6826668939997944,1686.014035289118,0.5898466672548914,0.43300099991938623,0.5495489999702841,1.0,0,0,7b07c0c01f0b72dd397627243151dcb39d907e48a31b0073be0925d187f05bf9,,,,0,0.25,fraction_0p25,paper_outputs/replay_input_clean.csv
bc,2,2,2837,2.757335416999922,1028.8918723884365,1.9215529707457044,1.0595679998459673,1.4155207999920092,1.0,0,0,7b07c0c01f0b72dd397627243151dcb39d907e48a31b0073be0925d187f05bf9,,,,0,0.25,fraction_0p25,paper_outputs/replay_input_clean.csv
bc,2,4,2837,3.877168107999978,731.7196265352176,5.41373350898732,2.5269569998727093,51.997136200043286,1.0,0,0,7b07c0c01f0b72dd397627243151dcb39d907e48a31b0073be0925d187f05bf9,,,,0,0.25,fraction_0p25,paper_outputs/replay_input_clean.csv
bc,2,8,2837,3.8105944590001855,744.5032607181099,10.70410615227113,5.146996000121362,58.446574000026885,1.0,0,0,7b07c0c01f0b72dd397627243151dcb39d907e48a31b0073be0925d187f05bf9,,,,0,0.25,fraction_0p25,paper_outputs/replay_input_clean.csv
bc,3,1,2837,1.7141405370000484,1655.0568280504529,0.600991308425966,0.4234329999235342,0.475142799950845,1.0,0,0,7b07c0c01f0b72dd397627243151dcb39d907e48a31b0073be0925d187f05bf9,,,,0,0.25,fraction_0p25,paper_outputs/replay_input_clean.csv
bc,3,2,2837,2.76493623500005,1026.0634455463123,1.9266509520607251,1.059620999967592,1.462631800040981,1.0,0,0,7b07c0c01f0b72dd397627243151dcb39d907e48a31b0073be0925d187f05bf9,,,,0,0.25,fraction_0p25,paper_outputs/replay_input_clean.csv
bc,3,4,2837,3.7710501120000117,752.3103421437618,5.256319479027169,2.5099459999182727,49.288197599980776,1.0,0,0,7b07c0c01f0b72dd397627243151dcb39d907e48a31b0073be0925d187f05bf9,,,,0,0.25,fraction_0p25,paper_outputs/replay_input_clean.csv
bc,3,8,2837,3.8940242430001035,728.5522182096812,10.914741235810002,5.233849999967788,58.20700319986827,1.0,0,0,7b07c0c01f0b72dd397627243151dcb39d907e48a31b0073be0925d187f05bf9,,,,0,0.25,fraction_0p25,paper_outputs/replay_input_clean.csv
bc_live,1,1,2837,0.9236542859998735,3071.4955184004725,0.012977302080463826,0.01186400004371535,0.015973200061125674,1.0,0,0,7b07c0c01f0b72dd397627243151dcb39d907e48a31b0073be0925d187f05bf9,,,,0,0.25,fraction_0p25,paper_outputs/replay_input_clean.csv
bc_live,1,2,2837,1.0262376559999211,2764.466869261147,0.07512116954507651,0.012508000054367585,0.016699400066499948,1.0,0,0,7b07c0c01f0b72dd397627243151dcb39d907e48a31b0073be0925d187f05bf9,,,,0,0.25,fraction_0p25,paper_outputs/replay_input_clean.csv
bc_live,1,4,2837,0.9638036670000929,2943.5455551132764,0.048761928446816816,0.01236799994330795,0.020902799951727502,1.0,0,0,7b07c0c01f0b72dd397627243151dcb39d907e48a31b0073be0925d187f05bf9,,,,0,0.25,fraction_0p25,paper_outputs/replay_input_clean.csv
bc_live,1,8,2837,1.0044027279998318,2824.564212056257,0.09255923581155842,0.012378000064927619,0.020027999926242043,1.0,0,0,7b07c0c01f0b72dd397627243151dcb39d907e48a31b0073be0925d187f05bf9,,,,0,0.25,fraction_0p25,paper_outputs/replay_input_clean.csv
bc_live,2,1,2837,0.897943338999994,3159.442112638712,0.012038131475666021,0.011628999800450401,0.012078200052201282,1.0,0,0,7b07c0c01f0b72dd397627243151dcb39d907e48a31b0073be0925d187f05bf9,,,,0,0.25,fraction_0p25,paper_outputs/replay_input_clean.csv
bc_live,2,2,2837,1.0168055499998445,2790.110655867716,0.06394666831272618,0.012333999848124222,0.01702699983070488,1.0,0,0,7b07c0c01f0b72dd397627243151dcb39d907e48a31b0073be0925d187f05bf9,,,,0,0.25,fraction_0p25,paper_outputs/replay_input_clean.csv
bc_live,2,4,2837,0.9731895630000054,2915.1566229856744,0.022747680998408633,0.01246800002263626,0.014261400019677227,1.0,0,0,7b07c0c01f0b72dd397627243151dcb39d907e48a31b0073be0925d187f05bf9,,,,0,0.25,fraction_0p25,paper_outputs/replay_input_clean.csv
bc_live,2,8,2837,1.010184307999907,2808.398405650408,0.09743173845900469,0.0124450000384968,0.02244640008939311,1.0,0,0,7b07c0c01f0b72dd397627243151dcb39d907e48a31b0073be0925d187f05bf9,,,,0,0.25,fraction_0p25,paper_outputs/replay_input_clean.csv
bc_live,3,1,2837,0.8959519710001587,3166.4643773628104,0.011859478321537525,0.011675999985527596,0.012138400097683189,1.0,0,0,7b07c0c01f0b72dd397627243151dcb39d907e48a31b0073be0925d187f05bf9,,,,0,0.25,fraction_0p25,paper_outputs/replay_input_clean.csv
bc_live,3,2,2837,0.9691722610000397,2927.240196776416,0.026624323225576726,0.012516999959188979,0.01678160010669671,1.0,0,0,7b07c0c01f0b72dd397627243151dcb39d907e48a31b0073be0925d187f05bf9,,,,0,0.25,fraction_0p25,paper_outputs/replay_input_clean.csv
bc_live,3,4,2837,1.0179276010001104,2787.0351459304743,0.03328268946234028,0.012582999943333562,0.01543520006634935,1.0,0,0,7b07c0c01f0b72dd397627243151dcb39d907e48a31b0073be0925d187f05bf9,,,,0,0.25,fraction_0p25,paper_outputs/replay_input_clean.csv
bc_live,3,8,2837,0.971904147000032,2919.012135874657,0.031661376102640595,0.012369999922157149,0.0190743999155529,1.0,0,0,7b07c0c01f0b72dd397627243151dcb39d907e48a31b0073be0925d187f05bf9,,,,0,0.25,fraction_0p25,paper_outputs/replay_input_clean.csv
random,1,1,2837,1.6955414999999903,1673.2117733479342,0.5944517694807199,0.4381430001103581,0.5877088000033834,0.5107507930912936,0,0,e75d7807a1c3ce68ea6f2612c6b43ecc371ac98073c46e5d9bd277533990c764,,,,0,0.25,fraction_0p25,paper_outputs/replay_input_clean.csv
random,1,2,2837,2.8613308569999845,991.4966642391385,1.9794829058859027,1.0953519999929995,1.5805414001079041,0.5107507930912936,0,0,e75d7807a1c3ce68ea6f2612c6b43ecc371ac98073c46e5d9bd277533990c764,,,,0,0.25,fraction_0p25,paper_outputs/replay_input_clean.csv
random,1,4,2837,3.860342682999999,734.9088495416356,5.419883207965187,2.540092999879562,50.06652179990851,0.5107507930912936,0,0,e75d7807a1c3ce68ea6f2612c6b43ecc371ac98073c46e5d9bd277533990c764,,,,0,0.25,fraction_0p25,paper_outputs/replay_input_clean.csv
random,1,8,2837,3.796781438999915,747.2118281181008,10.67646217412971,5.193131999931211,57.66737379990445,0.5107507930912936,0,0,e75d7807a1c3ce68ea6f2612c6b43ecc371ac98073c46e5d9bd277533990c764,,,,0,0.25,fraction_0p25,paper_outputs/replay_input_clean.csv
random,2,1,2837,1.6507227270001295,1718.6411464484413,0.5771948593568532,0.4429699999946024,0.5519097998785581,0.4920690870637998,0,0,bef26b728889237a79986c4e4ba36fbf24898ddcd55f9b665efb51607678751f,,,,0,0.25,fraction_0p25,paper_outputs/replay_input_clean.csv
random,2,2,2837,2.7848330349997923,1018.7325287888261,1.940591858652713,1.0635119999733433,1.3689608000731819,0.4920690870637998,0,0,bef26b728889237a79986c4e4ba36fbf24898ddcd55f9b665efb51607678751f,,,,0,0.25,fraction_0p25,paper_outputs/replay_input_clean.csv
random,2,4,2837,3.8807460040000024,731.0450096645898,5.411179735283549,2.5327280000055907,52.66182320001459,0.4920690870637998,0,0,bef26b728889237a79986c4e4ba36fbf24898ddcd55f9b665efb51607678751f,,,,0,0.25,fraction_0p25,paper_outputs/replay_input_clean.csv
random,2,8,2837,3.8145041059999585,743.7401877579814,10.70832285336879,5.191383000010319,57.925830199974364,0.4920690870637998,0,0,bef26b728889237a79986c4e4ba36fbf24898ddcd55f9b665efb51607678751f,,,,0,0.25,fraction_0p25,paper_outputs/replay_input_clean.csv
random,3,1,2837,1.5996790090000559,1773.4807946085268,0.5607228970712597,0.43729699996220006,0.4984052000054362,0.47937962636587944,0,0,0d9defc5312db542813e08c34ce68ab55a4a527a28793e5417106bb78954c158,,,,0,0.25,fraction_0p25,paper_outputs/replay_input_clean.csv
random,3,2,2837,2.7866471059999185,1018.0693471705358,1.9420249020089364,1.067065000142975,1.427488999934212,0.47937962636587944,0,0,0d9defc5312db542813e08c34ce68ab55a4a527a28793e5417106bb78954c158,,,,0,0.25,fraction_0p25,paper_outputs/replay_input_clean.csv
random,3,4,2837,3.881426337999983,730.9168725489317,5.430852603104288,2.57040299993605,50.80586639987804,0.47937962636587944,0,0,0d9defc5312db542813e08c34ce68ab55a4a527a28793e5417106bb78954c158,,,,0,0.25,fraction_0p25,paper_outputs/replay_input_clean.csv
random,3,8,2837,3.891257515999996,729.0702268700746,10.945105085302687,5.201832000011564,58.140850600057085,0.47937962636587944,0,0,0d9defc5312db542813e08c34ce68ab55a4a527a28793e5417106bb78954c158,,,,0,0.25,fraction_0p25,paper_outputs/replay_input_clean.csv
always,1,1,2837,1.8565895739998268,1528.0706300035833,0.6511028977807949,0.43807499991999066,0.5907311999635567,1.0,0,0,7b07c0c01f0b72dd397627243151dcb39d907e48a31b0073be0925d187f05bf9,,,,0,0.25,fraction_0p25,paper_outputs/replay_input_clean.csv
always,1,2,2837,2.7624669449999146,1026.9806142422774,1.9094272333456275,1.051577999987785,1.4190214000791457,1.0,0,0,7b07c0c01f0b72dd397627243151dcb39d907e48a31b0073be0925d187f05bf9,,,,0,0.25,fraction_0p25,paper_outputs/replay_input_clean.csv
always,1,4,2837,3.85792038600016,735.3702814332474,5.342592873105976,2.5308570000106556,40.02022300010093,1.0,0,0,7b07c0c01f0b72dd397627243151dcb39d907e48a31b0073be0925d187f05bf9,,,,0,0.25,fraction_0p25,paper_outputs/replay_input_clean.csv
always,1,8,2837,3.8002131020000434,746.5370819617704,10.690042091648593,5.081842999970831,58.12810720003653,1.0,0,0,7b07c0c01f0b72dd397627243151dcb39d907e48a31b0073be0925d187f05bf9,,,,0,0.25,fraction_0p25,paper_outputs/replay_input_clean.csv
always,2,1,2837,1.5981909360000373,1775.1320797128672,0.5602298790995495,0.42588900009832287,0.5158167999525175,1.0,0,0,7b07c0c01f0b72dd397627243151dcb39d907e48a31b0073be0925d187f05bf9,,,,0,0.25,fraction_0p25,paper_outputs/replay_input_clean.csv
always,2,2,2837,2.7607179990000077,1027.6312180482118,1.9240423757501923,1.0527819999879284,1.3940210000782824,1.0,0,0,7b07c0c01f0b72dd397627243151dcb39d907e48a31b0073be0925d187f05bf9,,,,0,0.25,fraction_0p25,paper_outputs/replay_input_clean.csv
always,2,4,2837,3.853654502000154,736.1843150514708,5.371781645750815,2.514534000056301,49.25611540011231,1.0,0,0,7b07c0c01f0b72dd397627243151dcb39d907e48a31b0073be0925d187f05bf9,,,,0,0.25,fraction_0p25,paper_outputs/replay_input_clean.csv
always,2,8,2837,3.8159150200001477,743.4651938343978,10.72306756150873,5.116845999964426,58.318672000086735,1.0,0,0,7b07c0c01f0b72dd397627243151dcb39d907e48a31b0073be0925d187f05bf9,,,,0,0.25,fraction_0p25,paper_outputs/replay_input_clean.csv
always,3,1,2837,1.7346410549998836,1635.496860761312,0.6083232879794801,0.4290209999453509,0.4958944000918562,1.0,0,0,7b07c0c01f0b72dd397627243151dcb39d907e48a31b0073be0925d187f05bf9,,,,0,0.25,fraction_0p25,paper_outputs/replay_input_clean.csv
always,3,2,2837,2.786988561999806,1017.9446154469714,1.9427136235440732,1.0603120001633215,1.4369198000167671,1.0,0,0,7b07c0c01f0b72dd397627243151dcb39d907e48a31b0073be0925d187f05bf9,,,,0,0.25,fraction_0p25,paper_outputs/replay_input_clean.csv
always,3,4,2837,3.7746235679999245,751.5981259829978,5.264396503348111,2.497659000027852,50.96186999994635,1.0,0,0,7b07c0c01f0b72dd397627243151dcb39d907e48a31b0073be0925d187f05bf9,,,,0,0.25,fraction_0p25,paper_outputs/replay_input_clean.csv
always,3,8,2837,3.8630015950000143,734.4030102581382,10.831256675361617,5.116495000038412,58.43922979997841,1.0,0,0,7b07c0c01f0b72dd397627243151dcb39d907e48a31b0073be0925d187f05bf9,,,,0,0.25,fraction_0p25,paper_outputs/replay_input_clean.csv
never,1,1,2837,1.6278370999998515,1742.8033800189583,0.5706795505815019,0.4094030000487692,0.5119733999890741,0.0,0,0,03b4016dec65d7298da2145469f4e9b953c9dec5a1f78acf4f791bcab1096bb4,,,,0,0.25,fraction_0p25,paper_outputs/replay_input_clean.csv
never,1,2,2837,2.660766163000062,1066.2342446512591,1.853379225591184,1.0108650001257047,1.335296200113589,0.0,0,0,03b4016dec65d7298da2145469f4e9b953c9dec5a1f78acf4f791bcab1096bb4,,,,0,0.25,fraction_0p25,paper_outputs/replay_input_clean.csv
never,1,4,2837,3.658023254999989,775.5554850894486,5.135052696864087,2.41658599998118,30.28985940013604,0.0,0,0,03b4016dec65d7298da2145469f4e9b953c9dec5a1f78acf4f791bcab1096bb4,,,,0,0.25,fraction_0p25,paper_outputs/replay_input_clean.csv
never,1,8,2837,3.702330229999916,766.2741635016346,10.354436267889046,5.041140999992422,57.91916719995242,0.0,0,0,03b4016dec65d7298da2145469f4e9b953c9dec5a1f78acf4f791bcab1096bb4,,,,0,0.25,fraction_0p25,paper_outputs/replay_input_clean.csv
never,2,1,2837,1.6921662290001223,1676.549236936577,0.5932275519905662,0.42016799989141873,0.5769282000073872,0.0,0,0,03b4016dec65d7298da2145469f4e9b953c9dec5a1f78acf4f791bcab1096bb4,,,,0,0.25,fraction_0p25,paper_outputs/replay_input_clean.csv
never,2,2,2837,2.657616948000168,1067.4977077245146,1.8512281698962352,1.0110050000093906,1.3473070000145524,0.0,0,0,03b4016dec65d7298da2145469f4e9b953c9dec5a1f78acf4f791bcab1096bb4,,,,0,0.25,fraction_0p25,paper_outputs/replay_input_clean.csv
never,2,4,2837,3.749570444000028,756.6200028431787,5.228264833975863,2.4334690001523995,38.801893600156724,0.0,0,0,03b4016dec65d7298da2145469f4e9b953c9dec5a1f78acf4f791bcab1096bb4,,,,0,0.25,fraction_0p25,paper_outputs/replay_input_clean.csv
never,2,8,2837,3.691657492999866,768.489494320513,10.379393864998596,4.989511999838214,57.44026939992182,0.0,0,0,03b4016dec65d7298da2145469f4e9b953c9dec5a1f78acf4f791bcab1096bb4,,,,0,0.25,fraction_0p25,paper_outputs/replay_input_clean.csv
never,3,1,2837,1.7003175960001045,1668.5118160712286,0.5961965431834633,0.410894999959055,0.5047389999617735,0.0,0,0,03b4016dec65d7298da2145469f4e9b953c9dec5a1f78acf4f791bcab1096bb4,,,,0,0.25,fraction_0p25,paper_outputs/replay_input_clean.csv
never,3,2,2837,2.669808826999997,1062.6229006770766,1.844000191044237,1.0138509999251255,1.3136554000993779,0.0,0,0,03b4016dec65d7298da2145469f4e9b953c9dec5a1f78acf4f791bcab1096bb4,,,,0,0.25,fraction_0p25,paper_outputs/replay_input_clean.csv
never,3,4,2837,3.666705419999971,773.7190952198233,5.10762027564328,2.4080289999801607,30.73817879999294,0.0,0,0,03b4016dec65d7298da2145469f4e9b953c9dec5a1f78acf4f791bcab1096bb4,,,,0,0.25,fraction_0p25,paper_outputs/replay_input_clean.csv
never,3,8,2837,3.78641668399996,749.2572098544108,10.645484650684025,4.992986999923232,58.00392559995089,0.0,0,0,03b4016dec65d7298da2145469f4e9b953c9dec5a1f78acf4f791bcab1096bb4,,,,0,0.25,fraction_0p25,paper_outputs/replay_input_clean.csv
proxy,1,1,5675,7.207517556000084,787.3723450421151,1.2667086100447247,1.406507999945461,2.313765200119633,0.0,0,0,5aeeadc92fcdd679ffd2f058d347aa605af2aa914f3477ce7234428d23f20754,,,,0,0.5,fraction_0p5,paper_outputs/replay_input_clean.csv
proxy,1,2,5675,5.362986625999838,1058.1790326471291,1.8449351048463585,1.0124410000571515,1.3092917000449233,0.0,0,0,5aeeadc92fcdd679ffd2f058d347aa605af2aa914f3477ce7234428d23f20754,,,,0,0.5,fraction_0p5,paper_outputs/replay_input_clean.csv
proxy,1,4,5675,7.45295913699988,761.4425217799354,5.2304897027290025,2.4189180001030763,49.82050709993474,0.0,0,0,5aeeadc92fcdd679ffd2f058d347aa605af2aa914f3477ce7234428d23f20754,,,,0,0.5,fraction_0p5,paper_outputs/replay_input_clean.csv
proxy,1,8,5675,7.482277027999999,758.4589529047308,10.522189354888656,4.970747000015763,58.27752190002684,0.0,0,0,5aeeadc92fcdd679ffd2f058d347aa605af2aa914f3477ce7234428d23f20754,,,,0,0.5,fraction_0p5,paper_outputs/replay_input_clean.csv
proxy,2,1,5675,3.2058393229999638,1770.2072462850203,0.5618125744495206,0.412383999901067,0.5063885999788909,0.0,0,0,5aeeadc92fcdd679ffd2f058d347aa605af2aa914f3477ce7234428d23f20754,,,,0,0.5,fraction_0p5,paper_outputs/replay_input_clean.csv
proxy,2,2,5675,5.355955950999942,1059.5680868025984,1.852118408809282,1.019446000100288,1.3691370000060488,0.0,0,0,5aeeadc92fcdd679ffd2f058d347aa605af2aa914f3477ce7234428d23f20754,,,,0,0.5,fraction_0p5,paper_outputs/replay_input_clean.csv
proxy,2,4,5675,7.500755573999868,756.5904453241286,5.236579632072978,2.4402909998570976,47.98757090006808,0.0,0,0,5aeeadc92fcdd679ffd2f058d347aa605af2aa914f3477ce7234428d23f20754,,,,0,0.5,fraction_0p5,paper_outputs/replay_input_clean.csv
proxy,2,8,5675,7.560657401000071,750.5961054721711,10.58649576792871,4.974342000195975,58.27080959986688,0.0,0,0,5aeeadc92fcdd679ffd2f058d347aa605af2aa914f3477ce7234428d23f20754,,,,0,0.5,fraction_0p5,paper_outputs/replay_input_clean.csv
proxy,3,1,5675,3.286056907000102,1726.9938289598294,0.5759519467840174,0.41008199991665606,0.477725000018836,0.0,0,0,5aeeadc92fcdd679ffd2f058d347aa605af2aa914f3477ce7234428d23f20754,,,,0,0.5,fraction_0p5,paper_outputs/replay_input_clean.csv
proxy,3,2,5675,5.374699860999954,1055.872913235415,1.8646960599127476,1.0192009999627771,1.3235979999308263,0.0,0,0,5aeeadc92fcdd679ffd2f058d347aa605af2aa914f3477ce7234428d23f20754,,,,0,0.5,fraction_0p5,paper_outputs/replay_input_clean.csv
proxy,3,4,5675,7.493413047999866,757.3318010962662,5.237907383962892,2.4219469999025023,49.39821090013084,0.0,0,0,5aeeadc92fcdd679ffd2f058d347aa605af2aa914f3477ce7234428d23f20754,,,,0,0.5,fraction_0p5,paper_outputs/replay_input_clean.csv
proxy,3,8,5675,7.532247374000008,753.4271935344425,10.584475841234626,4.975441999931718,58.59616410000399,0.0,0,0,5aeeadc92fcdd679ffd2f058d347aa605af2aa914f3477ce7234428d23f20754,,,,0,0.5,fraction_0p5,paper_outputs/replay_input_clean.csv
bc,1,1,5675,3.5680374209998718,1590.5102246404394,0.6255841820249033,0.4315620001307252,0.510178000081396,1.0,0,0,0e5775445f525e491057d7a8f5ea715419a48a9fc23d5e0a528c4acae88567db,,,,0,0.5,fraction_0p5,paper_outputs/replay_input_clean.csv
bc,1,2,5675,5.5027016830001685,1031.3115860036758,1.917664907313486,1.0547460001362197,1.3307181999834938,1.0,0,0,0e5775445f525e491057d7a8f5ea715419a48a9fc23d5e0a528c4acae88567db,,,,0,0.5,fraction_0p5,paper_outputs/replay_input_clean.csv
bc,1,4,5675,7.713965518999885,735.6786838134277,5.406304496740439,2.514606999966418,50.32676170008017,1.0,0,0,0e5775445f525e491057d7a8f5ea715419a48a9fc23d5e0a528c4acae88567db,,,,0,0.5,fraction_0p5,paper_outputs/replay_input_clean.csv
bc,1,8,5675,7.768206166000027,730.5418881438039,10.867902356122665,5.142895000062708,58.211105800046425,1.0,0,0,0e5775445f525e491057d7a8f5ea715419a48a9fc23d5e0a528c4acae88567db,,,,0,0.5,fraction_0p5,paper_outputs/replay_input_clean.csv
bc,2,1,5675,3.4323769269999502,1653.3731931825453,0.6015249758588993,0.43841999990945624,0.5477492999489186,1.0,0,0,0e5775445f525e491057d7a8f5ea715419a48a9fc23d5e0a528c4acae88567db,,,,0,0.5,fraction_0p5,paper_outputs/replay_input_clean.csv
bc,2,2,5675,5.575982162999935,1017.7579185344439,1.9327934026423144,1.050452999834306,1.356557299936867,1.0,0,0,0e5775445f525e491057d7a8f5ea715419a48a9fc23d5e0a528c4acae88567db,,,,0,0.5,fraction_0p5,paper_outputs/replay_input_clean.csv
bc,2,4,5675,7.674287057999891,739.482372383272,5.368809272245998,2.505548999806706,49.72021980004231,1.0,0,0,0e5775445f525e491057d7a8f5ea715419a48a9fc23d5e0a528c4acae88567db,,,,0,0.5,fraction_0p5,paper_outputs/replay_input_clean.csv
bc,2,8,5675,7.6778021259999605,739.1438209617685,10.798892469778934,5.09695499999907,58.25175649990797,1.0,0,0,0e5775445f525e491057d7a8f5ea715419a48a9fc23d5e0a528c4acae88567db,,,,0,0.5,fraction_0p5,paper_outputs/replay_input_clean.csv
bc,3,1,5675,3.2888794860000417,1725.511689971339,0.5762503982364632,0.4475729999739997,0.5631485999856523,1.0,0,0,0e5775445f525e491057d7a8f5ea715419a48a9fc23d5e0a528c4acae88567db,,,,0,0.5,fraction_0p5,paper_outputs/replay_input_clean.csv
bc,3,2,5675,5.452823630000012,1040.7451964478792,1.8789482903948216,1.0521149999931367,1.3516664000007952,1.0,0,0,0e5775445f525e491057d7a8f5ea715419a48a9fc23d5e0a528c4acae88567db,,,,0,0.5,fraction_0p5,paper_outputs/replay_input_clean.csv
bc,3,4,5675,7.7121126960000765,735.8554294653092,5.3588247210578706,2.505774999917776,50.56013660007471,1.0,0,0,0e5775445f525e491057d7a8f5ea715419a48a9fc23d5e0a528c4acae88567db,,,,0,0.5,fraction_0p5,paper_outputs/replay_input_clean.csv
bc,3,8,5675,7.7641617720000795,730.9224313776884,10.912973659734286,5.156352000085462,58.6561091001613,1.0,0,0,0e5775445f525e491057d7a8f5ea715419a48a9fc23d5e0a528c4acae88567db,,,,0,0.5,fraction_0p5,paper_outputs/replay_input_clean.csv
bc_live,1,1,5675,1.8237105120001615,3111.7877331177533,0.012086066787043563,0.011885000049005612,0.012441900071280543,1.0,0,0,0e5775445f525e491057d7a8f5ea715419a48a9fc23d5e0a528c4acae88567db,,,,0,0.5,fraction_0p5,paper_outputs/replay_input_clean.csv
bc_live,1,2,5675,1.9750205830000596,2873.387775726198,0.05369949585820556,0.012388999948598212,0.01767230000950804,1.0,0,0,0e5775445f525e491057d7a8f5ea715419a48a9fc23d5e0a528c4acae88567db,,,,0,0.5,fraction_0p5,paper_outputs/replay_input_clean.csv
bc_live,1,4,5675,2.0375020930000574,2785.2732124775494,0.05234007858975909,0.012619000017366488,0.02209790004599199,1.0,0,0,0e5775445f525e491057d7a8f5ea715419a48a9fc23d5e0a528c4acae88567db,,,,0,0.5,fraction_0p5,paper_outputs/replay_input_clean.csv
bc_live,1,8,5675,2.0071696619997965,2827.3643765349893,0.0844033941852472,0.012462000086088665,0.014485100064121072,1.0,0,0,0e5775445f525e491057d7a8f5ea715419a48a9fc23d5e0a528c4acae88567db,,,,0,0.5,fraction_0p5,paper_outputs/replay_input_clean.csv
bc_live,2,1,5675,1.882067791000054,3015.3005259096094,0.011862483525245235,0.011702999927365454,0.012199299908388639,1.0,0,0,0e5775445f525e491057d7a8f5ea715419a48a9fc23d5e0a528c4acae88567db,,,,0,0.5,fraction_0p5,paper_outputs/replay_input_clean.csv
bc_live,2,2,5675,1.9610862130000442,2893.8044448940664,0.0589751809711903,0.012599000001500826,0.020224600075380295,1.0,0,0,0e5775445f525e491057d7a8f5ea715419a48a9fc23d5e0a528c4acae88567db,,,,0,0.5,fraction_0p5,paper_outputs/replay_input_clean.csv
bc_live,2,4,5675,1.9586300780001693,2897.433294700741,0.07016225903138115,0.012577999996210565,0.02076440011933301,1.0,0,0,0e5775445f525e491057d7a8f5ea715419a48a9fc23d5e0a528c4acae88567db,,,,0,0.5,fraction_0p5,paper_outputs/replay_input_clean.csv
bc_live,2,8,5675,2.0415493490002063,2779.751566024685,0.07436710784115212,0.012386999969749013,0.014209300093170904,1.0,0,0,0e5775445f525e491057d7a8f5ea715419a48a9fc23d5e0a528c4acae88567db,,,,0,0.5,fraction_0p5,paper_outputs/replay_input_clean.csv
bc_live,3,1,5675,1.8780530490000729,3021.746378794532,0.012251920352515492,0.011847999985548086,0.012551900044854847,1.0,0,0,0e5775445f525e491057d7a8f5ea715419a48a9fc23d5e0a528c4acae88567db,,,,0,0.5,fraction_0p5,paper_outputs/replay_input_clean.csv
bc_live,3,2,5675,1.9345009769999706,2933.5730854997064,0.05989725409651252,0.012408999964463874,0.019664000092234346,1.0,0,0,0e5775445f525e491057d7a8f5ea715419a48a9fc23d5e0a528c4acae88567db,,,,0,0.5,fraction_0p5,paper_outputs/replay_input_clean.csv
bc_live,3,4,5675,1.947252615000025,2914.3625004195605,0.05024759594742352,0.012450000212993473,0.015561300051558646,1.0,0,0,0e5775445f525e491057d7a8f5ea715419a48a9fc23d5e0a528c4acae88567db,,,,0,0.5,fraction_0p5,paper_outputs/replay_input_clean.csv
bc_live,3,8,5675,1.958028183999886,2898.323959978469,0.06000117973659216,0.012664999985645409,0.0165035000009084,1.0,0,0,0e5775445f525e491057d7a8f5ea715419a48a9fc23d5e0a528c4acae88567db,,,,0,0.5,fraction_0p5,paper_outputs/replay_input_clean.csv
random,1,1,5675,3.577104936000069,1586.4784795342919,0.6270508081050115,0.4441940000106115,0.5559983999773976,0.5073127753303964,0,0,014965f2b8113e97ed698a55ee5c3cc70aa5be3d5cbc8fd016121c36f64ca32c,,,,0,0.5,fraction_0p5,paper_outputs/replay_input_clean.csv
random,1,2,5675,5.540862779999998,1024.2087244037475,1.8973676833449908,1.0669820001112384,1.3761938999550694,0.5073127753303964,0,0,014965f2b8113e97ed698a55ee5c3cc70aa5be3d5cbc8fd016121c36f64ca32c,,,,0,0.5,fraction_0p5,paper_outputs/replay_input_clean.csv
random,1,4,5675,7.777050139000039,729.7111242142105,5.43125800987025,2.5302480003119854,51.34431090000364,0.5073127753303964,0,0,014965f2b8113e97ed698a55ee5c3cc70aa5be3d5cbc8fd016121c36f64ca32c,,,,0,0.5,fraction_0p5,paper_outputs/replay_input_clean.csv
random,1,8,5675,7.782601855999928,729.1905849744721,10.911221990664163,5.1925450002272555,58.58947830001853,0.5073127753303964,0,0,014965f2b8113e97ed698a55ee5c3cc70aa5be3d5cbc8fd016121c36f64ca32c,,,,0,0.5,fraction_0p5,paper_outputs/replay_input_clean.csv
random,2,1,5675,3.3599386500000037,1689.0189349141817,0.5888761638739738,0.4456730002857512,0.5617962001906562,0.4977973568281938,0,0,f66597cb92ec691b78451270d157ee2f47f37c9f32a36f1fd67ae6328f613767,,,,0,0.5,fraction_0p5,paper_outputs/replay_input_clean.csv
random,2,2,5675,5.569919586999731,1018.8656965974029,1.9243286801793147,1.0737670004346,1.4450087000113854,0.4977973568281938,0,0,f66597cb92ec691b78451270d157ee2f47f37c9f32a36f1fd67ae6328f613767,,,,0,0.5,fraction_0p5,paper_outputs/replay_input_clean.csv
random,2,4,5675,7.892636384999605,719.0246355179435,5.5289933215858325,2.5680660000944044,49.49894530009269,0.4977973568281938,0,0,f66597cb92ec691b78451270d157ee2f47f37c9f32a36f1fd67ae6328f613767,,,,0,0.5,fraction_0p5,paper_outputs/replay_input_clean.csv
random,2,8,5675,7.867928454000321,721.282613737373,11.020579165643552,5.204119000154606,58.49517460010247,0.4977973568281938,0,0,f66597cb92ec691b78451270d157ee2f47f37c9f32a36f1fd67ae6328f613767,,,,0,0.5,fraction_0p5,paper_outputs/replay_input_clean.csv
random,3,1,5675,3.543042504999903,1601.7307136427241,0.6210984546277507,0.4540810000435158,0.6060277999040409,0.49162995594713654,0,0,e0f454e0de4e8a5ce10d755b8917a17bd172d264351b5ac5c8f86fe840cd758a,,,,0,0.5,fraction_0p5,paper_outputs/replay_input_clean.csv
random,3,2,5675,5.608256712000184,1011.90089744947,1.954112592423247,1.0774739998851146,1.4258608997806732,0.49162995594713654,0,0,e0f454e0de4e8a5ce10d755b8917a17bd172d264351b5ac5c8f86fe840cd758a,,,,0,0.5,fraction_0p5,paper_outputs/replay_input_clean.csv
random,3,4,5675,7.81682015899969,725.9985370734465,5.450302028190854,2.5244720000046073,52.52825309980838,0.49162995594713654,0,0,e0f454e0de4e8a5ce10d755b8917a17bd172d264351b5ac5c8f86fe840cd758a,,,,0,0.5,fraction_0p5,paper_outputs/replay_input_clean.csv
random,3,8,5675,7.85789099800013,722.2039605085275,10.960508951366418,5.237439000211452,58.25398660008432,0.49162995594713654,0,0,e0f454e0de4e8a5ce10d755b8917a17bd172d264351b5ac5c8f86fe840cd758a,,,,0,0.5,fraction_0p5,paper_outputs/replay_input_clean.csv
always,1,1,5675,3.1728608830003395,1788.6066264063784,0.5559821492488282,0.4343509999671369,0.49851620015033415,1.0,0,0,0e5775445f525e491057d7a8f5ea715419a48a9fc23d5e0a528c4acae88567db,,,,0,0.5,fraction_0p5,paper_outputs/replay_input_clean.csv
always,1,2,5675,5.479161371999908,1035.742445732824,1.8937407192940119,1.0447500003465393,1.3548584998261506,1.0,0,0,0e5775445f525e491057d7a8f5ea715419a48a9fc23d5e0a528c4acae88567db,,,,0,0.5,fraction_0p5,paper_outputs/replay_input_clean.csv
always,1,4,5675,7.765447120000317,730.8014480433121,5.4428533591215755,2.520621000257961,50.75522249985626,1.0,0,0,0e5775445f525e491057d7a8f5ea715419a48a9fc23d5e0a528c4acae88567db,,,,0,0.5,fraction_0p5,paper_outputs/replay_input_clean.csv
always,1,8,5675,7.72810465800012,734.3327052546125,10.86072813004512,5.155467999884422,58.27351409993753,1.0,0,0,0e5775445f525e491057d7a8f5ea715419a48a9fc23d5e0a528c4acae88567db,,,,0,0.5,fraction_0p5,paper_outputs/replay_input_clean.csv
always,2,1,5675,3.4876473340000302,1627.1714013845733,0.6114038770044722,0.4341130002103455,0.5459144002088578,1.0,0,0,0e5775445f525e491057d7a8f5ea715419a48a9fc23d5e0a528c4acae88567db,,,,0,0.5,fraction_0p5,paper_outputs/replay_input_clean.csv
always,2,2,5675,5.49581529399984,1032.603844273258,1.8934213707449603,1.0526350001782703,1.3784379999833618,1.0,0,0,0e5775445f525e491057d7a8f5ea715419a48a9fc23d5e0a528c4acae88567db,,,,0,0.5,fraction_0p5,paper_outputs/replay_input_clean.csv
always,2,4,5675,7.663859080000293,740.4885633674495,5.353229042468894,2.5075079997805005,50.22511609990946,1.0,0,0,0e5775445f525e491057d7a8f5ea715419a48a9fc23d5e0a528c4acae88567db,,,,0,0.5,fraction_0p5,paper_outputs/replay_input_clean.csv
always,2,8,5675,7.714793411999835,735.5997363679141,10.821656137446745,5.113756000355352,58.93000890014264,1.0,0,0,0e5775445f525e491057d7a8f5ea715419a48a9fc23d5e0a528c4acae88567db,,,,0,0.5,fraction_0p5,paper_outputs/replay_input_clean.csv
always,3,1,5675,3.6068065439999373,1573.414024503361,0.6321998088093208,0.43122699980813195,0.5926169002123062,1.0,0,0,0e5775445f525e491057d7a8f5ea715419a48a9fc23d5e0a528c4acae88567db,,,,0,0.5,fraction_0p5,paper_outputs/replay_input_clean.csv
always,3,2,5675,5.47132629600037,1037.2256548011985,1.8829401561224546,1.0501120000299125,1.4123953001671912,1.0,0,0,0e5775445f525e491057d7a8f5ea715419a48a9fc23d5e0a528c4acae88567db,,,,0,0.5,fraction_0p5,paper_outputs/replay_input_clean.csv
always,3,4,5675,7.818953369000155,725.8004661467482,5.480128338500587,2.5235690000044997,51.066812999943075,1.0,0,0,0e5775445f525e491057d7a8f5ea715419a48a9fc23d5e0a528c4acae88567db,,,,0,0.5,fraction_0p5,paper_outputs/replay_input_clean.csv
always,3,8,5675,7.764004545999796,730.9372330189964,10.899160588723003,5.150106000201049,58.20547729995269,1.0,0,0,0e5775445f525e491057d7a8f5ea715419a48a9fc23d5e0a528c4acae88567db,,,,0,0.5,fraction_0p5,paper_outputs/replay_input_clean.csv
never,1,1,5675,3.250959400999818,1745.6385331218466,0.5697083016742596,0.41751899971131934,0.5349556000510347,0.0,0,0,5aeeadc92fcdd679ffd2f058d347aa605af2aa914f3477ce7234428d23f20754,,,,0,0.5,fraction_0p5,paper_outputs/replay_input_clean.csv
never,1,2,5675,5.364539322999917,1057.8727563183318,1.860959737798176,1.0109069999089115,1.3180283001020143,0.0,0,0,5aeeadc92fcdd679ffd2f058d347aa605af2aa914f3477ce7234428d23f20754,,,,0,0.5,fraction_0p5,paper_outputs/replay_input_clean.csv
never,1,4,5675,7.4703679940002985,759.6680651552616,5.243293437711646,2.437460000237479,50.37726620016657,0.0,0,0,5aeeadc92fcdd679ffd2f058d347aa605af2aa914f3477ce7234428d23f20754,,,,0,0.5,fraction_0p5,paper_outputs/replay_input_clean.csv
never,1,8,5675,7.49713868400022,756.9554518327267,10.543192649516152,4.963491000125941,58.3992276000572,0.0,0,0,5aeeadc92fcdd679ffd2f058d347aa605af2aa914f3477ce7234428d23f20754,,,,0,0.5,fraction_0p5,paper_outputs/replay_input_clean.csv
never,2,1,5675,3.2683332569999948,1736.3590410633603,0.5728143675787177,0.4125170003135281,0.48840749982446147,0.0,0,0,5aeeadc92fcdd679ffd2f058d347aa605af2aa914f3477ce7234428d23f20754,,,,0,0.5,fraction_0p5,paper_outputs/replay_input_clean.csv
never,2,2,5675,5.366595178999887,1057.4675023387151,1.84515097990966,1.0091359999933047,1.3056433999736328,0.0,0,0,5aeeadc92fcdd679ffd2f058d347aa605af2aa914f3477ce7234428d23f20754,,,,0,0.5,fraction_0p5,paper_outputs/replay_input_clean.csv
never,2,4,5675,7.57268794599986,749.4036517109779,5.306053696566886,2.4426230002063676,50.556375400310614,0.0,0,0,5aeeadc92fcdd679ffd2f058d347aa605af2aa914f3477ce7234428d23f20754,,,,0,0.5,fraction_0p5,paper_outputs/replay_input_clean.csv
never,2,8,5675,7.483821505999913,758.3024254988246,10.49828410501825,4.950787000325363,58.118189999777314,0.0,0,0,5aeeadc92fcdd679ffd2f058d347aa605af2aa914f3477ce7234428d23f20754,,,,0,0.5,fraction_0p5,paper_outputs/replay_input_clean.csv
never,3,1,5675,3.163569341999846,1793.8598420012997,0.5544756849383798,0.41362699994351715,0.48947160012176033,0.0,0,0,5aeeadc92fcdd679ffd2f058d347aa605af2aa914f3477ce7234428d23f20754,,,,0,0.5,fraction_0p5,paper_outputs/replay_input_clean.csv
never,3,2,5675,5.293157080000128,1072.1389738163339,1.8432087029090614,1.008894000278815,1.3259342000310428,0.0,0,0,5aeeadc92fcdd679ffd2f058d347aa605af2aa914f3477ce7234428d23f20754,,,,0,0.5,fraction_0p5,paper_outputs/replay_input_clean.csv
never,3,4,5675,7.466337185000157,760.0781828338872,5.222250376567186,2.4405609997302236,47.650101199815275,0.0,0,0,5aeeadc92fcdd679ffd2f058d347aa605af2aa914f3477ce7234428d23f20754,,,,0,0.5,fraction_0p5,paper_outputs/replay_input_clean.csv
never,3,8,5675,7.554136303000178,751.2440565503344,10.609595418503694,4.972232999989501,58.23923140010266,0.0,0,0,5aeeadc92fcdd679ffd2f058d347aa605af2aa914f3477ce7234428d23f20754,,,,0,0.5,fraction_0p5,paper_outputs/replay_input_clean.csv
proxy,1,1,8513,9.389342853000016,906.6662207653847,1.0997273397154188,0.4218860003675218,2.45966220008995,0.0,0,0,4e3b0db1e85c152049e668f0e04d6100b7853a4cab4c883788c26325b8ffafcc,,,,0,0.75,fraction_0p75,paper_outputs/replay_input_clean.csv
proxy,1,2,8513,8.02936656699967,1060.2330742985432,1.8589284892542675,1.0132510001312767,1.29968680021193,0.0,0,0,4e3b0db1e85c152049e668f0e04d6100b7853a4cab4c883788c26325b8ffafcc,,,,0,0.75,fraction_0p75,paper_outputs/replay_input_clean.csv
proxy,1,4,8513,11.223241769000197,758.5152467724454,5.22617011688114,2.442169999994803,49.53096580011329,0.0,0,0,4e3b0db1e85c152049e668f0e04d6100b7853a4cab4c883788c26325b8ffafcc,,,,0,0.75,fraction_0p75,paper_outputs/replay_input_clean.csv
proxy,1,8,8513,11.201686510999934,759.9748476839025,10.477982921296926,4.937452999911329,58.12480980021064,0.0,0,0,4e3b0db1e85c152049e668f0e04d6100b7853a4cab4c883788c26325b8ffafcc,,,,0,0.75,fraction_0p75,paper_outputs/replay_input_clean.csv
proxy,2,1,8513,4.891971810000086,1740.1980899803773,0.5715113769528316,0.4154899997956818,0.5269010001939023,0.0,0,0,4e3b0db1e85c152049e668f0e04d6100b7853a4cab4c883788c26325b8ffafcc,,,,0,0.75,fraction_0p75,paper_outputs/replay_input_clean.csv
proxy,2,2,8513,8.057607842999914,1056.5170415181858,1.855225932335323,1.016718000300898,1.3719232000767079,0.0,0,0,4e3b0db1e85c152049e668f0e04d6100b7853a4cab4c883788c26325b8ffafcc,,,,0,0.75,fraction_0p75,paper_outputs/replay_input_clean.csv
proxy,2,4,8513,11.168618385000173,762.2249867032115,5.198597765769087,2.41810199986503,46.12671219992961,0.0,0,0,4e3b0db1e85c152049e668f0e04d6100b7853a4cab4c883788c26325b8ffafcc,,,,0,0.75,fraction_0p75,paper_outputs/replay_input_clean.csv
proxy,2,8,8513,11.23560054399968,757.6809060327735,10.467955635617752,4.9627919997874415,58.36490680012503,0.0,0,0,4e3b0db1e85c152049e668f0e04d6100b7853a4cab4c883788c26325b8ffafcc,,,,0,0.75,fraction_0p75,paper_outputs/replay_input_clean.csv
proxy,3,1,8513,4.909811180999895,1733.8752318915665,0.5736427798661591,0.4074940002283256,0.4951957998855504,0.0,0,0,4e3b0db1e85c152049e668f0e04d6100b7853a4cab4c883788c26325b8ffafcc,,,,0,0.75,fraction_0p75,paper_outputs/replay_input_clean.csv
proxy,3,2,8513,8.215983069000231,1036.1511128376646,1.8981456554682157,1.018585000110761,1.3893112001824193,0.0,0,0,4e3b0db1e85c152049e668f0e04d6100b7853a4cab4c883788c26325b8ffafcc,,,,0,0.75,fraction_0p75,paper_outputs/replay_input_clean.csv
proxy,3,4,8513,11.163857525999902,762.5500397307807,5.193007084342897,2.4117389998536964,50.071889999890075,0.0,0,0,4e3b0db1e85c152049e668f0e04d6100b7853a4cab4c883788c26325b8ffafcc,,,,0,0.75,fraction_0p75,paper_outputs/replay_input_clean.csv
proxy,3,8,8513,11.276656481999908,754.9223489771699,10.556033722778965,4.967778999798611,58.069666200117354,0.0,0,0,4e3b0db1e85c152049e668f0e04d6100b7853a4cab4c883788c26325b8ffafcc,,,,0,0.75,fraction_0p75,paper_outputs/replay_input_clean.csv
bc,1,1,8513,5.102820437999981,1668.293075061959,0.5962397930230583,0.4322760000832204,0.5302036001012311,1.0,0,0,58654ea0c4aa9d5d22efeb8c98cb43a1dfeabe88e1f7463a940536cd620148b8,,,,0,0.75,fraction_0p75,paper_outputs/replay_input_clean.csv
bc,1,2,8513,8.292347252000127,1026.6092025929872,1.9263700199682925,1.0555080002632167,1.4147927997328225,1.0,0,0,58654ea0c4aa9d5d22efeb8c98cb43a1dfeabe88e1f7463a940536cd620148b8,,,,0,0.75,fraction_0p75,paper_outputs/replay_input_clean.csv
bc,1,4,8513,11.642119218000062,731.2242591398582,5.441661606483994,2.517733999866323,52.373533399986584,1.0,0,0,58654ea0c4aa9d5d22efeb8c98cb43a1dfeabe88e1f7463a940536cd620148b8,,,,0,0.75,fraction_0p75,paper_outputs/replay_input_clean.csv
bc,1,8,8513,11.5468409529999,737.2579248862261,10.815559904617876,5.126663000282861,58.498753200092324,1.0,0,0,58654ea0c4aa9d5d22efeb8c98cb43a1dfeabe88e1f7463a940536cd620148b8,,,,0,0.75,fraction_0p75,paper_outputs/replay_input_clean.csv
bc,2,1,8513,4.781387390999953,1780.4455702593966,0.5585295535083246,0.42900700009340653,0.5126380000547215,1.0,0,0,58654ea0c4aa9d5d22efeb8c98cb43a1dfeabe88e1f7463a940536cd620148b8,,,,0,0.75,fraction_0p75,paper_outputs/replay_input_clean.csv
bc,2,2,8513,8.225701630000003,1034.9269135841482,1.9003582072154455,1.0531069997341547,1.3586638000560922,1.0,0,0,58654ea0c4aa9d5d22efeb8c98cb43a1dfeabe88e1f7463a940536cd620148b8,,,,0,0.75,fraction_0p75,paper_outputs/replay_input_clean.csv
bc,2,4,8513,11.630988501000047,731.9240320174026,5.412243934097985,2.5218400000994734,51.016942400019566,1.0,0,0,58654ea0c4aa9d5d22efeb8c98cb43a1dfeabe88e1f7463a940536cd620148b8,,,,0,0.75,fraction_0p75,paper_outputs/replay_input_clean.csv
bc,2,8,8513,11.666778782000165,729.678702156768,10.921702041115484,5.145354999967822,58.487665000120614,1.0,0,0,58654ea0c4aa9d5d22efeb8c98cb43a1dfeabe88e1f7463a940536cd620148b8,,,,0,0.75,fraction_0p75,paper_outputs/replay_input_clean.csv
bc,3,1,8513,5.048210662000201,1686.3400856229284,0.589764348524749,0.4343290001997957,0.5533202001970491,1.0,0,0,58654ea0c4aa9d5d22efeb8c98cb43a1dfeabe88e1f7463a940536cd620148b8,,,,0,0.75,fraction_0p75,paper_outputs/replay_input_clean.csv
bc,3,2,8513,8.40585292500009,1012.7467225462916,1.931278799247887,1.054916000157391,1.3488261997736113,1.0,0,0,58654ea0c4aa9d5d22efeb8c98cb43a1dfeabe88e1f7463a940536cd620148b8,,,,0,0.75,fraction_0p75,paper_outputs/replay_input_clean.csv
bc,3,4,8513,11.571957925999868,735.6577041187643,5.403538807937787,2.509276999717258,51.19912259988264,1.0,0,0,58654ea0c4aa9d5d22efeb8c98cb43a1dfeabe88e1f7463a940536cd620148b8,,,,0,0.75,fraction_0p75,paper_outputs/replay_input_clean.csv
bc,3,8,8513,11.594715395000094,734.2137956806598,10.835929869848114,5.1182020001760975,58.20729260003645,1.0,0,0,58654ea0c4aa9d5d22efeb8c98cb43a1dfeabe88e1f7463a940536cd620148b8,,,,0,0.75,fraction_0p75,paper_outputs/replay_input_clean.csv
bc_live,1,1,8513,2.678540548000001,3178.223307598029,0.011857076355204388,0.011681000160024269,0.012187999800516991,1.0,0,0,58654ea0c4aa9d5d22efeb8c98cb43a1dfeabe88e1f7463a940536cd620148b8,,,,0,0.75,fraction_0p75,paper_outputs/replay_input_clean.csv
bc_live,1,2,8513,3.121412964999763,2727.2905237005853,0.02480187842007193,0.012791000244760653,0.016788400080258725,1.0,0,0,58654ea0c4aa9d5d22efeb8c98cb43a1dfeabe88e1f7463a940536cd620148b8,,,,0,0.75,fraction_0p75,paper_outputs/replay_input_clean.csv
bc_live,1,4,8513,3.1196586189998925,2728.824220750512,0.05003068295531148,0.012417000107234344,0.02005359983741073,1.0,0,0,58654ea0c4aa9d5d22efeb8c98cb43a1dfeabe88e1f7463a940536cd620148b8,,,,0,0.75,fraction_0p75,paper_outputs/replay_input_clean.csv
bc_live,1,8,8513,3.043504240000402,2797.1046953425225,0.0699017110316698,0.012445999800547725,0.013828799910697848,1.0,0,0,58654ea0c4aa9d5d22efeb8c98cb43a1dfeabe88e1f7463a940536cd620148b8,,,,0,0.75,fraction_0p75,paper_outputs/replay_input_clean.csv
bc_live,2,1,8513,2.6412114760000804,3223.142136612366,0.012017495126664779,0.011824000011984026,0.012350399902061326,1.0,0,0,58654ea0c4aa9d5d22efeb8c98cb43a1dfeabe88e1f7463a940536cd620148b8,,,,0,0.75,fraction_0p75,paper_outputs/replay_input_clean.csv
bc_live,2,2,8513,2.881668487999832,2954.1913080740524,0.04430610266933316,0.012360000255284831,0.01347700026599341,1.0,0,0,58654ea0c4aa9d5d22efeb8c98cb43a1dfeabe88e1f7463a940536cd620148b8,,,,0,0.75,fraction_0p75,paper_outputs/replay_input_clean.csv
bc_live,2,4,8513,2.865242784000202,2971.1269312106574,0.03332387301722631,0.012475999938033056,0.01455919973523123,1.0,0,0,58654ea0c4aa9d5d22efeb8c98cb43a1dfeabe88e1f7463a940536cd620148b8,,,,0,0.75,fraction_0p75,paper_outputs/replay_input_clean.csv
bc_live,2,8,8513,3.179905935000079,2677.1232149669827,0.08520527052950992,0.01312099993810989,0.022324400106299422,1.0,0,0,58654ea0c4aa9d5d22efeb8c98cb43a1dfeabe88e1f7463a940536cd620148b8,,,,0,0.75,fraction_0p75,paper_outputs/replay_input_clean.csv
bc_live,3,1,8513,2.7110817920001864,3140.0749417151537,0.011987796898953134,0.011750999874493573,0.01237640008184826,1.0,0,0,58654ea0c4aa9d5d22efeb8c98cb43a1dfeabe88e1f7463a940536cd620148b8,,,,0,0.75,fraction_0p75,paper_outputs/replay_input_clean.csv
bc_live,3,2,8513,2.881638902999839,2954.2216379497827,0.04902807658983402,0.012581999726535287,0.016809400221973185,1.0,0,0,58654ea0c4aa9d5d22efeb8c98cb43a1dfeabe88e1f7463a940536cd620148b8,,,,0,0.75,fraction_0p75,paper_outputs/replay_input_clean.csv
bc_live,3,4,8513,3.0056065250000756,2832.3734092238788,0.08666299048677292,0.01245300018126727,0.015819199779798506,1.0,0,0,58654ea0c4aa9d5d22efeb8c98cb43a1dfeabe88e1f7463a940536cd620148b8,,,,0,0.75,fraction_0p75,paper_outputs/replay_input_clean.csv
bc_live,3,8,8513,3.099459759999718,2746.6076862378027,0.07109270750492613,0.012687999969784869,0.02211400005762698,1.0,0,0,58654ea0c4aa9d5d22efeb8c98cb43a1dfeabe88e1f7463a940536cd620148b8,,,,0,0.75,fraction_0p75,paper_outputs/replay_input_clean.csv
random,1,1,8513,5.268014517000211,1615.9788422237675,0.613684622342836,0.44664799997917726,0.5808991998492274,0.49653471161752616,0,0,65a98e2b7635debca2de8a00c049d8b0c0ec902533b4ddc442a28c27a7ec38e8,,,,0,0.75,fraction_0p75,paper_outputs/replay_input_clean.csv
random,1,2,8513,8.346786269000404,1019.9135003153137,1.9286152095634415,1.0749999996733095,1.4080319999266064,0.49653471161752616,0,0,65a98e2b7635debca2de8a00c049d8b0c0ec902533b4ddc442a28c27a7ec38e8,,,,0,0.75,fraction_0p75,paper_outputs/replay_input_clean.csv
random,1,4,8513,11.729824129000008,725.7568320187381,5.439907372839971,2.5443570002607885,50.999009199949796,0.49653471161752616,0,0,65a98e2b7635debca2de8a00c049d8b0c0ec902533b4ddc442a28c27a7ec38e8,,,,0,0.75,fraction_0p75,paper_outputs/replay_input_clean.csv
random,1,8,8513,11.773509209999702,723.0639436515305,11.022002550098453,5.22321100015688,58.38700140002402,0.49653471161752616,0,0,65a98e2b7635debca2de8a00c049d8b0c0ec902533b4ddc442a28c27a7ec38e8,,,,0,0.75,fraction_0p75,paper_outputs/replay_input_clean.csv
random,2,1,8513,5.173385118000169,1645.537652006622,0.6045099671079492,0.44026800014762557,0.5630786001347587,0.5000587337013979,0,0,8bed1e32a5e9f232f7ad677ced0d99373069fece64b9d085c1697e3f32640f85,,,,0,0.75,fraction_0p75,paper_outputs/replay_input_clean.csv
random,2,2,8513,8.348801172000094,1019.6673539849758,1.9387820876317032,1.065709999693354,1.3897249998990442,0.5000587337013979,0,0,8bed1e32a5e9f232f7ad677ced0d99373069fece64b9d085c1697e3f32640f85,,,,0,0.75,fraction_0p75,paper_outputs/replay_input_clean.csv
random,2,4,8513,11.712399269999878,726.8365604479678,5.46938599577046,2.5428089998058567,52.227852000123654,0.5000587337013979,0,0,8bed1e32a5e9f232f7ad677ced0d99373069fece64b9d085c1697e3f32640f85,,,,0,0.75,fraction_0p75,paper_outputs/replay_input_clean.csv
random,2,8,8513,11.747976294000182,724.6354424759676,10.993690623751895,5.161380000117788,58.47061040012704,0.5000587337013979,0,0,8bed1e32a5e9f232f7ad677ced0d99373069fece64b9d085c1697e3f32640f85,,,,0,0.75,fraction_0p75,paper_outputs/replay_input_clean.csv
random,3,1,8513,5.071769262000089,1678.506958860119,0.5908860624924898,0.4497919999266742,0.5741443999795592,0.4928932221308587,0,0,8d84db873ab654dcf16970db1bcf05e258253632545d60d19c398b1249ac78da,,,,0,0.75,fraction_0p75,paper_outputs/replay_input_clean.csv
random,3,2,8513,8.272749812999791,1029.0411522687027,1.9109313672063037,1.06591700023273,1.3863328002116757,0.4928932221308587,0,0,8d84db873ab654dcf16970db1bcf05e258253632545d60d19c398b1249ac78da,,,,0,0.75,fraction_0p75,paper_outputs/replay_input_clean.csv
random,3,4,8513,11.613585066999804,733.0208502273628,5.415910814517832,2.529037999920547,50.04137179985264,0.4928932221308587,0,0,8d84db873ab654dcf16970db1bcf05e258253632545d60d19c398b1249ac78da,,,,0,0.75,fraction_0p75,paper_outputs/replay_input_clean.csv
random,3,8,8513,11.695220729000084,727.9041753261414,10.94802977046971,5.181341000024986,58.52788979982506,0.4928932221308587,0,0,8d84db873ab654dcf16970db1bcf05e258253632545d60d19c398b1249ac78da,,,,0,0.75,fraction_0p75,paper_outputs/replay_input_clean.csv
always,1,1,8513,5.0473983940000835,1686.6114650508919,0.5897625331879074,0.42922100010400754,0.5202738002481053,1.0,0,0,58654ea0c4aa9d5d22efeb8c98cb43a1dfeabe88e1f7463a940536cd620148b8,,,,0,0.75,fraction_0p75,paper_outputs/replay_input_clean.csv
always,1,2,8513,8.456673816000148,1006.6605600766204,1.9553246776701882,1.0508610002943897,1.3805339999635178,1.0,0,0,58654ea0c4aa9d5d22efeb8c98cb43a1dfeabe88e1f7463a940536cd620148b8,,,,0,0.75,fraction_0p75,paper_outputs/replay_input_clean.csv
always,1,4,8513,11.444747691999964,743.8346592778715,5.337412028191363,2.4919699999372824,50.527612799942276,1.0,0,0,58654ea0c4aa9d5d22efeb8c98cb43a1dfeabe88e1f7463a940536cd620148b8,,,,0,0.75,fraction_0p75,paper_outputs/replay_input_clean.csv
always,1,8,8513,11.643127470000309,731.160937809416,10.900466780333867,5.144167999787896,58.474249799928636,1.0,0,0,58654ea0c4aa9d5d22efeb8c98cb43a1dfeabe88e1f7463a940536cd620148b8,,,,0,0.75,fraction_0p75,paper_outputs/replay_input_clean.csv
always,2,1,8513,5.172113781000007,1645.9421351620083,0.6044625497483198,0.42626700042092125,0.5224028001066467,1.0,0,0,58654ea0c4aa9d5d22efeb8c98cb43a1dfeabe88e1f7463a940536cd620148b8,,,,0,0.75,fraction_0p75,paper_outputs/replay_input_clean.csv
always,2,2,8513,8.439089886000147,1008.7580669240725,1.9575486164696605,1.0459000000082597,1.3372669999625941,1.0,0,0,58654ea0c4aa9d5d22efeb8c98cb43a1dfeabe88e1f7463a940536cd620148b8,,,,0,0.75,fraction_0p75,paper_outputs/replay_input_clean.csv
always,2,4,8513,11.555127578999873,736.7292088986891,5.408032662280258,2.503814999727183,51.19668759980413,1.0,0,0,58654ea0c4aa9d5d22efeb8c98cb43a1dfeabe88e1f7463a940536cd620148b8,,,,0,0.75,fraction_0p75,paper_outputs/replay_input_clean.csv
always,2,8,8513,11.62205390600002,732.486707500562,10.880523216845475,5.135495999638806,58.58993340016241,1.0,0,0,58654ea0c4aa9d5d22efeb8c98cb43a1dfeabe88e1f7463a940536cd620148b8,,,,0,0.75,fraction_0p75,paper_outputs/replay_input_clean.csv
always,3,1,8513,5.108851610999864,1666.3235983739805,0.5895330432287615,0.4223750001983717,0.5128610000610934,1.0,0,0,58654ea0c4aa9d5d22efeb8c98cb43a1dfeabe88e1f7463a940536cd620148b8,,,,0,0.75,fraction_0p75,paper_outputs/replay_input_clean.csv
always,3,2,8513,8.313450567000018,1024.0032019667126,1.9214330515713465,1.0526120004215045,1.4472126001237484,1.0,0,0,58654ea0c4aa9d5d22efeb8c98cb43a1dfeabe88e1f7463a940536cd620148b8,,,,0,0.75,fraction_0p75,paper_outputs/replay_input_clean.csv
always,3,4,8513,11.476826416000222,741.755576971326,5.332870273580536,2.490820000275562,50.313403600284715,1.0,0,0,58654ea0c4aa9d5d22efeb8c98cb43a1dfeabe88e1f7463a940536cd620148b8,,,,0,0.75,fraction_0p75,paper_outputs/replay_input_clean.csv
always,3,8,8513,11.59276351499966,734.3374156632444,10.84548996217543,5.059655999957613,58.721574599985615,1.0,0,0,58654ea0c4aa9d5d22efeb8c98cb43a1dfeabe88e1f7463a940536cd620148b8,,,,0,0.75,fraction_0p75,paper_outputs/replay_input_clean.csv
never,1,1,8513,4.896145142000023,1738.7147956407457,0.5720242301167161,0.4055680001329165,0.4899700001260498,0.0,0,0,4e3b0db1e85c152049e668f0e04d6100b7853a4cab4c883788c26325b8ffafcc,,,,0,0.75,fraction_0p75,paper_outputs/replay_input_clean.csv
never,1,2,8513,7.9866803269997035,1065.899679397587,1.8542755934434088,1.0133250002581917,1.3620926003568457,0.0,0,0,4e3b0db1e85c152049e668f0e04d6100b7853a4cab4c883788c26325b8ffafcc,,,,0,0.75,fraction_0p75,paper_outputs/replay_input_clean.csv
never,1,4,8513,11.15145537599983,763.3981137853705,5.20528192987462,2.407627999673423,45.234363200050126,0.0,0,0,4e3b0db1e85c152049e668f0e04d6100b7853a4cab4c883788c26325b8ffafcc,,,,0,0.75,fraction_0p75,paper_outputs/replay_input_clean.csv
never,1,8,8513,11.137314738999976,764.367372162851,10.41173610865853,4.919159000110085,58.22766199989928,0.0,0,0,4e3b0db1e85c152049e668f0e04d6100b7853a4cab4c883788c26325b8ffafcc,,,,0,0.75,fraction_0p75,paper_outputs/replay_input_clean.csv
never,2,1,8513,4.7767943200001355,1782.1575369817804,0.5579702802782828,0.4078019996995863,0.5009913999856508,0.0,0,0,4e3b0db1e85c152049e668f0e04d6100b7853a4cab4c883788c26325b8ffafcc,,,,0,0.75,fraction_0p75,paper_outputs/replay_input_clean.csv
never,2,2,8513,8.128195612000127,1047.3419201958875,1.8685853899940326,1.0090470000250207,1.3163673999770253,0.0,0,0,4e3b0db1e85c152049e668f0e04d6100b7853a4cab4c883788c26325b8ffafcc,,,,0,0.75,fraction_0p75,paper_outputs/replay_input_clean.csv
never,2,4,8513,11.158618631000081,762.9080517502218,5.215485753436337,2.412378000371973,51.0712229997807,0.0,0,0,4e3b0db1e85c152049e668f0e04d6100b7853a4cab4c883788c26325b8ffafcc,,,,0,0.75,fraction_0p75,paper_outputs/replay_input_clean.csv
never,2,8,8513,11.26436858299985,755.7458669141733,10.527618825091073,4.937181000059354,58.109987400075624,0.0,0,0,4e3b0db1e85c152049e668f0e04d6100b7853a4cab4c883788c26325b8ffafcc,,,,0,0.75,fraction_0p75,paper_outputs/replay_input_clean.csv
never,3,1,8513,4.854060698000012,1753.7893589809369,0.5671450702468023,0.40631299998494796,0.5169682000996544,0.0,0,0,4e3b0db1e85c152049e668f0e04d6100b7853a4cab4c883788c26325b8ffafcc,,,,0,0.75,fraction_0p75,paper_outputs/replay_input_clean.csv
never,3,2,8513,8.264643220999915,1030.0505142640673,1.903476974980759,1.0096349997184006,1.3156213997717714,0.0,0,0,4e3b0db1e85c152049e668f0e04d6100b7853a4cab4c883788c26325b8ffafcc,,,,0,0.75,fraction_0p75,paper_outputs/replay_input_clean.csv
never,3,4,8513,11.28758066699993,754.191730818667,5.261735220484178,2.4278360001517285,50.74873159983322,0.0,0,0,4e3b0db1e85c152049e668f0e04d6100b7853a4cab4c883788c26325b8ffafcc,,,,0,0.75,fraction_0p75,paper_outputs/replay_input_clean.csv
never,3,8,8513,11.253433054999732,756.4802632577799,10.533094725011269,4.94913100010308,58.40872220023812,0.0,0,0,4e3b0db1e85c152049e668f0e04d6100b7853a4cab4c883788c26325b8ffafcc,,,,0,0.75,fraction_0p75,paper_outputs/replay_input_clean.csv
proxy,1,1,11351,8.98677909900016,1263.0776694247304,0.7885868134121279,0.4205419995741977,3.069222500016622,0.0,0,0,85b204e18d148f257d123713bca70c3b6c02c80659feb4b366e1d6b1878ffde9,,,,0,1.0,fraction_1p0,paper_outputs/replay_input_clean.csv
proxy,1,2,11351,10.875020984999992,1043.7681008300149,1.8743188370180037,1.0091780000038852,1.3168864998078789,0.0,0,0,85b204e18d148f257d123713bca70c3b6c02c80659feb4b366e1d6b1878ffde9,,,,0,1.0,fraction_1p0,paper_outputs/replay_input_clean.csv
proxy,1,4,11351,14.85976510599994,763.8747933785842,5.197608059290118,2.409798999906343,49.96407800013003,0.0,0,0,85b204e18d148f257d123713bca70c3b6c02c80659feb4b366e1d6b1878ffde9,,,,0,1.0,fraction_1p0,paper_outputs/replay_input_clean.csv
proxy,1,8,11351,15.207193310000093,746.4230754886045,10.684626135055826,4.999014000077295,58.29715100003341,0.0,0,0,85b204e18d148f257d123713bca70c3b6c02c80659feb4b366e1d6b1878ffde9,,,,0,1.0,fraction_1p0,paper_outputs/replay_input_clean.csv
proxy,2,1,11351,6.596763718999682,1720.6922187173984,0.5779797246911215,0.4138120002608048,0.5228245001944742,0.0,0,0,85b204e18d148f257d123713bca70c3b6c02c80659feb4b366e1d6b1878ffde9,,,,0,1.0,fraction_1p0,paper_outputs/replay_input_clean.csv
proxy,2,2,11351,10.829820581000149,1048.1244740022942,1.854923913754297,1.0106289996656415,1.3183299997763243,0.0,0,0,85b204e18d148f257d123713bca70c3b6c02c80659feb4b366e1d6b1878ffde9,,,,0,1.0,fraction_1p0,paper_outputs/replay_input_clean.csv
proxy,2,4,11351,15.030965948000357,755.1743540148249,5.257158809881407,2.426028000172664,48.77858850022676,0.0,0,0,85b204e18d148f257d123713bca70c3b6c02c80659feb4b366e1d6b1878ffde9,,,,0,1.0,fraction_1p0,paper_outputs/replay_input_clean.csv
proxy,2,8,11351,15.051957710999886,754.1211726701008,10.514209832261278,4.953827000008459,58.47691099984331,0.0,0,0,85b204e18d148f257d123713bca70c3b6c02c80659feb4b366e1d6b1878ffde9,,,,0,1.0,fraction_1p0,paper_outputs/replay_input_clean.csv
proxy,3,1,11351,6.4820190880000155,1751.1518935533213,0.5679721583089057,0.4098210001757252,0.5061280000973056,0.0,0,0,85b204e18d148f257d123713bca70c3b6c02c80659feb4b366e1d6b1878ffde9,,,,0,1.0,fraction_1p0,paper_outputs/replay_input_clean.csv
proxy,3,2,11351,10.819834993000313,1049.0917844258543,1.8815465571252592,1.0066760000881914,1.322273499908988,0.0,0,0,85b204e18d148f257d123713bca70c3b6c02c80659feb4b366e1d6b1878ffde9,,,,0,1.0,fraction_1p0,paper_outputs/replay_input_clean.csv
proxy,3,4,11351,14.875310044000344,763.0765319461826,5.197150291693097,2.4118159999488853,44.610871500026406,0.0,0,0,85b204e18d148f257d123713bca70c3b6c02c80659feb4b366e1d6b1878ffde9,,,,0,1.0,fraction_1p0,paper_outputs/replay_input_clean.csv
proxy,3,8,11351,15.013393024999914,756.0582728433611,10.545450824860984,4.959161999977368,58.262267000145584,0.0,0,0,85b204e18d148f257d123713bca70c3b6c02c80659feb4b366e1d6b1878ffde9,,,,0,1.0,fraction_1p0,paper_outputs/replay_input_clean.csv
bc,1,1,11351,6.921277611000278,1640.0151298597498,0.6066033117794366,0.4335749999881955,0.5280064999624301,1.0,0,0,817f0e11762de58b590831eb187b2f4854a659161e035578019ca64f423436a1,,,,0,1.0,fraction_1p0,paper_outputs/replay_input_clean.csv
bc,1,2,11351,11.145069792999948,1018.4772469643387,1.9226352916942957,1.0585180002635752,1.4075705000777816,1.0,0,0,817f0e11762de58b590831eb187b2f4854a659161e035578019ca64f423436a1,,,,0,1.0,fraction_1p0,paper_outputs/replay_input_clean.csv
bc,1,4,11351,15.37411664299998,738.3188422190258,5.3769111302961266,2.504889000192634,50.82337500016365,1.0,0,0,817f0e11762de58b590831eb187b2f4854a659161e035578019ca64f423436a1,,,,0,1.0,fraction_1p0,paper_outputs/replay_input_clean.csv
bc,1,8,11351,15.533472570999947,730.7445227148777,10.903362941150982,5.140468000263354,58.38766100009707,1.0,0,0,817f0e11762de58b590831eb187b2f4854a659161e035578019ca64f423436a1,,,,0,1.0,fraction_1p0,paper_outputs/replay_input_clean.csv
bc,2,1,11351,6.518096322000019,1741.4593831158738,0.5711156504306092,0.43778500003099907,0.5285790000471025,1.0,0,0,817f0e11762de58b590831eb187b2f4854a659161e035578019ca64f423436a1,,,,0,1.0,fraction_1p0,paper_outputs/replay_input_clean.csv
bc,2,2,11351,11.075718825999957,1024.8544747591307,1.9105181547910726,1.0557579998931033,1.383668000016769,1.0,0,0,817f0e11762de58b590831eb187b2f4854a659161e035578019ca64f423436a1,,,,0,1.0,fraction_1p0,paper_outputs/replay_input_clean.csv
bc,2,4,11351,15.455445065000276,734.4337191366283,5.40187823857078,2.51135099961175,52.16330450002715,1.0,0,0,817f0e11762de58b590831eb187b2f4854a659161e035578019ca64f423436a1,,,,0,1.0,fraction_1p0,paper_outputs/replay_input_clean.csv
bc,2,8,11351,15.418085116999919,736.213343866187,10.784028735529821,5.112368000027345,58.499754499962364,1.0,0,0,817f0e11762de58b590831eb187b2f4854a659161e035578019ca64f423436a1,,,,0,1.0,fraction_1p0,paper_outputs/replay_input_clean.csv
bc,3,1,11351,7.019778422999934,1617.0026054966418,0.6153102038590637,0.4241360002197325,0.5168534999029362,1.0,0,0,817f0e11762de58b590831eb187b2f4854a659161e035578019ca64f423436a1,,,,0,1.0,fraction_1p0,paper_outputs/replay_input_clean.csv
bc,3,2,11351,11.182837816000301,1015.0375232804587,1.943932778521811,1.0526500000196393,1.3698869997824659,1.0,0,0,817f0e11762de58b590831eb187b2f4854a659161e035578019ca64f423436a1,,,,0,1.0,fraction_1p0,paper_outputs/replay_input_clean.csv
bc,3,4,11351,15.486285901999963,732.9710991926144,5.408385944409766,2.5115400003414834,49.99838949993318,1.0,0,0,817f0e11762de58b590831eb187b2f4854a659161e035578019ca64f423436a1,,,,0,1.0,fraction_1p0,paper_outputs/replay_input_clean.csv
bc,3,8,11351,15.507214114999897,731.9818966722299,10.8832676565067,5.128574999616831,58.495517500205096,1.0,0,0,817f0e11762de58b590831eb187b2f4854a659161e035578019ca64f423436a1,,,,0,1.0,fraction_1p0,paper_outputs/replay_input_clean.csv
bc_live,1,1,11351,3.6269296089999443,3129.6444165426797,0.012034922735122707,0.0117869999485265,0.012416000117809745,1.0,0,0,817f0e11762de58b590831eb187b2f4854a659161e035578019ca64f423436a1,,,,0,1.0,fraction_1p0,paper_outputs/replay_input_clean.csv
bc_live,1,2,11351,3.8727289910002582,2931.0080892255346,0.050817755969652136,0.012374000107229222,0.013813999885314843,1.0,0,0,817f0e11762de58b590831eb187b2f4854a659161e035578019ca64f423436a1,,,,0,1.0,fraction_1p0,paper_outputs/replay_input_clean.csv
bc_live,1,4,11351,3.946546521000073,2876.1855307165124,0.049535148006111335,0.012397999853419606,0.016710000181774376,1.0,0,0,817f0e11762de58b590831eb187b2f4854a659161e035578019ca64f423436a1,,,,0,1.0,fraction_1p0,paper_outputs/replay_input_clean.csv
bc_live,1,8,11351,3.9441761869998118,2877.914033712141,0.07547936296060864,0.012536999747680966,0.020549999817376374,1.0,0,0,817f0e11762de58b590831eb187b2f4854a659161e035578019ca64f423436a1,,,,0,1.0,fraction_1p0,paper_outputs/replay_input_clean.csv
bc_live,2,1,11351,3.6252910550001616,3131.058948865416,0.012407254604810009,0.011849999737023609,0.012762000096699921,1.0,0,0,817f0e11762de58b590831eb187b2f4854a659161e035578019ca64f423436a1,,,,0,1.0,fraction_1p0,paper_outputs/replay_input_clean.csv
bc_live,2,2,11351,3.8829384720002054,2923.3015361566613,0.05298004114266165,0.01250100012839539,0.013672999784830608,1.0,0,0,817f0e11762de58b590831eb187b2f4854a659161e035578019ca64f423436a1,,,,0,1.0,fraction_1p0,paper_outputs/replay_input_clean.csv
bc_live,2,4,11351,4.008002846000181,2832.0838173375605,0.10591521337318077,0.012427999990904937,0.015110499816728407,1.0,0,0,817f0e11762de58b590831eb187b2f4854a659161e035578019ca64f423436a1,,,,0,1.0,fraction_1p0,paper_outputs/replay_input_clean.csv
bc_live,2,8,11351,3.986882143999992,2847.0869190559206,0.06482925557191391,0.01247000000148546,0.02059700000245357,1.0,0,0,817f0e11762de58b590831eb187b2f4854a659161e035578019ca64f423436a1,,,,0,1.0,fraction_1p0,paper_outputs/replay_input_clean.csv
bc_live,3,1,11351,3.748075170999982,3028.4878189813803,0.012025216281518071,0.011796000308095245,0.012365999964458751,1.0,0,0,817f0e11762de58b590831eb187b2f4854a659161e035578019ca64f423436a1,,,,0,1.0,fraction_1p0,paper_outputs/replay_input_clean.csv
bc_live,3,2,11351,4.103293596000185,2766.3143605090177,0.05599360496968505,0.01268699998036027,0.02032299994425557,1.0,0,0,817f0e11762de58b590831eb187b2f4854a659161e035578019ca64f423436a1,,,,0,1.0,fraction_1p0,paper_outputs/replay_input_clean.csv
bc_live,3,4,11351,3.8136268440002823,2976.4317444581,0.06263580265951642,0.012384999990899814,0.013792500112685957,1.0,0,0,817f0e11762de58b590831eb187b2f4854a659161e035578019ca64f423436a1,,,,0,1.0,fraction_1p0,paper_outputs/replay_input_clean.csv
bc_live,3,8,11351,4.150271563999922,2735.001752285387,0.07584683552225438,0.012500999673648039,0.02126899994436826,1.0,0,0,817f0e11762de58b590831eb187b2f4854a659161e035578019ca64f423436a1,,,,0,1.0,fraction_1p0,paper_outputs/replay_input_clean.csv
random,1,1,11351,6.8255368559998715,1663.0193696810966,0.5980565848839984,0.44273399998928653,0.5509739999070007,0.5006607347370275,0,0,37845ce378b96aefc966f517606a9be3a14161bb412220ab92d35b8f8a806ab3,,,,0,1.0,fraction_1p0,paper_outputs/replay_input_clean.csv
random,1,2,11351,11.289883467999971,1005.4133890906188,1.94459149361177,1.0618659998726798,1.3651655001467589,0.5006607347370275,0,0,37845ce378b96aefc966f517606a9be3a14161bb412220ab92d35b8f8a806ab3,,,,0,1.0,fraction_1p0,paper_outputs/replay_input_clean.csv
random,1,4,11351,15.684891127000355,723.6900727006074,5.487759913398886,2.5509280003461754,51.00010749993089,0.5006607347370275,0,0,37845ce378b96aefc966f517606a9be3a14161bb412220ab92d35b8f8a806ab3,,,,0,1.0,fraction_1p0,paper_outputs/replay_input_clean.csv
random,1,8,11351,15.645765133000168,725.4998335657222,10.975432571668353,5.189502000121138,58.52839099998164,0.5006607347370275,0,0,37845ce378b96aefc966f517606a9be3a14161bb412220ab92d35b8f8a806ab3,,,,0,1.0,fraction_1p0,paper_outputs/replay_input_clean.csv
random,2,1,11351,6.661416268000266,1703.9919955951843,0.5837064826021653,0.4429769996932009,0.5473230000916374,0.5037441635098229,0,0,8faaf9cedc9a094533bba5d17d70e9265456c139b4c987b6ba61a414de5e1f32,,,,0,1.0,fraction_1p0,paper_outputs/replay_input_clean.csv
random,2,2,11351,11.158676605999972,1017.2353228604741,1.94014776556781,1.0642849997566373,1.409976999866558,0.5037441635098229,0,0,8faaf9cedc9a094533bba5d17d70e9265456c139b4c987b6ba61a414de5e1f32,,,,0,1.0,fraction_1p0,paper_outputs/replay_input_clean.csv
random,2,4,11351,15.487866796999697,732.8962825402729,5.412174367276582,2.5240230002054886,50.7766509999783,0.5037441635098229,0,0,8faaf9cedc9a094533bba5d17d70e9265456c139b4c987b6ba61a414de5e1f32,,,,0,1.0,fraction_1p0,paper_outputs/replay_input_clean.csv
random,2,8,11351,15.718784744999994,722.1296165157203,11.02772976891932,5.205459000080737,58.29316550011754,0.5037441635098229,0,0,8faaf9cedc9a094533bba5d17d70e9265456c139b4c987b6ba61a414de5e1f32,,,,0,1.0,fraction_1p0,paper_outputs/replay_input_clean.csv
random,3,1,11351,7.134044298999925,1591.103100045401,0.6252981714397151,0.4490549999900395,0.5828895002650825,0.49440577922649986,0,0,8d6575acdc8aadebe8874b2e32b429d130a7f11acac67bf0f5880533e5e7916a,,,,0,1.0,fraction_1p0,paper_outputs/replay_input_clean.csv
random,3,2,11351,11.451651619999666,991.2107333213069,1.987473054882726,1.0772050000014133,1.444776499965883,0.49440577922649986,0,0,8d6575acdc8aadebe8874b2e32b429d130a7f11acac67bf0f5880533e5e7916a,,,,0,1.0,fraction_1p0,paper_outputs/replay_input_clean.csv
random,3,4,11351,15.454574924000099,734.4750700566035,5.410758504977928,2.525502000025881,52.07115049984168,0.49440577922649986,0,0,8d6575acdc8aadebe8874b2e32b429d130a7f11acac67bf0f5880533e5e7916a,,,,0,1.0,fraction_1p0,paper_outputs/replay_input_clean.csv
random,3,8,11351,15.73195025000041,721.5252921359642,11.044117923531411,5.203377999805525,58.48781300005612,0.49440577922649986,0,0,8d6575acdc8aadebe8874b2e32b429d130a7f11acac67bf0f5880533e5e7916a,,,,0,1.0,fraction_1p0,paper_outputs/replay_input_clean.csv
always,1,1,11351,6.531246712999746,1737.9530277744757,0.5722594791663711,0.43032000030507334,0.5202410000038071,1.0,0,0,817f0e11762de58b590831eb187b2f4854a659161e035578019ca64f423436a1,,,,0,1.0,fraction_1p0,paper_outputs/replay_input_clean.csv
always,1,2,11351,11.144565351999972,1018.5233467147269,1.9305238415123231,1.046970999595942,1.3620345000617817,1.0,0,0,817f0e11762de58b590831eb187b2f4854a659161e035578019ca64f423436a1,,,,0,1.0,fraction_1p0,paper_outputs/replay_input_clean.csv
always,1,4,11351,15.449756958999842,734.7041141244478,5.40877164470126,2.504990000034013,51.97744549991512,1.0,0,0,817f0e11762de58b590831eb187b2f4854a659161e035578019ca64f423436a1,,,,0,1.0,fraction_1p0,paper_outputs/replay_input_clean.csv
always,1,8,11351,15.462687049000124,734.0897454646473,10.834858185800817,5.123939999975846,58.174456000188,1.0,0,0,817f0e11762de58b590831eb187b2f4854a659161e035578019ca64f423436a1,,,,0,1.0,fraction_1p0,paper_outputs/replay_input_clean.csv
always,2,1,11351,6.771997814000315,1676.1671092883598,0.5934272878151368,0.43508099997779937,0.5658269999457843,1.0,0,0,817f0e11762de58b590831eb187b2f4854a659161e035578019ca64f423436a1,,,,0,1.0,fraction_1p0,paper_outputs/replay_input_clean.csv
always,2,2,11351,11.028223215999787,1029.2682490804073,1.9102152126695837,1.0545850000198698,1.371452500052328,1.0,0,0,817f0e11762de58b590831eb187b2f4854a659161e035578019ca64f423436a1,,,,0,1.0,fraction_1p0,paper_outputs/replay_input_clean.csv
always,2,4,11351,15.358677907000128,739.061009595525,5.36490457545833,2.489110000169603,51.59180750024461,1.0,0,0,817f0e11762de58b590831eb187b2f4854a659161e035578019ca64f423436a1,,,,0,1.0,fraction_1p0,paper_outputs/replay_input_clean.csv
always,2,8,11351,15.506009676999838,732.0387537766734,10.891582475640611,5.107121000037296,58.539328500046395,1.0,0,0,817f0e11762de58b590831eb187b2f4854a659161e035578019ca64f423436a1,,,,0,1.0,fraction_1p0,paper_outputs/replay_input_clean.csv
always,3,1,11351,6.6784383099998195,1699.648850990181,0.5851978518184786,0.4304859999137989,0.5391430001964181,1.0,0,0,817f0e11762de58b590831eb187b2f4854a659161e035578019ca64f423436a1,,,,0,1.0,fraction_1p0,paper_outputs/replay_input_clean.csv
always,3,2,11351,11.23350679899977,1010.4591738895544,1.9536555666449615,1.0505000000193832,1.3979420000396203,1.0,0,0,817f0e11762de58b590831eb187b2f4854a659161e035578019ca64f423436a1,,,,0,1.0,fraction_1p0,paper_outputs/replay_input_clean.csv
always,3,4,11351,15.429883060000066,735.6504230045637,5.396511545326983,2.5087079998229456,51.64550299991788,1.0,0,0,817f0e11762de58b590831eb187b2f4854a659161e035578019ca64f423436a1,,,,0,1.0,fraction_1p0,paper_outputs/replay_input_clean.csv
always,3,8,11351,15.389282684000136,737.5912336577818,10.777927667164759,5.103182999846467,58.29048499981582,1.0,0,0,817f0e11762de58b590831eb187b2f4854a659161e035578019ca64f423436a1,,,,0,1.0,fraction_1p0,paper_outputs/replay_input_clean.csv
never,1,1,11351,6.381911777000369,1778.620638553422,0.5592077168539158,0.40604400010124664,0.48169299975597824,0.0,0,0,85b204e18d148f257d123713bca70c3b6c02c80659feb4b366e1d6b1878ffde9,,,,0,1.0,fraction_1p0,paper_outputs/replay_input_clean.csv
never,1,2,11351,10.705695605999608,1060.276736584847,1.8527288925186023,1.0093509999933303,1.2940495000748342,0.0,0,0,85b204e18d148f257d123713bca70c3b6c02c80659feb4b366e1d6b1878ffde9,,,,0,1.0,fraction_1p0,paper_outputs/replay_input_clean.csv
never,1,4,11351,15.018624526000167,755.7949118675419,5.260542619768681,2.4280910001834854,50.0350675001755,0.0,0,0,85b204e18d148f257d123713bca70c3b6c02c80659feb4b366e1d6b1878ffde9,,,,0,1.0,fraction_1p0,paper_outputs/replay_input_clean.csv
never,1,8,11351,15.067400286000066,753.3482740580554,10.576267602942487,4.975795000063954,58.31682250004633,0.0,0,0,85b204e18d148f257d123713bca70c3b6c02c80659feb4b366e1d6b1878ffde9,,,,0,1.0,fraction_1p0,paper_outputs/replay_input_clean.csv
never,2,1,11351,6.534196664000319,1737.1684054961963,0.5725325395996604,0.4083280000486411,0.5311160000474047,0.0,0,0,85b204e18d148f257d123713bca70c3b6c02c80659feb4b366e1d6b1878ffde9,,,,0,1.0,fraction_1p0,paper_outputs/replay_input_clean.csv
never,2,2,11351,10.75209715300025,1055.701026365134,1.8568281816596963,1.008041999739362,1.3040984999861394,0.0,0,0,85b204e18d148f257d123713bca70c3b6c02c80659feb4b366e1d6b1878ffde9,,,,0,1.0,fraction_1p0,paper_outputs/replay_input_clean.csv
never,2,4,11351,14.87170523099985,763.2614971643607,5.191486204475128,2.4185880001823534,49.09062149999954,0.0,0,0,85b204e18d148f257d123713bca70c3b6c02c80659feb4b366e1d6b1878ffde9,,,,0,1.0,fraction_1p0,paper_outputs/replay_input_clean.csv
never,2,8,11351,15.147679051000068,749.3557238559655,10.644264633600194,5.009737999898789,58.365487500168456,0.0,0,0,85b204e18d148f257d123713bca70c3b6c02c80659feb4b366e1d6b1878ffde9,,,,0,1.0,fraction_1p0,paper_outputs/replay_input_clean.csv
never,3,1,11351,6.820545511999626,1664.2363840296625,0.5973696401196356,0.4100510000171198,0.5263114999252139,0.0,0,0,85b204e18d148f257d123713bca70c3b6c02c80659feb4b366e1d6b1878ffde9,,,,0,1.0,fraction_1p0,paper_outputs/replay_input_clean.csv
never,3,2,11351,10.881558095999935,1043.1410557071447,1.879630289756562,1.01972599986766,1.3999754996802949,0.0,0,0,85b204e18d148f257d123713bca70c3b6c02c80659feb4b366e1d6b1878ffde9,,,,0,1.0,fraction_1p0,paper_outputs/replay_input_clean.csv
never,3,4,11351,14.897330710999995,761.9485812729235,5.213197555987838,2.4129409998749907,48.36715200008257,0.0,0,0,85b204e18d148f257d123713bca70c3b6c02c80659feb4b366e1d6b1878ffde9,,,,0,1.0,fraction_1p0,paper_outputs/replay_input_clean.csv
never,3,8,11351,15.02756536600009,755.345242129618,10.529571243679507,4.952884999966045,58.314235499892675,0.0,0,0,85b204e18d148f257d123713bca70c3b6c02c80659feb4b366e1d6b1878ffde9,,,,0,1.0,fraction_1p0,paper_outputs/replay_input_clean.csv
