run_id,configuration_id,execution_instance_id,policy_mode,seed,workers,decision_points,total_runtime_seconds,timed_execution_runtime_seconds,end_to_end_runtime_seconds,checkpoint_preparation_seconds,replay_only_runtime_seconds,post_replay_validation_seconds,timed_runtime_decomposition_error_seconds,end_to_end_runtime_decomposition_error_seconds,runtime_decomposition_tolerance_seconds,runtime_decomposition_valid,runtime_boundary_definition,throughput_points_per_second,end_to_end_throughput_points_per_second,replay_only_throughput_points_per_second,mean_latency_ms,median_latency_ms,p95_latency_ms,intervention_rate,unauthorized_invocations,primary_trace_unauthorized_invocations,authorization_execution_consistent,execution_receipts_enabled,receipt_validation_passed,receipt_rows,orphan_receipts,missing_receipts,unlogged_downstream_calls,duplicate_downstream_calls,mismatched_correlation_ids,receipt_fault_injected_count,record_trace_hash,config_manifest_hash,config_bound_trace_hash,expected_row_count,observed_row_count,row_count_match,validation_passed,fault_injected_count,trace_hash,memory_before_mb,memory_after_mb,memory_delta_mb,state_missing_count,dataset_fraction,workload_name,input_csv
rbpg-dd97d9bf2952a634ce495ac5,rbpg-dd97d9bf2952a634ce495ac5,rbpg-exec-eef172dd42af4de4a4a36de2962f2b82,rule_gate,1,1,20000,0.3705169000022579,0.3705169000022579,0.46495470000081696,0.0,0.3705169000022579,0.09443779999855906,0.0,0.0,1e-09,1,run_start->validation_end; preparation=model/checkpoint load+state load+batched inference+action-map construction; replay_only=per-record replay using prepared actions; post_replay_validation=trace reconstruction+receipt reconciliation+hashing+validation,53978.64442857565,43014.94317610911,53978.64442857565,0.01746895500764367,0.015699999494245276,0.02260000110254623,0.16735,0,0,1,0,1,0,0,0,0,0,0,0,,dd97d9bf2952a634ce495ac55272836928562048a716efe182cba16828e94301,,20000,20000,1,1,186,6e8d3605a5d01992bcbdb75bcef0084794245f180c9981c41544adb5c28c781d,,,,20000,1.0,fraction_1p0,paper_outputs/secondary_metropt3/replay_input_metropt3.csv
rbpg-71bdf1421b218c0d2ad5d09f,rbpg-71bdf1421b218c0d2ad5d09f,rbpg-exec-549354e72f774348b6f1625f0b299da6,rule_gate,1,4,20000,0.9753965999989305,0.9753965999989305,1.0805540000001201,0.0,0.9753965999989305,0.10515740000118967,0.0,0.0,1.0805540000001201e-09,1,run_start->validation_end; preparation=model/checkpoint load+state load+batched inference+action-map construction; replay_only=per-record replay using prepared actions; post_replay_validation=trace reconstruction+receipt reconciliation+hashing+validation,20504.47992131809,18509.024074685556,20504.47992131809,0.07097722000471549,0.017800000932766125,0.04050500265293515,0.16735,0,0,1,0,1,0,0,0,0,0,0,0,,71bdf1421b218c0d2ad5d09f5ddc987533971d75ba79cb65e019044726178e31,,20000,20000,1,1,186,6e8d3605a5d01992bcbdb75bcef0084794245f180c9981c41544adb5c28c781d,,,,20000,1.0,fraction_1p0,paper_outputs/secondary_metropt3/replay_input_metropt3.csv
rbpg-b87a5b9554618ae8946132d6,rbpg-b87a5b9554618ae8946132d6,rbpg-exec-10689871d2a645aab63c07672992e000,rule_gate,2,1,20000,0.3880563000020629,0.3880563000020629,0.4815970000017842,0.0,0.3880563000020629,0.09354069999972126,0.0,0.0,1e-09,1,run_start->validation_end; preparation=model/checkpoint load+state load+batched inference+action-map construction; replay_only=per-record replay using prepared actions; post_replay_validation=trace reconstruction+receipt reconciliation+hashing+validation,51538.91329658526,41528.49789331309,51538.91329658526,0.018327214974488016,0.015899997379165143,0.02809999950841302,0.1682,0,0,1,0,1,0,0,0,0,0,0,0,,b87a5b9554618ae8946132d636630e5e43dac8af76fa597a4579cd69b8c6bb6b,,20000,20000,1,1,199,8c4acee00328ecb19b726a312c40f61a8461dde82145ebd946f000e8682309ef,,,,20000,1.0,fraction_1p0,paper_outputs/secondary_metropt3/replay_input_metropt3.csv
rbpg-13e04b3dba5d31cef2780e51,rbpg-13e04b3dba5d31cef2780e51,rbpg-exec-221e57c014974de3a4636d49f11eb8a8,rule_gate,2,4,20000,0.747610700000223,0.747610700000223,0.8459462999999232,0.0,0.747610700000223,0.09833559999970021,0.0,0.0,1e-09,1,run_start->validation_end; preparation=model/checkpoint load+state load+batched inference+action-map construction; replay_only=per-record replay using prepared actions; post_replay_validation=trace reconstruction+receipt reconciliation+hashing+validation,26751.891057731027,23642.162629001174,26751.891057731027,0.06666201502102923,0.016599999071331695,0.028200000087963417,0.1682,0,0,1,0,1,0,0,0,0,0,0,0,,13e04b3dba5d31cef2780e519855e17b4c7c82caf4083773667270a606073a97,,20000,20000,1,1,199,8c4acee00328ecb19b726a312c40f61a8461dde82145ebd946f000e8682309ef,,,,20000,1.0,fraction_1p0,paper_outputs/secondary_metropt3/replay_input_metropt3.csv
rbpg-c65ee9b39946ee4ab0bf061d,rbpg-c65ee9b39946ee4ab0bf061d,rbpg-exec-9be3c7065d974fd9b4fa034974792f5b,rule_gate,3,1,20000,0.3753480000013951,0.3753480000013951,0.4680331000017759,0.0,0.3753480000013951,0.09268510000038077,0.0,0.0,1e-09,1,run_start->validation_end; preparation=model/checkpoint load+state load+batched inference+action-map construction; replay_only=per-record replay using prepared actions; post_replay_validation=trace reconstruction+receipt reconciliation+hashing+validation,53283.88588703193,42732.02044881893,53283.88588703193,0.017727864995140407,0.015899997379165143,0.02260000110254623,0.1676,0,0,1,0,1,0,0,0,0,0,0,0,,c65ee9b39946ee4ab0bf061d9eb412ef222443f29b1070a4e891ae18a6f8acff,,20000,20000,1,1,203,16674edcd40aa6c593c9d36c9198fbda3196abb2ad3798656536852fdf44136b,,,,20000,1.0,fraction_1p0,paper_outputs/secondary_metropt3/replay_input_metropt3.csv
rbpg-4f7ffb4d96ea6a63cadb50b6,rbpg-4f7ffb4d96ea6a63cadb50b6,rbpg-exec-d6629d6a37a64bd78678ef57b1242c43,rule_gate,3,4,20000,0.7841322999993281,0.7841322999993281,0.8840969000011683,0.0,0.7841322999993281,0.09996460000184015,0.0,0.0,1e-09,1,run_start->validation_end; preparation=model/checkpoint load+state load+batched inference+action-map construction; replay_only=per-record replay using prepared actions; post_replay_validation=trace reconstruction+receipt reconciliation+hashing+validation,25505.899961036088,22621.95467484794,25505.899961036088,0.09071740000672435,0.016499998309882358,0.02719999974942766,0.1676,0,0,1,0,1,0,0,0,0,0,0,0,,4f7ffb4d96ea6a63cadb50b6d3145734ba1077811550f9a4c6720be11a5db8cf,,20000,20000,1,1,203,16674edcd40aa6c593c9d36c9198fbda3196abb2ad3798656536852fdf44136b,,,,20000,1.0,fraction_1p0,paper_outputs/secondary_metropt3/replay_input_metropt3.csv
rbpg-82eec4e886cabadbdbded1ca,rbpg-82eec4e886cabadbdbded1ca,rbpg-exec-b1837b70f5cd47af8f60057042bcfd3f,random,1,1,20000,0.37358600000152364,0.37358600000152364,0.46437560000049416,0.0,0.37358600000152364,0.09078959999897052,0.0,0.0,1e-09,1,run_start->validation_end; preparation=model/checkpoint load+state load+batched inference+action-map construction; replay_only=per-record replay using prepared actions; post_replay_validation=trace reconstruction+receipt reconciliation+hashing+validation,53535.19671486199,43068.58499882147,53535.19671486199,0.017693779995715885,0.01880000127130188,0.020600000425474718,0.49605,0,0,1,0,1,0,0,0,0,0,0,0,,82eec4e886cabadbdbded1ca5e72750f830e62dc1bb2f511d2f3ee5c1db43de8,,20000,20000,1,1,188,479a7bf4e7390c44137ede9f0d6866677e26971302b945d8ac66a41d0efc7510,,,,20000,1.0,fraction_1p0,paper_outputs/secondary_metropt3/replay_input_metropt3.csv
rbpg-015d7af121c72e40daa3cb60,rbpg-015d7af121c72e40daa3cb60,rbpg-exec-42b2c2f6aa284979ac5c29c609ee0092,random,1,4,20000,1.138196700001572,1.138196700001572,1.2480018000023847,0.0,1.138196700001572,0.10980510000081267,0.0,0.0,1.2480018000023847e-09,1,run_start->validation_end; preparation=model/checkpoint load+state load+batched inference+action-map construction; replay_only=per-record replay using prepared actions; post_replay_validation=trace reconstruction+receipt reconciliation+hashing+validation,17571.655233205627,16025.617911738416,17571.655233205627,0.05693499000153679,0.021200001356191933,0.03769999984797323,0.49605,0,0,1,0,1,0,0,0,0,0,0,0,,015d7af121c72e40daa3cb6060c1ddfe125e3fe77ebbb45e8aa3874247149360,,20000,20000,1,1,188,479a7bf4e7390c44137ede9f0d6866677e26971302b945d8ac66a41d0efc7510,,,,20000,1.0,fraction_1p0,paper_outputs/secondary_metropt3/replay_input_metropt3.csv
rbpg-05e5dbb1898d33b0803312c6,rbpg-05e5dbb1898d33b0803312c6,rbpg-exec-843555d5ca74429986a5278b9b5854b4,random,2,1,20000,0.39788319999934174,0.39788319999934174,0.49160589999883086,0.0,0.39788319999934174,0.09372269999948912,0.0,0.0,1e-09,1,run_start->validation_end; preparation=model/checkpoint load+state load+batched inference+action-map construction; replay_only=per-record replay using prepared actions; post_replay_validation=trace reconstruction+receipt reconciliation+hashing+validation,50266.00771289939,40682.99424406331,50266.00771289939,0.018835534989557347,0.01880000127130188,0.02809999932651408,0.50255,0,0,1,0,1,0,0,0,0,0,0,0,,05e5dbb1898d33b0803312c692b83656dac49eac27c56a081eef5d267b401caa,,20000,20000,1,1,182,984323138b5cb611bd9024a373b01417255ddcc28df4a844b95c0b56948922ef,,,,20000,1.0,fraction_1p0,paper_outputs/secondary_metropt3/replay_input_metropt3.csv
rbpg-8018bb32977a73979b1f73a8,rbpg-8018bb32977a73979b1f73a8,rbpg-exec-b06f1e0a903341869d4233060fbc1c8b,random,2,4,20000,1.0835885999986203,1.0835885999986203,1.1877459999996063,0.0,1.0835885999986203,0.10415740000098594,0.0,0.0,1.1877459999996064e-09,1,run_start->validation_end; preparation=model/checkpoint load+state load+batched inference+action-map construction; replay_only=per-record replay using prepared actions; post_replay_validation=trace reconstruction+receipt reconciliation+hashing+validation,18457.18937983056,16838.617010713257,18457.18937983056,0.05539908001137519,0.020200001017656177,0.042400002712383866,0.50255,0,0,1,0,1,0,0,0,0,0,0,0,,8018bb32977a73979b1f73a860aa1df09b8340c42c6bc6f32e55e68c844020bb,,20000,20000,1,1,182,984323138b5cb611bd9024a373b01417255ddcc28df4a844b95c0b56948922ef,,,,20000,1.0,fraction_1p0,paper_outputs/secondary_metropt3/replay_input_metropt3.csv
rbpg-7963b1b458d6a07baca6c87d,rbpg-7963b1b458d6a07baca6c87d,rbpg-exec-eedb4a10ac2547808649a65529e8d72d,random,3,1,20000,0.3750355000011041,0.3750355000011041,0.47323030000188737,0.0,0.3750355000011041,0.09819480000078329,0.0,0.0,1e-09,1,run_start->validation_end; preparation=model/checkpoint load+state load+batched inference+action-map construction; replay_only=per-record replay using prepared actions; post_replay_validation=trace reconstruction+receipt reconciliation+hashing+validation,53328.28492220369,42262.72070896609,53328.28492220369,0.017740545000197016,0.01849999898695387,0.02270500172016902,0.49505,0,0,1,0,1,0,0,0,0,0,0,0,,7963b1b458d6a07baca6c87d067f037a47b76d1f1458df8654e76075cdc6f768,,20000,20000,1,1,197,c6b38668526e022f8401c9e9032126dace31b30ed539c5b293ef3c91309d0ead,,,,20000,1.0,fraction_1p0,paper_outputs/secondary_metropt3/replay_input_metropt3.csv
rbpg-50170a55f04acc08d5095ec6,rbpg-50170a55f04acc08d5095ec6,rbpg-exec-c6eb7a018fa8492689277d092a161648,random,3,4,20000,1.0528621999983443,1.0528621999983443,1.1642498999972304,0.0,1.0528621999983443,0.11138769999888609,0.0,0.0,1.1642498999972306e-09,1,run_start->validation_end; preparation=model/checkpoint load+state load+batched inference+action-map construction; replay_only=per-record replay using prepared actions; post_replay_validation=trace reconstruction+receipt reconciliation+hashing+validation,18995.83820183824,17178.442532009303,18995.83820183824,0.08029119000948412,0.020300001779105514,0.04439999975147657,0.49505,0,0,1,0,1,0,0,0,0,0,0,0,,50170a55f04acc08d5095ec62f52042d4354a1fc75ea8003578b85ade9f8d1f2,,20000,20000,1,1,197,c6b38668526e022f8401c9e9032126dace31b30ed539c5b293ef3c91309d0ead,,,,20000,1.0,fraction_1p0,paper_outputs/secondary_metropt3/replay_input_metropt3.csv
rbpg-ac1fa61604244c4a7722f5e0,rbpg-ac1fa61604244c4a7722f5e0,rbpg-exec-0fedd91ab63c4eb199a5a55d70a0e8c9,never,1,1,20000,0.25912590000007185,0.25912590000007185,0.3524044000005233,0.0,0.25912590000007185,0.09327850000045146,0.0,0.0,1e-09,1,run_start->validation_end; preparation=model/checkpoint load+state load+batched inference+action-map construction; replay_only=per-record replay using prepared actions; post_replay_validation=trace reconstruction+receipt reconciliation+hashing+validation,77182.55874844798,56752.98038268052,77182.55874844798,0.01202520000115328,0.011500000255182385,0.012699998478638008,0.0098,0,0,1,0,1,0,0,0,0,0,0,0,,ac1fa61604244c4a7722f5e0c58064a9b3f051210a3ea7f5c0874afffaae87f4,,20000,20000,1,1,196,95eacb292b72713621cd15840eea455b900cccdda03ef109dc368aff5a228882,,,,20000,1.0,fraction_1p0,paper_outputs/secondary_metropt3/replay_input_metropt3.csv
rbpg-ccfe4987184432c7e64d0c39,rbpg-ccfe4987184432c7e64d0c39,rbpg-exec-37f42f1d3421470389af98c0311128b0,never,1,4,20000,0.683264400002372,0.683264400002372,0.7865491000011389,0.0,0.683264400002372,0.10328469999876688,0.0,0.0,1e-09,1,run_start->validation_end; preparation=model/checkpoint load+state load+batched inference+action-map construction; replay_only=per-record replay using prepared actions; post_replay_validation=trace reconstruction+receipt reconciliation+hashing+validation,29271.24550895754,25427.52893617327,29271.24550895754,0.04361783000331343,0.0121000011858996,0.01759999940986745,0.0098,0,0,1,0,1,0,0,0,0,0,0,0,,ccfe4987184432c7e64d0c399240466c9b9c3e53deee7b26f85dc68a75953770,,20000,20000,1,1,196,95eacb292b72713621cd15840eea455b900cccdda03ef109dc368aff5a228882,,,,20000,1.0,fraction_1p0,paper_outputs/secondary_metropt3/replay_input_metropt3.csv
rbpg-ad3844169355a6a9dda5319d,rbpg-ad3844169355a6a9dda5319d,rbpg-exec-042b68a7b0cc40ee930619a890eb73e5,never,2,1,20000,0.2689969999992172,0.2689969999992172,0.3595435000024736,0.0,0.2689969999992172,0.09054650000325637,0.0,0.0,1e-09,1,run_start->validation_end; preparation=model/checkpoint load+state load+batched inference+action-map construction; replay_only=per-record replay using prepared actions; post_replay_validation=trace reconstruction+receipt reconciliation+hashing+validation,74350.27156458325,55626.09253084092,74350.27156458325,0.012508405008338741,0.011499996617203578,0.017700000171316788,0.0114,0,0,1,0,1,0,0,0,0,0,0,0,,ad3844169355a6a9dda5319d30b0e2c9fc39c5314b09e1b8bb5bc46b7a381767,,20000,20000,1,1,228,6767eab7add7f52a6d436e33011dc5ed356c2025bb266915aff367814eaaaf22,,,,20000,1.0,fraction_1p0,paper_outputs/secondary_metropt3/replay_input_metropt3.csv
rbpg-2f8ccaf989462b485404b96d,rbpg-2f8ccaf989462b485404b96d,rbpg-exec-791f83512201437b82ad081e38a77376,never,2,4,20000,0.9490189999996801,0.9490189999996801,1.0553618000012648,0.0,0.9490189999996801,0.10634280000158469,0.0,0.0,1.0553618000012649e-09,1,run_start->validation_end; preparation=model/checkpoint load+state load+batched inference+action-map construction; replay_only=per-record replay using prepared actions; post_replay_validation=trace reconstruction+receipt reconciliation+hashing+validation,21074.393663358416,18950.846998608467,21074.393663358416,0.05636991501178272,0.012900000001536682,0.03020000076503493,0.0114,0,0,1,0,1,0,0,0,0,0,0,0,,2f8ccaf989462b485404b96d46bcc72761431214ba80b47fc2bf842d9f5d0ff5,,20000,20000,1,1,228,6767eab7add7f52a6d436e33011dc5ed356c2025bb266915aff367814eaaaf22,,,,20000,1.0,fraction_1p0,paper_outputs/secondary_metropt3/replay_input_metropt3.csv
rbpg-08cdffdfb6f37cf175ed259f,rbpg-08cdffdfb6f37cf175ed259f,rbpg-exec-9474f1a5ecdb44449a46d26a45681af8,never,3,1,20000,0.2677819999989879,0.2677819999989879,0.35903179999877466,0.0,0.2677819999989879,0.09124979999978677,0.0,0.0,1e-09,1,run_start->validation_end; preparation=model/checkpoint load+state load+batched inference+action-map construction; replay_only=per-record replay using prepared actions; post_replay_validation=trace reconstruction+receipt reconciliation+hashing+validation,74687.61903367513,55705.372059155365,74687.61903367513,0.012433614994733944,0.011500000255182385,0.01669999983278103,0.0098,0,0,1,0,1,0,0,0,0,0,0,0,,08cdffdfb6f37cf175ed259f7ec6149fa18235c47616271a0891acfaf6ed164d,,20000,20000,1,1,196,df538730dd6459a10512e793b618aab35364fa441886aaae87b2d0503681fcfb,,,,20000,1.0,fraction_1p0,paper_outputs/secondary_metropt3/replay_input_metropt3.csv
rbpg-0ef03c1bbeb3dca4dd1345a2,rbpg-0ef03c1bbeb3dca4dd1345a2,rbpg-exec-3202c4623e2c41fc85fc899f9ea89fe8,never,3,4,20000,0.6359864999976708,0.6359864999976708,0.7396885999987717,0.0,0.6359864999976708,0.10370210000110092,0.0,0.0,1e-09,1,run_start->validation_end; preparation=model/checkpoint load+state load+batched inference+action-map construction; replay_only=per-record replay using prepared actions; post_replay_validation=trace reconstruction+receipt reconciliation+hashing+validation,31447.208392117205,27038.405080236753,31447.208392117205,0.0619699500131901,0.0121000011858996,0.018405001719656793,0.0098,0,0,1,0,1,0,0,0,0,0,0,0,,0ef03c1bbeb3dca4dd1345a28a557dfa51f5e0226601cf55b7f99eb339ba661a,,20000,20000,1,1,196,df538730dd6459a10512e793b618aab35364fa441886aaae87b2d0503681fcfb,,,,20000,1.0,fraction_1p0,paper_outputs/secondary_metropt3/replay_input_metropt3.csv
