dataset_fraction,decision_points,policy_mode,workers,total_runtime_seconds,throughput_points_per_second,mean_latency_ms,p95_latency_ms,memory_delta_mb,intervention_rate,unauthorized_invocations
0.25,2837,always,1,1.0222089666676766,2776.1847580852714,0.2534240159858707,0.3312733339650245,,1.0,0.0
0.25,2837,always,2,1.1524390333336971,2462.596896576861,0.677816425810687,0.7825066670193336,,1.0,0.0
0.25,2837,always,4,1.168124566665938,2429.20168603666,1.4999324168870292,1.9891000001128607,,1.0,0.0
0.25,2837,always,8,1.1554390333343083,2455.343742879828,3.0694783691690923,4.481113333167741,,1.0,0.0
0.25,2837,bc,1,1.0593234000007214,2683.225790532442,0.26315013510532526,0.33146000084040367,,1.0,0.0
0.25,2837,bc,2,1.1564512666664086,2453.5126301992354,0.6779886969583169,0.7656400002209315,,1.0,0.0
0.25,2837,bc,4,1.1787959666677732,2407.475086369032,1.514112795193702,2.02169999902253,,1.0,0.0
0.25,2837,bc,8,1.181924366667469,2400.57971623998,3.1614912936207435,4.665973333127718,,1.0,0.0
0.25,2837,never,1,0.9878626666662361,2871.992003657513,0.240997015621597,0.3002866668490847,,0.0,0.0
0.25,2837,never,2,1.1340710999999526,2502.5641036398533,0.6643261073870258,0.7472266671053754,,0.0,0.0
0.25,2837,never,4,1.1433363333332334,2481.3697795979206,1.4680711314976742,1.951713332770547,,0.0,0.0
0.25,2837,never,8,1.1168884666682668,2540.5181121259143,2.971169404290754,4.309919999650446,,0.0,0.0
0.25,2837,proxy,1,1.0035526000004513,2828.8209471931164,0.24675794853205804,0.31974666708265426,,0.20514628128304543,0.0
0.25,2837,proxy,2,1.1064180333317684,2564.899919627244,0.6451919280750005,0.7343333340638006,,0.20514628128304543,0.0
0.25,2837,proxy,4,1.1751897333330514,2414.2489422116982,1.4978784984321958,2.0142200000312487,,0.20514628128304543,0.0
0.25,2837,proxy,8,1.1536687666666694,2459.1113986979412,3.0749778404101797,4.462119999516289,,0.20514628128304543,0.0
0.25,2837,random,1,1.0628068000005442,2670.2164684461773,0.26395002937021317,0.35611333199388634,,0.48584185172130184,0.0
0.25,2837,random,2,1.1816332333328319,2402.861955322344,0.6995298436946108,0.7818866669064543,,0.48584185172130184,0.0
0.25,2837,random,4,1.1884748333335058,2387.6801377609427,1.525435307235754,2.032366665904798,,0.48584185172130184,0.0
0.25,2837,random,8,1.1712404666662526,2422.303451008916,3.1282383503794158,4.580726666608824,,0.48584185172130184,0.0
0.5,5675,always,1,2.075903233332307,2734.5230532487603,0.25708778268485305,0.3254666662542149,,1.0,0.0
0.5,5675,always,2,2.305906366667235,2462.4722338533834,0.6805870249623327,0.7987466667448948,,1.0,0.0
0.5,5675,always,4,2.346730833333519,2418.285225685648,1.507243154204718,2.0119733328707903,,1.0,0.0
0.5,5675,always,8,2.297201600000941,2470.410669946271,3.074516740110214,4.487076665949037,,1.0,0.0
0.5,5675,bc,1,2.0608480666669493,2753.928714298087,0.25485413215305514,0.31984000124793965,,1.0,0.0
0.5,5675,bc,2,2.3165156999990963,2449.9341859132123,0.6839409632693426,0.7878199990955181,,1.0,0.0
0.5,5675,bc,4,2.347254766665477,2417.8984656745865,1.512553280473891,2.0231299988760534,,1.0,0.0
0.5,5675,bc,8,2.318289600002269,2448.2687434169543,3.1128304376014833,4.512536667001162,,1.0,0.0
0.5,5675,never,1,1.9853568999981992,2858.7868482923964,0.2428444111515872,0.30924000032731186,,0.0,0.0
0.5,5675,never,2,2.2147803666654604,2562.7546237721403,0.6487936387742441,0.7657733334781369,,0.0,0.0
0.5,5675,never,4,2.285186933332928,2483.9186796490726,1.4588985668027583,1.9780500004950834,,0.0,0.0
0.5,5675,never,8,2.2407812333331094,2532.7258344529055,2.999946760648257,4.406499999701434,,0.0,0.0
0.5,5675,proxy,1,2.0232662666676333,2805.6241392714733,0.24734021146100002,0.3073866656147099,,0.2095154185022026,0.0
0.5,5675,proxy,2,2.284802033333108,2484.00160601457,0.6697930279074605,0.771520000610811,,0.2095154185022026,0.0
0.5,5675,proxy,4,2.2948208666663654,2473.3596407567366,1.4695494273030345,1.9747799997276163,,0.2095154185022026,0.0
0.5,5675,proxy,8,2.2533010666666087,2518.772701466489,3.0123265491993916,4.383963334233462,,0.2095154185022026,0.0
0.5,5675,random,1,2.0641866000005393,2749.5444682638413,0.256784293697511,0.3143399997497909,,0.49756240822320114,0.0
0.5,5675,random,2,2.333950399999594,2432.2322826834575,0.6902985726909682,0.7865000008071851,,0.49756240822320114,0.0
0.5,5675,random,4,2.36587613333298,2399.440824991944,1.5228387136330277,2.0293666663443823,,0.49756240822320114,0.0
0.5,5675,random,8,2.3511936333319077,2413.8102314208377,3.159433298090344,4.5932500001072185,,0.49756240822320114,0.0
0.75,8513,always,1,3.0689560000003744,2773.9237063129417,0.25299719644096447,0.31471333350054914,,1.0,0.0
0.75,8513,always,2,3.4758974999992156,2449.842477093049,0.6794153294900225,0.8074533330121388,,1.0,0.0
0.75,8513,always,4,3.5015519333331517,2431.8651378991076,1.5039272367687861,2.0099266669906988,,1.0,0.0
0.75,8513,always,8,3.468237066666916,2454.640210523815,3.1055200086423227,4.5140066657040725,,1.0,0.0
0.75,8513,bc,1,3.092977033332621,2752.6863936702644,0.25498588432714525,0.32312000087889214,,1.0,0.0
0.75,8513,bc,2,3.4720553000006475,2452.527005853064,0.6819211519648333,0.8081933325835658,,1.0,0.0
0.75,8513,bc,4,3.516559000000901,2421.110830787117,1.5125810955710008,2.0004000007853997,,1.0,0.0
0.75,8513,bc,8,3.494155200000629,2436.4495892871496,3.131427941593928,4.525940000651947,,1.0,0.0
0.75,8513,never,1,3.1889769333344398,2673.2954159060855,0.2602407690121055,0.3669599997616993,,0.0,0.0
0.75,8513,never,2,3.4656297000013487,2460.8027244914,0.6763484709520161,0.8108200000909466,,0.0,0.0
0.75,8513,never,4,3.4970377666674417,2435.591115311999,1.49709365285354,2.005853333685081,,0.0,0.0
0.75,8513,never,8,3.390333766667027,2511.168028864967,3.0317726770848066,4.399253334122476,,0.0,0.0
0.75,8513,proxy,1,3.0910109000008865,2754.3889426359765,0.2530608324326329,0.33004666668906185,,0.22271819570069304,0.0
0.75,8513,proxy,2,3.3602911999987555,2533.851166666309,0.6563238497840687,0.7757666666293516,,0.22271819570069304,0.0
0.75,8513,proxy,4,3.4748288666681524,2450.090082620293,1.488418783044965,1.9966533334809353,,0.22271819570069304,0.0
0.75,8513,proxy,8,3.4021147999992536,2502.457448086417,3.0421368299577716,4.417753333594494,,0.22271819570069304,0.0
0.75,8513,random,1,3.1554083666669612,2698.336039830118,0.2614775558968949,0.3263666663163651,,0.5031911977759504,0.0
0.75,8513,random,2,3.5337658999997075,2409.4525320008,0.6957066917272533,0.8243266674980987,,0.5031911977759504,0.0
0.75,8513,random,4,3.612535399999615,2356.604594315337,1.5529415795430819,2.084899999317713,,0.5031911977759504,0.0
0.75,8513,random,8,3.6068914666648197,2362.1311267706524,3.236348819459872,4.7247400000439175,,0.5031911977759504,0.0
1.0,11351,always,1,4.083265566667251,2780.659852830693,0.25234534110729867,0.305833333186456,,1.0,0.0
1.0,11351,always,2,4.596438933332441,2470.601113819398,0.676452336067927,0.7574499995826045,,1.0,0.0
1.0,11351,always,4,4.684522533332104,2423.5180973355696,1.5090973012757811,1.9907833338947967,,1.0,0.0
1.0,11351,always,8,4.641076633333189,2445.803440429923,3.114860332423549,4.510233333955209,,1.0,0.0
1.0,11351,bc,1,4.054156733333609,2799.8708966380823,0.2507766922193073,0.3079833325803823,,1.0,0.0
1.0,11351,bc,2,4.585452100000111,2476.7166693427826,0.6753586115768481,0.7791166687335741,,1.0,0.0
1.0,11351,bc,4,4.692349899999196,2419.1484647323673,1.5116432531660988,1.9950666658890743,,1.0,0.0
1.0,11351,bc,8,4.635724999998881,2448.677508338083,3.1083721052317763,4.499233333262964,,1.0,0.0
1.0,11351,never,1,3.898781500001254,2911.4390914247256,0.23789782398458004,0.2938999999363053,,0.0,0.0
1.0,11351,never,2,4.414048633333247,2572.5719958896684,0.6448589375408927,0.7449833325760361,,0.0,0.0
1.0,11351,never,4,4.5306301999989955,2505.737409746001,1.4547790561813663,1.939416667179709,,0.0,0.0
1.0,11351,never,8,4.4896868666667915,2528.355714763155,3.0107620474035492,4.367916666524252,,0.0,0.0
1.0,11351,proxy,1,4.070492766667788,2792.0801976889684,0.2496819516779147,0.3289166658457058,,0.22984759052065887,0.0
1.0,11351,proxy,2,4.801303266667674,2365.246053319118,0.7035829501065832,0.8929499993731346,,0.22984759052065887,0.0
1.0,11351,proxy,4,4.659766633333978,2436.1094913711163,1.496454685341537,1.9886500006881154,,0.22984759052065887,0.0
1.0,11351,proxy,8,4.633771999999833,2450.988528781478,3.113533694533746,4.5043500006916775,,0.22984759052065887,0.0
1.0,11351,random,1,4.1369680666660615,2745.2250789716486,0.25662839690780226,0.31118333208723925,,0.5008956626435263,0.0
1.0,11351,random,2,4.663082866666325,2434.684589679124,0.6893117610710225,0.7884166661824565,,0.5008956626435263,0.0
1.0,11351,random,4,4.794516866665314,2367.6937735856864,1.5460691069882007,2.0486000000043227,,0.5008956626435263,0.0
1.0,11351,random,8,4.708866999999979,2410.582923990509,3.171293489551019,4.591400000208523,,0.5008956626435263,0.0
