workload_size,policy_mode,workers,replay_runtime_seconds,throughput_points_per_second,policy_action_time_seconds,gating_time_seconds,aggregation_time_seconds,trace_hash_time_seconds,trace_hash_overhead_percent,intervention_rate,unauthorized_invocations
11351,always,1,0.000208,54784698.445655,3.4e-05,4.4e-05,5.6e-05,4.3e-05,20.847075,1.0,0
11351,always,2,0.000716,15922822.657706,0.000531,4.8e-05,4.6e-05,4.3e-05,6.062746,1.0,0
11351,always,4,0.000932,12218432.17442,0.000729,4.8e-05,4.9e-05,4.1e-05,4.448288,1.0,0
11351,always,8,0.001093,10435690.072679,0.000894,4.4e-05,4.5e-05,4.1e-05,3.738978,1.0,0
11351,bc,1,0.000203,56147606.87747,4.7e-05,4.3e-05,4.7e-05,4.4e-05,21.526549,1.0,0
11351,bc,2,0.000876,13093257.469958,0.00067,5.4e-05,4.7e-05,4.1e-05,4.771267,1.0,0
11351,bc,4,0.000875,13044534.378721,0.000675,5.2e-05,4.9e-05,3.9e-05,4.443501,1.0,0
11351,bc,8,0.001229,9284095.836758,0.001031,4.7e-05,4.5e-05,4e-05,3.270315,1.0,0
11351,never,1,0.000188,60775159.620546,2.8e-05,5.1e-05,4.5e-05,4.3e-05,22.93716,0.0,0
11351,never,2,0.000725,16112875.675545,0.000526,5.7e-05,4.7e-05,4.2e-05,5.801468,0.0,0
11351,never,4,0.000905,12598428.930513,0.000716,4.7e-05,4.5e-05,4.6e-05,5.100178,0.0,0
11351,never,8,0.001166,9756673.212899,0.000967,4.7e-05,4.5e-05,4e-05,3.462421,0.0,0
11351,proxy,1,0.001235,9283475.817833,0.001064,3.9e-05,4.6e-05,4.4e-05,3.6456,0.229848,0
11351,proxy,2,0.002168,5432511.471525,0.00197,4.5e-05,4.5e-05,4.3e-05,2.063352,0.229848,0
11351,proxy,4,0.002147,5322286.454273,0.001946,4.4e-05,4.4e-05,4e-05,1.859158,0.229848,0
11351,proxy,8,0.0025,4544857.004351,0.002305,4.3e-05,4.5e-05,4e-05,1.613909,0.229848,0
11351,random,1,0.000378,30120286.223816,0.000199,4.6e-05,5.2e-05,5.2e-05,13.693902,0.499956,0
11351,random,2,0.001039,11134077.262418,0.000852,4.6e-05,4.6e-05,4.2e-05,4.078621,0.499956,0
11351,random,4,0.00113,10359286.961482,0.000935,4.9e-05,4.9e-05,4.3e-05,3.878809,0.499956,0
11351,random,8,0.001672,6792299.051132,0.001469,5.2e-05,4.7e-05,4.1e-05,2.44344,0.499956,0
50000,always,1,0.000609,84033821.810966,0.000105,0.000118,0.000157,0.000198,33.566431,1.0,0
50000,always,2,0.001378,37453196.22019,0.000836,0.000119,0.000169,0.000174,12.625845,1.0,0
50000,always,4,0.001411,36399365.67081,0.000973,0.000107,0.000123,0.000138,9.763905,1.0,0
50000,always,8,0.001744,28855336.545036,0.001338,0.000106,0.000116,0.000134,7.809229,1.0,0
50000,bc,1,0.000516,102203904.173288,0.000157,8.2e-05,0.000114,0.00014,27.980108,1.0,0
50000,bc,2,0.001374,38386745.903953,0.00088,0.000138,0.000122,0.000164,11.880733,1.0,0
50000,bc,4,0.001722,30307278.139868,0.001145,0.000142,0.000143,0.000211,11.905875,1.0,0
50000,bc,8,0.002081,24756042.919338,0.001508,0.000135,0.000153,0.000183,8.693685,1.0,0
50000,never,1,0.000362,139787313.580521,5.3e-05,7.4e-05,9.2e-05,0.000124,34.013361,0.0,0
50000,never,2,0.000812,62728323.875273,0.000484,9.1e-05,9.2e-05,0.000108,13.636176,0.0,0
50000,never,4,0.000994,51748071.541597,0.000667,8.6e-05,9.1e-05,0.000111,11.565525,0.0,0
50000,never,8,0.001369,37159704.854033,0.001004,8.6e-05,0.000104,0.000123,9.009442,0.0,0
50000,proxy,1,0.004557,10997941.445482,0.004158,0.000107,0.000121,0.000141,3.070862,0.2288,0
50000,proxy,2,0.00564,8937258.491667,0.005161,0.000132,0.000117,0.000153,2.733127,0.2288,0
50000,proxy,4,0.006188,8186938.715459,0.005691,0.000106,0.000162,0.000157,2.581182,0.2288,0
50000,proxy,8,0.006279,7964010.242363,0.005909,8.5e-05,0.000102,0.000125,1.99134,0.2288,0
50000,random,1,0.001269,39563718.611634,0.000926,7.6e-05,0.000107,0.000123,9.705224,0.499953,0
50000,random,2,0.001633,31972175.898601,0.001213,9.9e-05,0.000122,0.000151,9.049344,0.499953,0
50000,random,4,0.002685,24303414.170987,0.002306,9e-05,9.9e-05,0.000124,5.742193,0.499953,0
50000,random,8,0.002864,17850730.530505,0.002457,9.2e-05,0.000111,0.000136,4.7512,0.499953,0
100000,always,1,0.000746,134984595.055783,0.000193,0.000117,0.000168,0.000235,31.648794,1.0,0
100000,always,2,0.001114,90229234.785707,0.000519,0.00013,0.000182,0.000241,21.694468,1.0,0
100000,always,4,0.001219,82710662.849658,0.000649,0.000127,0.000171,0.000224,18.523428,1.0,0
100000,always,8,0.00159,63025337.981649,0.001001,0.00013,0.000171,0.000229,14.414728,1.0,0
100000,bc,1,0.000857,122391975.857982,0.000338,0.000122,0.000165,0.000214,25.893515,1.0,0
100000,bc,2,0.001156,86918481.730701,0.000616,0.000127,0.000167,0.000213,18.417851,1.0,0
100000,bc,4,0.001408,72435657.523943,0.00083,0.000134,0.000173,0.00023,16.483734,1.0,0
100000,bc,8,0.001684,59585769.214203,0.0011,0.000134,0.000166,0.000224,13.331884,1.0,0
100000,never,1,0.00067,149218869.706485,9.1e-05,0.000144,0.000175,0.00024,35.906457,0.0,0
100000,never,2,0.001071,94066970.619198,0.000494,0.000129,0.000169,0.000241,22.611189,0.0,0
100000,never,4,0.001211,83131862.774686,0.000613,0.000125,0.000177,0.000247,20.402757,0.0,0
100000,never,8,0.001574,63720037.332474,0.000979,0.000134,0.000176,0.000233,14.782664,0.0,0
100000,proxy,1,0.008531,11744234.53555,0.008005,0.000118,0.000153,0.000222,2.617599,0.22937,0
100000,proxy,2,0.009389,10679353.388533,0.00882,0.000153,0.000159,0.0002,2.133847,0.22937,0
100000,proxy,4,0.009079,11030941.405787,0.00844,0.000159,0.000171,0.000245,2.696804,0.22937,0
100000,proxy,8,0.010889,9201067.735876,0.010197,0.000166,0.000174,0.000264,2.41628,0.22937,0
100000,random,1,0.002841,35562980.800352,0.002067,0.000224,0.000173,0.000213,7.575356,0.49998,0
100000,random,2,0.002582,38910999.716776,0.001782,0.000269,0.000168,0.000237,9.150724,0.49998,0
100000,random,4,0.002458,41040849.458345,0.001746,0.000206,0.000185,0.000251,10.268607,0.49998,0
100000,random,8,0.002958,33944671.323945,0.00203,0.000249,0.000181,0.000269,9.062788,0.49998,0
500000,always,1,0.006022,83571003.833367,0.002545,0.001113,0.000846,0.001256,20.733751,1.0,0
500000,always,2,0.006972,73825365.02497,0.0025,0.001538,0.001198,0.00146,20.702793,1.0,0
500000,always,4,0.006306,79589851.448198,0.002392,0.001323,0.000852,0.001233,19.581634,1.0,0
500000,always,8,0.006358,80207081.437305,0.002241,0.001539,0.000936,0.001204,19.18573,1.0,0
500000,bc,1,0.004694,107804006.178881,0.002134,0.000646,0.000764,0.000987,21.102272,1.0,0
500000,bc,2,0.004518,112195301.115476,0.002083,0.000652,0.000651,0.000914,20.510657,1.0,0
500000,bc,4,0.006195,81774714.335431,0.002749,0.000903,0.000949,0.001191,18.888126,1.0,0
500000,bc,8,0.006041,83681825.512034,0.003179,0.000767,0.000703,0.001095,18.116946,1.0,0
500000,never,1,0.0049,103868796.320947,0.001713,0.00085,0.000781,0.001375,27.690662,0.0,0
500000,never,2,0.006032,86162315.850835,0.001958,0.001129,0.001047,0.001645,26.978994,0.0,0
500000,never,4,0.005479,92574367.926602,0.00206,0.000987,0.000904,0.001128,20.669489,0.0,0
500000,never,8,0.004813,104297981.368625,0.001684,0.000941,0.000717,0.001073,22.465788,0.0,0
500000,proxy,1,0.03858,12972705.873568,0.036265,0.000566,0.00063,0.000912,2.364974,0.229812,0
500000,proxy,2,0.038032,13147083.342005,0.035654,0.00069,0.000639,0.000941,2.473008,0.229812,0
500000,proxy,4,0.040002,12503415.764848,0.037311,0.000775,0.000661,0.000921,2.303509,0.229812,0
500000,proxy,8,0.040403,12375936.12496,0.037787,0.000873,0.000621,0.000897,2.221503,0.229812,0
500000,random,1,0.014762,33906113.179844,0.012174,0.000638,0.000722,0.001044,7.060892,0.499996,0
500000,random,2,0.010939,45834045.391723,0.008296,0.000776,0.000657,0.000951,8.711172,0.499996,0
500000,random,4,0.00902,55544689.693469,0.005927,0.00092,0.000772,0.001173,12.944338,0.499996,0
500000,random,8,0.010081,50732184.145519,0.006475,0.000948,0.000889,0.001524,14.939697,0.499996,0
1000000,always,1,0.008231,121782545.976542,0.002803,0.001625,0.001455,0.00211,25.695291,1.0,0
1000000,always,2,0.008001,125674031.281936,0.002689,0.001533,0.001356,0.002121,26.528271,1.0,0
1000000,always,4,0.008361,120603154.064124,0.002867,0.001628,0.001311,0.002221,26.381262,1.0,0
1000000,always,8,0.008302,121619424.301131,0.002575,0.001659,0.00131,0.002345,28.362055,1.0,0
1000000,bc,1,0.008692,115240119.342066,0.003559,0.001257,0.001272,0.002213,25.475793,1.0,0
1000000,bc,2,0.009608,104401691.268828,0.003953,0.001478,0.001395,0.002277,23.918113,1.0,0
1000000,bc,4,0.009265,108680093.926652,0.003576,0.00172,0.001587,0.001981,21.365544,1.0,0
1000000,bc,8,0.010052,99570956.244965,0.00412,0.001663,0.001392,0.002472,24.606666,1.0,0
1000000,never,1,0.008921,118160548.443932,0.003115,0.001735,0.001542,0.00217,24.787881,0.0,0
1000000,never,2,0.009652,104129670.709383,0.002988,0.002309,0.001565,0.002497,25.962742,0.0,0
1000000,never,4,0.008371,120872688.602267,0.002876,0.00153,0.001452,0.002172,25.978814,0.0,0
1000000,never,8,0.010055,104811825.154003,0.002906,0.002318,0.00177,0.002497,24.216208,0.0,0
1000000,proxy,1,0.074331,13456235.625716,0.069487,0.001434,0.001193,0.001745,2.347233,0.22981,0
1000000,proxy,2,0.076667,13054729.031537,0.071598,0.001362,0.001205,0.001934,2.521867,0.22981,0
1000000,proxy,4,0.075654,13229968.504107,0.070455,0.001508,0.00122,0.001925,2.541266,0.22981,0
1000000,proxy,8,0.075855,13183863.88304,0.070342,0.001668,0.001396,0.00207,2.730278,0.22981,0
1000000,random,1,0.026513,37722480.416581,0.021276,0.001594,0.00126,0.001967,7.422459,0.5,0
1000000,random,2,0.018657,53643662.151242,0.011893,0.002092,0.001635,0.002531,13.564219,0.5,0
1000000,random,4,0.01669,59957813.204824,0.010649,0.001743,0.00146,0.002251,13.481589,0.5,0
1000000,random,8,0.015566,64266536.110106,0.00991,0.001759,0.001563,0.001959,12.582645,0.5,0
