comparison_scope,region,dataset_fraction,policy_mode,seed,workers,trace_hash_local,trace_hash_cloud,hash_match,unauthorized_invocations
local_to_cloud,asia-southeast1,0.1,always,1,1,78be96175d6fd950e339abab28b98cb4ea12300ef91b6daf93a212b4ba73fa72,78be96175d6fd950e339abab28b98cb4ea12300ef91b6daf93a212b4ba73fa72,1,0
local_to_cloud,asia-southeast1,0.1,always,1,2,78be96175d6fd950e339abab28b98cb4ea12300ef91b6daf93a212b4ba73fa72,78be96175d6fd950e339abab28b98cb4ea12300ef91b6daf93a212b4ba73fa72,1,0
local_to_cloud,asia-southeast1,0.1,always,1,4,78be96175d6fd950e339abab28b98cb4ea12300ef91b6daf93a212b4ba73fa72,78be96175d6fd950e339abab28b98cb4ea12300ef91b6daf93a212b4ba73fa72,1,0
local_to_cloud,asia-southeast1,0.1,always,1,8,78be96175d6fd950e339abab28b98cb4ea12300ef91b6daf93a212b4ba73fa72,78be96175d6fd950e339abab28b98cb4ea12300ef91b6daf93a212b4ba73fa72,1,0
local_to_cloud,asia-southeast1,0.1,always,2,1,78be96175d6fd950e339abab28b98cb4ea12300ef91b6daf93a212b4ba73fa72,78be96175d6fd950e339abab28b98cb4ea12300ef91b6daf93a212b4ba73fa72,1,0
local_to_cloud,asia-southeast1,0.1,always,2,2,78be96175d6fd950e339abab28b98cb4ea12300ef91b6daf93a212b4ba73fa72,78be96175d6fd950e339abab28b98cb4ea12300ef91b6daf93a212b4ba73fa72,1,0
local_to_cloud,asia-southeast1,0.1,always,2,4,78be96175d6fd950e339abab28b98cb4ea12300ef91b6daf93a212b4ba73fa72,78be96175d6fd950e339abab28b98cb4ea12300ef91b6daf93a212b4ba73fa72,1,0
local_to_cloud,asia-southeast1,0.1,always,2,8,78be96175d6fd950e339abab28b98cb4ea12300ef91b6daf93a212b4ba73fa72,78be96175d6fd950e339abab28b98cb4ea12300ef91b6daf93a212b4ba73fa72,1,0
local_to_cloud,asia-southeast1,0.1,always,3,1,78be96175d6fd950e339abab28b98cb4ea12300ef91b6daf93a212b4ba73fa72,78be96175d6fd950e339abab28b98cb4ea12300ef91b6daf93a212b4ba73fa72,1,0
local_to_cloud,asia-southeast1,0.1,always,3,2,78be96175d6fd950e339abab28b98cb4ea12300ef91b6daf93a212b4ba73fa72,78be96175d6fd950e339abab28b98cb4ea12300ef91b6daf93a212b4ba73fa72,1,0
local_to_cloud,asia-southeast1,0.1,always,3,4,78be96175d6fd950e339abab28b98cb4ea12300ef91b6daf93a212b4ba73fa72,78be96175d6fd950e339abab28b98cb4ea12300ef91b6daf93a212b4ba73fa72,1,0
local_to_cloud,asia-southeast1,0.1,always,3,8,78be96175d6fd950e339abab28b98cb4ea12300ef91b6daf93a212b4ba73fa72,78be96175d6fd950e339abab28b98cb4ea12300ef91b6daf93a212b4ba73fa72,1,0
local_to_cloud,asia-southeast1,0.1,never,1,1,c24554611ddd20bf2c8031ab6d01a1e79b994655e666db305f10b9f887bf08d8,c24554611ddd20bf2c8031ab6d01a1e79b994655e666db305f10b9f887bf08d8,1,0
local_to_cloud,asia-southeast1,0.1,never,1,2,c24554611ddd20bf2c8031ab6d01a1e79b994655e666db305f10b9f887bf08d8,c24554611ddd20bf2c8031ab6d01a1e79b994655e666db305f10b9f887bf08d8,1,0
local_to_cloud,asia-southeast1,0.1,never,1,4,c24554611ddd20bf2c8031ab6d01a1e79b994655e666db305f10b9f887bf08d8,c24554611ddd20bf2c8031ab6d01a1e79b994655e666db305f10b9f887bf08d8,1,0
local_to_cloud,asia-southeast1,0.1,never,1,8,c24554611ddd20bf2c8031ab6d01a1e79b994655e666db305f10b9f887bf08d8,c24554611ddd20bf2c8031ab6d01a1e79b994655e666db305f10b9f887bf08d8,1,0
local_to_cloud,asia-southeast1,0.1,never,2,1,c24554611ddd20bf2c8031ab6d01a1e79b994655e666db305f10b9f887bf08d8,c24554611ddd20bf2c8031ab6d01a1e79b994655e666db305f10b9f887bf08d8,1,0
local_to_cloud,asia-southeast1,0.1,never,2,2,c24554611ddd20bf2c8031ab6d01a1e79b994655e666db305f10b9f887bf08d8,c24554611ddd20bf2c8031ab6d01a1e79b994655e666db305f10b9f887bf08d8,1,0
local_to_cloud,asia-southeast1,0.1,never,2,4,c24554611ddd20bf2c8031ab6d01a1e79b994655e666db305f10b9f887bf08d8,c24554611ddd20bf2c8031ab6d01a1e79b994655e666db305f10b9f887bf08d8,1,0
local_to_cloud,asia-southeast1,0.1,never,2,8,c24554611ddd20bf2c8031ab6d01a1e79b994655e666db305f10b9f887bf08d8,c24554611ddd20bf2c8031ab6d01a1e79b994655e666db305f10b9f887bf08d8,1,0
local_to_cloud,asia-southeast1,0.1,never,3,1,c24554611ddd20bf2c8031ab6d01a1e79b994655e666db305f10b9f887bf08d8,c24554611ddd20bf2c8031ab6d01a1e79b994655e666db305f10b9f887bf08d8,1,0
local_to_cloud,asia-southeast1,0.1,never,3,2,c24554611ddd20bf2c8031ab6d01a1e79b994655e666db305f10b9f887bf08d8,c24554611ddd20bf2c8031ab6d01a1e79b994655e666db305f10b9f887bf08d8,1,0
local_to_cloud,asia-southeast1,0.1,never,3,4,c24554611ddd20bf2c8031ab6d01a1e79b994655e666db305f10b9f887bf08d8,c24554611ddd20bf2c8031ab6d01a1e79b994655e666db305f10b9f887bf08d8,1,0
local_to_cloud,asia-southeast1,0.1,never,3,8,c24554611ddd20bf2c8031ab6d01a1e79b994655e666db305f10b9f887bf08d8,c24554611ddd20bf2c8031ab6d01a1e79b994655e666db305f10b9f887bf08d8,1,0
local_to_cloud,asia-southeast1,0.1,random,1,1,88788601d95807ccfacebb1ec66bb170078a34aa14bcf24ee2c8bf8605b73d85,88788601d95807ccfacebb1ec66bb170078a34aa14bcf24ee2c8bf8605b73d85,1,0
local_to_cloud,asia-southeast1,0.1,random,1,2,88788601d95807ccfacebb1ec66bb170078a34aa14bcf24ee2c8bf8605b73d85,88788601d95807ccfacebb1ec66bb170078a34aa14bcf24ee2c8bf8605b73d85,1,0
local_to_cloud,asia-southeast1,0.1,random,1,4,88788601d95807ccfacebb1ec66bb170078a34aa14bcf24ee2c8bf8605b73d85,88788601d95807ccfacebb1ec66bb170078a34aa14bcf24ee2c8bf8605b73d85,1,0
local_to_cloud,asia-southeast1,0.1,random,1,8,88788601d95807ccfacebb1ec66bb170078a34aa14bcf24ee2c8bf8605b73d85,88788601d95807ccfacebb1ec66bb170078a34aa14bcf24ee2c8bf8605b73d85,1,0
local_to_cloud,asia-southeast1,0.1,random,2,1,36091b3f7c42304c3427784934c6215d0c5c218c572389caa8449c7bb8a4fd43,36091b3f7c42304c3427784934c6215d0c5c218c572389caa8449c7bb8a4fd43,1,0
local_to_cloud,asia-southeast1,0.1,random,2,2,36091b3f7c42304c3427784934c6215d0c5c218c572389caa8449c7bb8a4fd43,36091b3f7c42304c3427784934c6215d0c5c218c572389caa8449c7bb8a4fd43,1,0
local_to_cloud,asia-southeast1,0.1,random,2,4,36091b3f7c42304c3427784934c6215d0c5c218c572389caa8449c7bb8a4fd43,36091b3f7c42304c3427784934c6215d0c5c218c572389caa8449c7bb8a4fd43,1,0
local_to_cloud,asia-southeast1,0.1,random,2,8,36091b3f7c42304c3427784934c6215d0c5c218c572389caa8449c7bb8a4fd43,36091b3f7c42304c3427784934c6215d0c5c218c572389caa8449c7bb8a4fd43,1,0
local_to_cloud,asia-southeast1,0.1,random,3,1,f93edad76d213bc10de7dd0a110715ece96cdee9e265dda601c65917ed83e25c,f93edad76d213bc10de7dd0a110715ece96cdee9e265dda601c65917ed83e25c,1,0
local_to_cloud,asia-southeast1,0.1,random,3,2,f93edad76d213bc10de7dd0a110715ece96cdee9e265dda601c65917ed83e25c,f93edad76d213bc10de7dd0a110715ece96cdee9e265dda601c65917ed83e25c,1,0
local_to_cloud,asia-southeast1,0.1,random,3,4,f93edad76d213bc10de7dd0a110715ece96cdee9e265dda601c65917ed83e25c,f93edad76d213bc10de7dd0a110715ece96cdee9e265dda601c65917ed83e25c,1,0
local_to_cloud,asia-southeast1,0.1,random,3,8,f93edad76d213bc10de7dd0a110715ece96cdee9e265dda601c65917ed83e25c,f93edad76d213bc10de7dd0a110715ece96cdee9e265dda601c65917ed83e25c,1,0
local_to_cloud,asia-southeast1,0.1,risk_proxy,1,1,2032f62d2e606a258a6225e1ea3f5a983f94496e61b3379e8a51cea30337d5f2,2032f62d2e606a258a6225e1ea3f5a983f94496e61b3379e8a51cea30337d5f2,1,0
local_to_cloud,asia-southeast1,0.1,risk_proxy,1,2,2032f62d2e606a258a6225e1ea3f5a983f94496e61b3379e8a51cea30337d5f2,2032f62d2e606a258a6225e1ea3f5a983f94496e61b3379e8a51cea30337d5f2,1,0
local_to_cloud,asia-southeast1,0.1,risk_proxy,1,4,2032f62d2e606a258a6225e1ea3f5a983f94496e61b3379e8a51cea30337d5f2,2032f62d2e606a258a6225e1ea3f5a983f94496e61b3379e8a51cea30337d5f2,1,0
local_to_cloud,asia-southeast1,0.1,risk_proxy,1,8,2032f62d2e606a258a6225e1ea3f5a983f94496e61b3379e8a51cea30337d5f2,2032f62d2e606a258a6225e1ea3f5a983f94496e61b3379e8a51cea30337d5f2,1,0
local_to_cloud,asia-southeast1,0.1,risk_proxy,2,1,2032f62d2e606a258a6225e1ea3f5a983f94496e61b3379e8a51cea30337d5f2,2032f62d2e606a258a6225e1ea3f5a983f94496e61b3379e8a51cea30337d5f2,1,0
local_to_cloud,asia-southeast1,0.1,risk_proxy,2,2,2032f62d2e606a258a6225e1ea3f5a983f94496e61b3379e8a51cea30337d5f2,2032f62d2e606a258a6225e1ea3f5a983f94496e61b3379e8a51cea30337d5f2,1,0
local_to_cloud,asia-southeast1,0.1,risk_proxy,2,4,2032f62d2e606a258a6225e1ea3f5a983f94496e61b3379e8a51cea30337d5f2,2032f62d2e606a258a6225e1ea3f5a983f94496e61b3379e8a51cea30337d5f2,1,0
local_to_cloud,asia-southeast1,0.1,risk_proxy,2,8,2032f62d2e606a258a6225e1ea3f5a983f94496e61b3379e8a51cea30337d5f2,2032f62d2e606a258a6225e1ea3f5a983f94496e61b3379e8a51cea30337d5f2,1,0
local_to_cloud,asia-southeast1,0.1,risk_proxy,3,1,2032f62d2e606a258a6225e1ea3f5a983f94496e61b3379e8a51cea30337d5f2,2032f62d2e606a258a6225e1ea3f5a983f94496e61b3379e8a51cea30337d5f2,1,0
local_to_cloud,asia-southeast1,0.1,risk_proxy,3,2,2032f62d2e606a258a6225e1ea3f5a983f94496e61b3379e8a51cea30337d5f2,2032f62d2e606a258a6225e1ea3f5a983f94496e61b3379e8a51cea30337d5f2,1,0
local_to_cloud,asia-southeast1,0.1,risk_proxy,3,4,2032f62d2e606a258a6225e1ea3f5a983f94496e61b3379e8a51cea30337d5f2,2032f62d2e606a258a6225e1ea3f5a983f94496e61b3379e8a51cea30337d5f2,1,0
local_to_cloud,asia-southeast1,0.1,risk_proxy,3,8,2032f62d2e606a258a6225e1ea3f5a983f94496e61b3379e8a51cea30337d5f2,2032f62d2e606a258a6225e1ea3f5a983f94496e61b3379e8a51cea30337d5f2,1,0
local_to_cloud,asia-southeast1,0.25,always,1,1,7b07c0c01f0b72dd397627243151dcb39d907e48a31b0073be0925d187f05bf9,7b07c0c01f0b72dd397627243151dcb39d907e48a31b0073be0925d187f05bf9,1,0
local_to_cloud,asia-southeast1,0.25,always,1,2,7b07c0c01f0b72dd397627243151dcb39d907e48a31b0073be0925d187f05bf9,7b07c0c01f0b72dd397627243151dcb39d907e48a31b0073be0925d187f05bf9,1,0
local_to_cloud,asia-southeast1,0.25,always,1,4,7b07c0c01f0b72dd397627243151dcb39d907e48a31b0073be0925d187f05bf9,7b07c0c01f0b72dd397627243151dcb39d907e48a31b0073be0925d187f05bf9,1,0
local_to_cloud,asia-southeast1,0.25,always,1,8,7b07c0c01f0b72dd397627243151dcb39d907e48a31b0073be0925d187f05bf9,7b07c0c01f0b72dd397627243151dcb39d907e48a31b0073be0925d187f05bf9,1,0
local_to_cloud,asia-southeast1,0.25,always,2,1,7b07c0c01f0b72dd397627243151dcb39d907e48a31b0073be0925d187f05bf9,7b07c0c01f0b72dd397627243151dcb39d907e48a31b0073be0925d187f05bf9,1,0
local_to_cloud,asia-southeast1,0.25,always,2,2,7b07c0c01f0b72dd397627243151dcb39d907e48a31b0073be0925d187f05bf9,7b07c0c01f0b72dd397627243151dcb39d907e48a31b0073be0925d187f05bf9,1,0
local_to_cloud,asia-southeast1,0.25,always,2,4,7b07c0c01f0b72dd397627243151dcb39d907e48a31b0073be0925d187f05bf9,7b07c0c01f0b72dd397627243151dcb39d907e48a31b0073be0925d187f05bf9,1,0
local_to_cloud,asia-southeast1,0.25,always,2,8,7b07c0c01f0b72dd397627243151dcb39d907e48a31b0073be0925d187f05bf9,7b07c0c01f0b72dd397627243151dcb39d907e48a31b0073be0925d187f05bf9,1,0
local_to_cloud,asia-southeast1,0.25,always,3,1,7b07c0c01f0b72dd397627243151dcb39d907e48a31b0073be0925d187f05bf9,7b07c0c01f0b72dd397627243151dcb39d907e48a31b0073be0925d187f05bf9,1,0
local_to_cloud,asia-southeast1,0.25,always,3,2,7b07c0c01f0b72dd397627243151dcb39d907e48a31b0073be0925d187f05bf9,7b07c0c01f0b72dd397627243151dcb39d907e48a31b0073be0925d187f05bf9,1,0
local_to_cloud,asia-southeast1,0.25,always,3,4,7b07c0c01f0b72dd397627243151dcb39d907e48a31b0073be0925d187f05bf9,7b07c0c01f0b72dd397627243151dcb39d907e48a31b0073be0925d187f05bf9,1,0
local_to_cloud,asia-southeast1,0.25,always,3,8,7b07c0c01f0b72dd397627243151dcb39d907e48a31b0073be0925d187f05bf9,7b07c0c01f0b72dd397627243151dcb39d907e48a31b0073be0925d187f05bf9,1,0
local_to_cloud,asia-southeast1,0.25,never,1,1,03b4016dec65d7298da2145469f4e9b953c9dec5a1f78acf4f791bcab1096bb4,03b4016dec65d7298da2145469f4e9b953c9dec5a1f78acf4f791bcab1096bb4,1,0
local_to_cloud,asia-southeast1,0.25,never,1,2,03b4016dec65d7298da2145469f4e9b953c9dec5a1f78acf4f791bcab1096bb4,03b4016dec65d7298da2145469f4e9b953c9dec5a1f78acf4f791bcab1096bb4,1,0
local_to_cloud,asia-southeast1,0.25,never,1,4,03b4016dec65d7298da2145469f4e9b953c9dec5a1f78acf4f791bcab1096bb4,03b4016dec65d7298da2145469f4e9b953c9dec5a1f78acf4f791bcab1096bb4,1,0
local_to_cloud,asia-southeast1,0.25,never,1,8,03b4016dec65d7298da2145469f4e9b953c9dec5a1f78acf4f791bcab1096bb4,03b4016dec65d7298da2145469f4e9b953c9dec5a1f78acf4f791bcab1096bb4,1,0
local_to_cloud,asia-southeast1,0.25,never,2,1,03b4016dec65d7298da2145469f4e9b953c9dec5a1f78acf4f791bcab1096bb4,03b4016dec65d7298da2145469f4e9b953c9dec5a1f78acf4f791bcab1096bb4,1,0
local_to_cloud,asia-southeast1,0.25,never,2,2,03b4016dec65d7298da2145469f4e9b953c9dec5a1f78acf4f791bcab1096bb4,03b4016dec65d7298da2145469f4e9b953c9dec5a1f78acf4f791bcab1096bb4,1,0
local_to_cloud,asia-southeast1,0.25,never,2,4,03b4016dec65d7298da2145469f4e9b953c9dec5a1f78acf4f791bcab1096bb4,03b4016dec65d7298da2145469f4e9b953c9dec5a1f78acf4f791bcab1096bb4,1,0
local_to_cloud,asia-southeast1,0.25,never,2,8,03b4016dec65d7298da2145469f4e9b953c9dec5a1f78acf4f791bcab1096bb4,03b4016dec65d7298da2145469f4e9b953c9dec5a1f78acf4f791bcab1096bb4,1,0
local_to_cloud,asia-southeast1,0.25,never,3,1,03b4016dec65d7298da2145469f4e9b953c9dec5a1f78acf4f791bcab1096bb4,03b4016dec65d7298da2145469f4e9b953c9dec5a1f78acf4f791bcab1096bb4,1,0
local_to_cloud,asia-southeast1,0.25,never,3,2,03b4016dec65d7298da2145469f4e9b953c9dec5a1f78acf4f791bcab1096bb4,03b4016dec65d7298da2145469f4e9b953c9dec5a1f78acf4f791bcab1096bb4,1,0
local_to_cloud,asia-southeast1,0.25,never,3,4,03b4016dec65d7298da2145469f4e9b953c9dec5a1f78acf4f791bcab1096bb4,03b4016dec65d7298da2145469f4e9b953c9dec5a1f78acf4f791bcab1096bb4,1,0
local_to_cloud,asia-southeast1,0.25,never,3,8,03b4016dec65d7298da2145469f4e9b953c9dec5a1f78acf4f791bcab1096bb4,03b4016dec65d7298da2145469f4e9b953c9dec5a1f78acf4f791bcab1096bb4,1,0
local_to_cloud,asia-southeast1,0.25,random,1,1,beac4d6b5801a7b24c70a7d523b537f7f92ab282185e34b7973e6ad9b22f1a8c,beac4d6b5801a7b24c70a7d523b537f7f92ab282185e34b7973e6ad9b22f1a8c,1,0
local_to_cloud,asia-southeast1,0.25,random,1,2,beac4d6b5801a7b24c70a7d523b537f7f92ab282185e34b7973e6ad9b22f1a8c,beac4d6b5801a7b24c70a7d523b537f7f92ab282185e34b7973e6ad9b22f1a8c,1,0
local_to_cloud,asia-southeast1,0.25,random,1,4,beac4d6b5801a7b24c70a7d523b537f7f92ab282185e34b7973e6ad9b22f1a8c,beac4d6b5801a7b24c70a7d523b537f7f92ab282185e34b7973e6ad9b22f1a8c,1,0
local_to_cloud,asia-southeast1,0.25,random,1,8,beac4d6b5801a7b24c70a7d523b537f7f92ab282185e34b7973e6ad9b22f1a8c,beac4d6b5801a7b24c70a7d523b537f7f92ab282185e34b7973e6ad9b22f1a8c,1,0
local_to_cloud,asia-southeast1,0.25,random,2,1,fc14cefecb490a6f0d5f7a5d49977a445a8aaedda4776869398d1e26a245ed98,fc14cefecb490a6f0d5f7a5d49977a445a8aaedda4776869398d1e26a245ed98,1,0
local_to_cloud,asia-southeast1,0.25,random,2,2,fc14cefecb490a6f0d5f7a5d49977a445a8aaedda4776869398d1e26a245ed98,fc14cefecb490a6f0d5f7a5d49977a445a8aaedda4776869398d1e26a245ed98,1,0
local_to_cloud,asia-southeast1,0.25,random,2,4,fc14cefecb490a6f0d5f7a5d49977a445a8aaedda4776869398d1e26a245ed98,fc14cefecb490a6f0d5f7a5d49977a445a8aaedda4776869398d1e26a245ed98,1,0
local_to_cloud,asia-southeast1,0.25,random,2,8,fc14cefecb490a6f0d5f7a5d49977a445a8aaedda4776869398d1e26a245ed98,fc14cefecb490a6f0d5f7a5d49977a445a8aaedda4776869398d1e26a245ed98,1,0
local_to_cloud,asia-southeast1,0.25,random,3,1,54f8e0011857f30ce9641eefecbcc774acca1e8982d00aa97fabf7e3d14a577e,54f8e0011857f30ce9641eefecbcc774acca1e8982d00aa97fabf7e3d14a577e,1,0
local_to_cloud,asia-southeast1,0.25,random,3,2,54f8e0011857f30ce9641eefecbcc774acca1e8982d00aa97fabf7e3d14a577e,54f8e0011857f30ce9641eefecbcc774acca1e8982d00aa97fabf7e3d14a577e,1,0
local_to_cloud,asia-southeast1,0.25,random,3,4,54f8e0011857f30ce9641eefecbcc774acca1e8982d00aa97fabf7e3d14a577e,54f8e0011857f30ce9641eefecbcc774acca1e8982d00aa97fabf7e3d14a577e,1,0
local_to_cloud,asia-southeast1,0.25,random,3,8,54f8e0011857f30ce9641eefecbcc774acca1e8982d00aa97fabf7e3d14a577e,54f8e0011857f30ce9641eefecbcc774acca1e8982d00aa97fabf7e3d14a577e,1,0
local_to_cloud,asia-southeast1,0.25,risk_proxy,1,1,8fd2aedd00bf5cadd1b67c06aac6812fbf39bac260da628384ba0a8df0ce390b,8fd2aedd00bf5cadd1b67c06aac6812fbf39bac260da628384ba0a8df0ce390b,1,0
local_to_cloud,asia-southeast1,0.25,risk_proxy,1,2,8fd2aedd00bf5cadd1b67c06aac6812fbf39bac260da628384ba0a8df0ce390b,8fd2aedd00bf5cadd1b67c06aac6812fbf39bac260da628384ba0a8df0ce390b,1,0
local_to_cloud,asia-southeast1,0.25,risk_proxy,1,4,8fd2aedd00bf5cadd1b67c06aac6812fbf39bac260da628384ba0a8df0ce390b,8fd2aedd00bf5cadd1b67c06aac6812fbf39bac260da628384ba0a8df0ce390b,1,0
local_to_cloud,asia-southeast1,0.25,risk_proxy,1,8,8fd2aedd00bf5cadd1b67c06aac6812fbf39bac260da628384ba0a8df0ce390b,8fd2aedd00bf5cadd1b67c06aac6812fbf39bac260da628384ba0a8df0ce390b,1,0
local_to_cloud,asia-southeast1,0.25,risk_proxy,2,1,8fd2aedd00bf5cadd1b67c06aac6812fbf39bac260da628384ba0a8df0ce390b,8fd2aedd00bf5cadd1b67c06aac6812fbf39bac260da628384ba0a8df0ce390b,1,0
local_to_cloud,asia-southeast1,0.25,risk_proxy,2,2,8fd2aedd00bf5cadd1b67c06aac6812fbf39bac260da628384ba0a8df0ce390b,8fd2aedd00bf5cadd1b67c06aac6812fbf39bac260da628384ba0a8df0ce390b,1,0
local_to_cloud,asia-southeast1,0.25,risk_proxy,2,4,8fd2aedd00bf5cadd1b67c06aac6812fbf39bac260da628384ba0a8df0ce390b,8fd2aedd00bf5cadd1b67c06aac6812fbf39bac260da628384ba0a8df0ce390b,1,0
local_to_cloud,asia-southeast1,0.25,risk_proxy,2,8,8fd2aedd00bf5cadd1b67c06aac6812fbf39bac260da628384ba0a8df0ce390b,8fd2aedd00bf5cadd1b67c06aac6812fbf39bac260da628384ba0a8df0ce390b,1,0
local_to_cloud,asia-southeast1,0.25,risk_proxy,3,1,8fd2aedd00bf5cadd1b67c06aac6812fbf39bac260da628384ba0a8df0ce390b,8fd2aedd00bf5cadd1b67c06aac6812fbf39bac260da628384ba0a8df0ce390b,1,0
local_to_cloud,asia-southeast1,0.25,risk_proxy,3,2,8fd2aedd00bf5cadd1b67c06aac6812fbf39bac260da628384ba0a8df0ce390b,8fd2aedd00bf5cadd1b67c06aac6812fbf39bac260da628384ba0a8df0ce390b,1,0
local_to_cloud,asia-southeast1,0.25,risk_proxy,3,4,8fd2aedd00bf5cadd1b67c06aac6812fbf39bac260da628384ba0a8df0ce390b,8fd2aedd00bf5cadd1b67c06aac6812fbf39bac260da628384ba0a8df0ce390b,1,0
local_to_cloud,asia-southeast1,0.25,risk_proxy,3,8,8fd2aedd00bf5cadd1b67c06aac6812fbf39bac260da628384ba0a8df0ce390b,8fd2aedd00bf5cadd1b67c06aac6812fbf39bac260da628384ba0a8df0ce390b,1,0
local_to_cloud,asia-southeast1,0.5,always,1,1,0e5775445f525e491057d7a8f5ea715419a48a9fc23d5e0a528c4acae88567db,0e5775445f525e491057d7a8f5ea715419a48a9fc23d5e0a528c4acae88567db,1,0
local_to_cloud,asia-southeast1,0.5,always,1,2,0e5775445f525e491057d7a8f5ea715419a48a9fc23d5e0a528c4acae88567db,0e5775445f525e491057d7a8f5ea715419a48a9fc23d5e0a528c4acae88567db,1,0
local_to_cloud,asia-southeast1,0.5,always,1,4,0e5775445f525e491057d7a8f5ea715419a48a9fc23d5e0a528c4acae88567db,0e5775445f525e491057d7a8f5ea715419a48a9fc23d5e0a528c4acae88567db,1,0
local_to_cloud,asia-southeast1,0.5,always,1,8,0e5775445f525e491057d7a8f5ea715419a48a9fc23d5e0a528c4acae88567db,0e5775445f525e491057d7a8f5ea715419a48a9fc23d5e0a528c4acae88567db,1,0
local_to_cloud,asia-southeast1,0.5,always,2,1,0e5775445f525e491057d7a8f5ea715419a48a9fc23d5e0a528c4acae88567db,0e5775445f525e491057d7a8f5ea715419a48a9fc23d5e0a528c4acae88567db,1,0
local_to_cloud,asia-southeast1,0.5,always,2,2,0e5775445f525e491057d7a8f5ea715419a48a9fc23d5e0a528c4acae88567db,0e5775445f525e491057d7a8f5ea715419a48a9fc23d5e0a528c4acae88567db,1,0
local_to_cloud,asia-southeast1,0.5,always,2,4,0e5775445f525e491057d7a8f5ea715419a48a9fc23d5e0a528c4acae88567db,0e5775445f525e491057d7a8f5ea715419a48a9fc23d5e0a528c4acae88567db,1,0
local_to_cloud,asia-southeast1,0.5,always,2,8,0e5775445f525e491057d7a8f5ea715419a48a9fc23d5e0a528c4acae88567db,0e5775445f525e491057d7a8f5ea715419a48a9fc23d5e0a528c4acae88567db,1,0
local_to_cloud,asia-southeast1,0.5,always,3,1,0e5775445f525e491057d7a8f5ea715419a48a9fc23d5e0a528c4acae88567db,0e5775445f525e491057d7a8f5ea715419a48a9fc23d5e0a528c4acae88567db,1,0
local_to_cloud,asia-southeast1,0.5,always,3,2,0e5775445f525e491057d7a8f5ea715419a48a9fc23d5e0a528c4acae88567db,0e5775445f525e491057d7a8f5ea715419a48a9fc23d5e0a528c4acae88567db,1,0
local_to_cloud,asia-southeast1,0.5,always,3,4,0e5775445f525e491057d7a8f5ea715419a48a9fc23d5e0a528c4acae88567db,0e5775445f525e491057d7a8f5ea715419a48a9fc23d5e0a528c4acae88567db,1,0
local_to_cloud,asia-southeast1,0.5,always,3,8,0e5775445f525e491057d7a8f5ea715419a48a9fc23d5e0a528c4acae88567db,0e5775445f525e491057d7a8f5ea715419a48a9fc23d5e0a528c4acae88567db,1,0
local_to_cloud,asia-southeast1,0.5,never,1,1,5aeeadc92fcdd679ffd2f058d347aa605af2aa914f3477ce7234428d23f20754,5aeeadc92fcdd679ffd2f058d347aa605af2aa914f3477ce7234428d23f20754,1,0
local_to_cloud,asia-southeast1,0.5,never,1,2,5aeeadc92fcdd679ffd2f058d347aa605af2aa914f3477ce7234428d23f20754,5aeeadc92fcdd679ffd2f058d347aa605af2aa914f3477ce7234428d23f20754,1,0
local_to_cloud,asia-southeast1,0.5,never,1,4,5aeeadc92fcdd679ffd2f058d347aa605af2aa914f3477ce7234428d23f20754,5aeeadc92fcdd679ffd2f058d347aa605af2aa914f3477ce7234428d23f20754,1,0
local_to_cloud,asia-southeast1,0.5,never,1,8,5aeeadc92fcdd679ffd2f058d347aa605af2aa914f3477ce7234428d23f20754,5aeeadc92fcdd679ffd2f058d347aa605af2aa914f3477ce7234428d23f20754,1,0
local_to_cloud,asia-southeast1,0.5,never,2,1,5aeeadc92fcdd679ffd2f058d347aa605af2aa914f3477ce7234428d23f20754,5aeeadc92fcdd679ffd2f058d347aa605af2aa914f3477ce7234428d23f20754,1,0
local_to_cloud,asia-southeast1,0.5,never,2,2,5aeeadc92fcdd679ffd2f058d347aa605af2aa914f3477ce7234428d23f20754,5aeeadc92fcdd679ffd2f058d347aa605af2aa914f3477ce7234428d23f20754,1,0
local_to_cloud,asia-southeast1,0.5,never,2,4,5aeeadc92fcdd679ffd2f058d347aa605af2aa914f3477ce7234428d23f20754,5aeeadc92fcdd679ffd2f058d347aa605af2aa914f3477ce7234428d23f20754,1,0
local_to_cloud,asia-southeast1,0.5,never,2,8,5aeeadc92fcdd679ffd2f058d347aa605af2aa914f3477ce7234428d23f20754,5aeeadc92fcdd679ffd2f058d347aa605af2aa914f3477ce7234428d23f20754,1,0
local_to_cloud,asia-southeast1,0.5,never,3,1,5aeeadc92fcdd679ffd2f058d347aa605af2aa914f3477ce7234428d23f20754,5aeeadc92fcdd679ffd2f058d347aa605af2aa914f3477ce7234428d23f20754,1,0
local_to_cloud,asia-southeast1,0.5,never,3,2,5aeeadc92fcdd679ffd2f058d347aa605af2aa914f3477ce7234428d23f20754,5aeeadc92fcdd679ffd2f058d347aa605af2aa914f3477ce7234428d23f20754,1,0
local_to_cloud,asia-southeast1,0.5,never,3,4,5aeeadc92fcdd679ffd2f058d347aa605af2aa914f3477ce7234428d23f20754,5aeeadc92fcdd679ffd2f058d347aa605af2aa914f3477ce7234428d23f20754,1,0
local_to_cloud,asia-southeast1,0.5,never,3,8,5aeeadc92fcdd679ffd2f058d347aa605af2aa914f3477ce7234428d23f20754,5aeeadc92fcdd679ffd2f058d347aa605af2aa914f3477ce7234428d23f20754,1,0
local_to_cloud,asia-southeast1,0.5,random,1,1,e628b18e8d86ab5cb7c03104c92d82f2e7c715aa0469df7d70c4488ad52854d4,e628b18e8d86ab5cb7c03104c92d82f2e7c715aa0469df7d70c4488ad52854d4,1,0
local_to_cloud,asia-southeast1,0.5,random,1,2,e628b18e8d86ab5cb7c03104c92d82f2e7c715aa0469df7d70c4488ad52854d4,e628b18e8d86ab5cb7c03104c92d82f2e7c715aa0469df7d70c4488ad52854d4,1,0
local_to_cloud,asia-southeast1,0.5,random,1,4,e628b18e8d86ab5cb7c03104c92d82f2e7c715aa0469df7d70c4488ad52854d4,e628b18e8d86ab5cb7c03104c92d82f2e7c715aa0469df7d70c4488ad52854d4,1,0
local_to_cloud,asia-southeast1,0.5,random,1,8,e628b18e8d86ab5cb7c03104c92d82f2e7c715aa0469df7d70c4488ad52854d4,e628b18e8d86ab5cb7c03104c92d82f2e7c715aa0469df7d70c4488ad52854d4,1,0
local_to_cloud,asia-southeast1,0.5,random,2,1,8cc8c9c0507970a194c8cf322917607a78e1b95c4ba271efb9ba556db272a226,8cc8c9c0507970a194c8cf322917607a78e1b95c4ba271efb9ba556db272a226,1,0
local_to_cloud,asia-southeast1,0.5,random,2,2,8cc8c9c0507970a194c8cf322917607a78e1b95c4ba271efb9ba556db272a226,8cc8c9c0507970a194c8cf322917607a78e1b95c4ba271efb9ba556db272a226,1,0
local_to_cloud,asia-southeast1,0.5,random,2,4,8cc8c9c0507970a194c8cf322917607a78e1b95c4ba271efb9ba556db272a226,8cc8c9c0507970a194c8cf322917607a78e1b95c4ba271efb9ba556db272a226,1,0
local_to_cloud,asia-southeast1,0.5,random,2,8,8cc8c9c0507970a194c8cf322917607a78e1b95c4ba271efb9ba556db272a226,8cc8c9c0507970a194c8cf322917607a78e1b95c4ba271efb9ba556db272a226,1,0
local_to_cloud,asia-southeast1,0.5,random,3,1,065ac179d65e2e7d3ea43ac2bd765cc2a01b2e989b641d581e06ceac9301d1c7,065ac179d65e2e7d3ea43ac2bd765cc2a01b2e989b641d581e06ceac9301d1c7,1,0
local_to_cloud,asia-southeast1,0.5,random,3,2,065ac179d65e2e7d3ea43ac2bd765cc2a01b2e989b641d581e06ceac9301d1c7,065ac179d65e2e7d3ea43ac2bd765cc2a01b2e989b641d581e06ceac9301d1c7,1,0
local_to_cloud,asia-southeast1,0.5,random,3,4,065ac179d65e2e7d3ea43ac2bd765cc2a01b2e989b641d581e06ceac9301d1c7,065ac179d65e2e7d3ea43ac2bd765cc2a01b2e989b641d581e06ceac9301d1c7,1,0
local_to_cloud,asia-southeast1,0.5,random,3,8,065ac179d65e2e7d3ea43ac2bd765cc2a01b2e989b641d581e06ceac9301d1c7,065ac179d65e2e7d3ea43ac2bd765cc2a01b2e989b641d581e06ceac9301d1c7,1,0
local_to_cloud,asia-southeast1,0.5,risk_proxy,1,1,b3862ede955701697cf002e410d73897dc059a3f99152c6985ab5a51ffb34ba2,b3862ede955701697cf002e410d73897dc059a3f99152c6985ab5a51ffb34ba2,1,0
local_to_cloud,asia-southeast1,0.5,risk_proxy,1,2,b3862ede955701697cf002e410d73897dc059a3f99152c6985ab5a51ffb34ba2,b3862ede955701697cf002e410d73897dc059a3f99152c6985ab5a51ffb34ba2,1,0
local_to_cloud,asia-southeast1,0.5,risk_proxy,1,4,b3862ede955701697cf002e410d73897dc059a3f99152c6985ab5a51ffb34ba2,b3862ede955701697cf002e410d73897dc059a3f99152c6985ab5a51ffb34ba2,1,0
local_to_cloud,asia-southeast1,0.5,risk_proxy,1,8,b3862ede955701697cf002e410d73897dc059a3f99152c6985ab5a51ffb34ba2,b3862ede955701697cf002e410d73897dc059a3f99152c6985ab5a51ffb34ba2,1,0
local_to_cloud,asia-southeast1,0.5,risk_proxy,2,1,b3862ede955701697cf002e410d73897dc059a3f99152c6985ab5a51ffb34ba2,b3862ede955701697cf002e410d73897dc059a3f99152c6985ab5a51ffb34ba2,1,0
local_to_cloud,asia-southeast1,0.5,risk_proxy,2,2,b3862ede955701697cf002e410d73897dc059a3f99152c6985ab5a51ffb34ba2,b3862ede955701697cf002e410d73897dc059a3f99152c6985ab5a51ffb34ba2,1,0
local_to_cloud,asia-southeast1,0.5,risk_proxy,2,4,b3862ede955701697cf002e410d73897dc059a3f99152c6985ab5a51ffb34ba2,b3862ede955701697cf002e410d73897dc059a3f99152c6985ab5a51ffb34ba2,1,0
local_to_cloud,asia-southeast1,0.5,risk_proxy,2,8,b3862ede955701697cf002e410d73897dc059a3f99152c6985ab5a51ffb34ba2,b3862ede955701697cf002e410d73897dc059a3f99152c6985ab5a51ffb34ba2,1,0
local_to_cloud,asia-southeast1,0.5,risk_proxy,3,1,b3862ede955701697cf002e410d73897dc059a3f99152c6985ab5a51ffb34ba2,b3862ede955701697cf002e410d73897dc059a3f99152c6985ab5a51ffb34ba2,1,0
local_to_cloud,asia-southeast1,0.5,risk_proxy,3,2,b3862ede955701697cf002e410d73897dc059a3f99152c6985ab5a51ffb34ba2,b3862ede955701697cf002e410d73897dc059a3f99152c6985ab5a51ffb34ba2,1,0
local_to_cloud,asia-southeast1,0.5,risk_proxy,3,4,b3862ede955701697cf002e410d73897dc059a3f99152c6985ab5a51ffb34ba2,b3862ede955701697cf002e410d73897dc059a3f99152c6985ab5a51ffb34ba2,1,0
local_to_cloud,asia-southeast1,0.5,risk_proxy,3,8,b3862ede955701697cf002e410d73897dc059a3f99152c6985ab5a51ffb34ba2,b3862ede955701697cf002e410d73897dc059a3f99152c6985ab5a51ffb34ba2,1,0
local_to_cloud,asia-southeast1,0.75,always,1,1,58654ea0c4aa9d5d22efeb8c98cb43a1dfeabe88e1f7463a940536cd620148b8,58654ea0c4aa9d5d22efeb8c98cb43a1dfeabe88e1f7463a940536cd620148b8,1,0
local_to_cloud,asia-southeast1,0.75,always,1,2,58654ea0c4aa9d5d22efeb8c98cb43a1dfeabe88e1f7463a940536cd620148b8,58654ea0c4aa9d5d22efeb8c98cb43a1dfeabe88e1f7463a940536cd620148b8,1,0
local_to_cloud,asia-southeast1,0.75,always,1,4,58654ea0c4aa9d5d22efeb8c98cb43a1dfeabe88e1f7463a940536cd620148b8,58654ea0c4aa9d5d22efeb8c98cb43a1dfeabe88e1f7463a940536cd620148b8,1,0
local_to_cloud,asia-southeast1,0.75,always,1,8,58654ea0c4aa9d5d22efeb8c98cb43a1dfeabe88e1f7463a940536cd620148b8,58654ea0c4aa9d5d22efeb8c98cb43a1dfeabe88e1f7463a940536cd620148b8,1,0
local_to_cloud,asia-southeast1,0.75,always,2,1,58654ea0c4aa9d5d22efeb8c98cb43a1dfeabe88e1f7463a940536cd620148b8,58654ea0c4aa9d5d22efeb8c98cb43a1dfeabe88e1f7463a940536cd620148b8,1,0
local_to_cloud,asia-southeast1,0.75,always,2,2,58654ea0c4aa9d5d22efeb8c98cb43a1dfeabe88e1f7463a940536cd620148b8,58654ea0c4aa9d5d22efeb8c98cb43a1dfeabe88e1f7463a940536cd620148b8,1,0
local_to_cloud,asia-southeast1,0.75,always,2,4,58654ea0c4aa9d5d22efeb8c98cb43a1dfeabe88e1f7463a940536cd620148b8,58654ea0c4aa9d5d22efeb8c98cb43a1dfeabe88e1f7463a940536cd620148b8,1,0
local_to_cloud,asia-southeast1,0.75,always,2,8,58654ea0c4aa9d5d22efeb8c98cb43a1dfeabe88e1f7463a940536cd620148b8,58654ea0c4aa9d5d22efeb8c98cb43a1dfeabe88e1f7463a940536cd620148b8,1,0
local_to_cloud,asia-southeast1,0.75,always,3,1,58654ea0c4aa9d5d22efeb8c98cb43a1dfeabe88e1f7463a940536cd620148b8,58654ea0c4aa9d5d22efeb8c98cb43a1dfeabe88e1f7463a940536cd620148b8,1,0
local_to_cloud,asia-southeast1,0.75,always,3,2,58654ea0c4aa9d5d22efeb8c98cb43a1dfeabe88e1f7463a940536cd620148b8,58654ea0c4aa9d5d22efeb8c98cb43a1dfeabe88e1f7463a940536cd620148b8,1,0
local_to_cloud,asia-southeast1,0.75,always,3,4,58654ea0c4aa9d5d22efeb8c98cb43a1dfeabe88e1f7463a940536cd620148b8,58654ea0c4aa9d5d22efeb8c98cb43a1dfeabe88e1f7463a940536cd620148b8,1,0
local_to_cloud,asia-southeast1,0.75,always,3,8,58654ea0c4aa9d5d22efeb8c98cb43a1dfeabe88e1f7463a940536cd620148b8,58654ea0c4aa9d5d22efeb8c98cb43a1dfeabe88e1f7463a940536cd620148b8,1,0
local_to_cloud,asia-southeast1,0.75,never,1,1,4e3b0db1e85c152049e668f0e04d6100b7853a4cab4c883788c26325b8ffafcc,4e3b0db1e85c152049e668f0e04d6100b7853a4cab4c883788c26325b8ffafcc,1,0
local_to_cloud,asia-southeast1,0.75,never,1,2,4e3b0db1e85c152049e668f0e04d6100b7853a4cab4c883788c26325b8ffafcc,4e3b0db1e85c152049e668f0e04d6100b7853a4cab4c883788c26325b8ffafcc,1,0
local_to_cloud,asia-southeast1,0.75,never,1,4,4e3b0db1e85c152049e668f0e04d6100b7853a4cab4c883788c26325b8ffafcc,4e3b0db1e85c152049e668f0e04d6100b7853a4cab4c883788c26325b8ffafcc,1,0
local_to_cloud,asia-southeast1,0.75,never,1,8,4e3b0db1e85c152049e668f0e04d6100b7853a4cab4c883788c26325b8ffafcc,4e3b0db1e85c152049e668f0e04d6100b7853a4cab4c883788c26325b8ffafcc,1,0
local_to_cloud,asia-southeast1,0.75,never,2,1,4e3b0db1e85c152049e668f0e04d6100b7853a4cab4c883788c26325b8ffafcc,4e3b0db1e85c152049e668f0e04d6100b7853a4cab4c883788c26325b8ffafcc,1,0
local_to_cloud,asia-southeast1,0.75,never,2,2,4e3b0db1e85c152049e668f0e04d6100b7853a4cab4c883788c26325b8ffafcc,4e3b0db1e85c152049e668f0e04d6100b7853a4cab4c883788c26325b8ffafcc,1,0
local_to_cloud,asia-southeast1,0.75,never,2,4,4e3b0db1e85c152049e668f0e04d6100b7853a4cab4c883788c26325b8ffafcc,4e3b0db1e85c152049e668f0e04d6100b7853a4cab4c883788c26325b8ffafcc,1,0
local_to_cloud,asia-southeast1,0.75,never,2,8,4e3b0db1e85c152049e668f0e04d6100b7853a4cab4c883788c26325b8ffafcc,4e3b0db1e85c152049e668f0e04d6100b7853a4cab4c883788c26325b8ffafcc,1,0
local_to_cloud,asia-southeast1,0.75,never,3,1,4e3b0db1e85c152049e668f0e04d6100b7853a4cab4c883788c26325b8ffafcc,4e3b0db1e85c152049e668f0e04d6100b7853a4cab4c883788c26325b8ffafcc,1,0
local_to_cloud,asia-southeast1,0.75,never,3,2,4e3b0db1e85c152049e668f0e04d6100b7853a4cab4c883788c26325b8ffafcc,4e3b0db1e85c152049e668f0e04d6100b7853a4cab4c883788c26325b8ffafcc,1,0
local_to_cloud,asia-southeast1,0.75,never,3,4,4e3b0db1e85c152049e668f0e04d6100b7853a4cab4c883788c26325b8ffafcc,4e3b0db1e85c152049e668f0e04d6100b7853a4cab4c883788c26325b8ffafcc,1,0
local_to_cloud,asia-southeast1,0.75,never,3,8,4e3b0db1e85c152049e668f0e04d6100b7853a4cab4c883788c26325b8ffafcc,4e3b0db1e85c152049e668f0e04d6100b7853a4cab4c883788c26325b8ffafcc,1,0
local_to_cloud,asia-southeast1,0.75,random,1,1,0262b7573fb345d3f9a9cfded25b9dd407ff8e9dc1143b697e9b7d47ec06208d,0262b7573fb345d3f9a9cfded25b9dd407ff8e9dc1143b697e9b7d47ec06208d,1,0
local_to_cloud,asia-southeast1,0.75,random,1,2,0262b7573fb345d3f9a9cfded25b9dd407ff8e9dc1143b697e9b7d47ec06208d,0262b7573fb345d3f9a9cfded25b9dd407ff8e9dc1143b697e9b7d47ec06208d,1,0
local_to_cloud,asia-southeast1,0.75,random,1,4,0262b7573fb345d3f9a9cfded25b9dd407ff8e9dc1143b697e9b7d47ec06208d,0262b7573fb345d3f9a9cfded25b9dd407ff8e9dc1143b697e9b7d47ec06208d,1,0
local_to_cloud,asia-southeast1,0.75,random,1,8,0262b7573fb345d3f9a9cfded25b9dd407ff8e9dc1143b697e9b7d47ec06208d,0262b7573fb345d3f9a9cfded25b9dd407ff8e9dc1143b697e9b7d47ec06208d,1,0
local_to_cloud,asia-southeast1,0.75,random,2,1,1e063496659bd42882bff2f4bd245aac24df3416e5c2ad236dc85c316bad13e0,1e063496659bd42882bff2f4bd245aac24df3416e5c2ad236dc85c316bad13e0,1,0
local_to_cloud,asia-southeast1,0.75,random,2,2,1e063496659bd42882bff2f4bd245aac24df3416e5c2ad236dc85c316bad13e0,1e063496659bd42882bff2f4bd245aac24df3416e5c2ad236dc85c316bad13e0,1,0
local_to_cloud,asia-southeast1,0.75,random,2,4,1e063496659bd42882bff2f4bd245aac24df3416e5c2ad236dc85c316bad13e0,1e063496659bd42882bff2f4bd245aac24df3416e5c2ad236dc85c316bad13e0,1,0
local_to_cloud,asia-southeast1,0.75,random,2,8,1e063496659bd42882bff2f4bd245aac24df3416e5c2ad236dc85c316bad13e0,1e063496659bd42882bff2f4bd245aac24df3416e5c2ad236dc85c316bad13e0,1,0
local_to_cloud,asia-southeast1,0.75,random,3,1,443b040442153cc558986f7aaa53c18d7a8bfeac9e405c944f5b63936d3be3c5,443b040442153cc558986f7aaa53c18d7a8bfeac9e405c944f5b63936d3be3c5,1,0
local_to_cloud,asia-southeast1,0.75,random,3,2,443b040442153cc558986f7aaa53c18d7a8bfeac9e405c944f5b63936d3be3c5,443b040442153cc558986f7aaa53c18d7a8bfeac9e405c944f5b63936d3be3c5,1,0
local_to_cloud,asia-southeast1,0.75,random,3,4,443b040442153cc558986f7aaa53c18d7a8bfeac9e405c944f5b63936d3be3c5,443b040442153cc558986f7aaa53c18d7a8bfeac9e405c944f5b63936d3be3c5,1,0
local_to_cloud,asia-southeast1,0.75,random,3,8,443b040442153cc558986f7aaa53c18d7a8bfeac9e405c944f5b63936d3be3c5,443b040442153cc558986f7aaa53c18d7a8bfeac9e405c944f5b63936d3be3c5,1,0
local_to_cloud,asia-southeast1,0.75,risk_proxy,1,1,98a61f2a1e928b4cc6ba1c3bf2d80bbb19bb75ddfbfcabe7f7746d5019e37670,98a61f2a1e928b4cc6ba1c3bf2d80bbb19bb75ddfbfcabe7f7746d5019e37670,1,0
local_to_cloud,asia-southeast1,0.75,risk_proxy,1,2,98a61f2a1e928b4cc6ba1c3bf2d80bbb19bb75ddfbfcabe7f7746d5019e37670,98a61f2a1e928b4cc6ba1c3bf2d80bbb19bb75ddfbfcabe7f7746d5019e37670,1,0
local_to_cloud,asia-southeast1,0.75,risk_proxy,1,4,98a61f2a1e928b4cc6ba1c3bf2d80bbb19bb75ddfbfcabe7f7746d5019e37670,98a61f2a1e928b4cc6ba1c3bf2d80bbb19bb75ddfbfcabe7f7746d5019e37670,1,0
local_to_cloud,asia-southeast1,0.75,risk_proxy,1,8,98a61f2a1e928b4cc6ba1c3bf2d80bbb19bb75ddfbfcabe7f7746d5019e37670,98a61f2a1e928b4cc6ba1c3bf2d80bbb19bb75ddfbfcabe7f7746d5019e37670,1,0
local_to_cloud,asia-southeast1,0.75,risk_proxy,2,1,98a61f2a1e928b4cc6ba1c3bf2d80bbb19bb75ddfbfcabe7f7746d5019e37670,98a61f2a1e928b4cc6ba1c3bf2d80bbb19bb75ddfbfcabe7f7746d5019e37670,1,0
local_to_cloud,asia-southeast1,0.75,risk_proxy,2,2,98a61f2a1e928b4cc6ba1c3bf2d80bbb19bb75ddfbfcabe7f7746d5019e37670,98a61f2a1e928b4cc6ba1c3bf2d80bbb19bb75ddfbfcabe7f7746d5019e37670,1,0
local_to_cloud,asia-southeast1,0.75,risk_proxy,2,4,98a61f2a1e928b4cc6ba1c3bf2d80bbb19bb75ddfbfcabe7f7746d5019e37670,98a61f2a1e928b4cc6ba1c3bf2d80bbb19bb75ddfbfcabe7f7746d5019e37670,1,0
local_to_cloud,asia-southeast1,0.75,risk_proxy,2,8,98a61f2a1e928b4cc6ba1c3bf2d80bbb19bb75ddfbfcabe7f7746d5019e37670,98a61f2a1e928b4cc6ba1c3bf2d80bbb19bb75ddfbfcabe7f7746d5019e37670,1,0
local_to_cloud,asia-southeast1,0.75,risk_proxy,3,1,98a61f2a1e928b4cc6ba1c3bf2d80bbb19bb75ddfbfcabe7f7746d5019e37670,98a61f2a1e928b4cc6ba1c3bf2d80bbb19bb75ddfbfcabe7f7746d5019e37670,1,0
local_to_cloud,asia-southeast1,0.75,risk_proxy,3,2,98a61f2a1e928b4cc6ba1c3bf2d80bbb19bb75ddfbfcabe7f7746d5019e37670,98a61f2a1e928b4cc6ba1c3bf2d80bbb19bb75ddfbfcabe7f7746d5019e37670,1,0
local_to_cloud,asia-southeast1,0.75,risk_proxy,3,4,98a61f2a1e928b4cc6ba1c3bf2d80bbb19bb75ddfbfcabe7f7746d5019e37670,98a61f2a1e928b4cc6ba1c3bf2d80bbb19bb75ddfbfcabe7f7746d5019e37670,1,0
local_to_cloud,asia-southeast1,0.75,risk_proxy,3,8,98a61f2a1e928b4cc6ba1c3bf2d80bbb19bb75ddfbfcabe7f7746d5019e37670,98a61f2a1e928b4cc6ba1c3bf2d80bbb19bb75ddfbfcabe7f7746d5019e37670,1,0
local_to_cloud,asia-southeast1,1.0,always,1,1,817f0e11762de58b590831eb187b2f4854a659161e035578019ca64f423436a1,817f0e11762de58b590831eb187b2f4854a659161e035578019ca64f423436a1,1,0
local_to_cloud,asia-southeast1,1.0,always,1,2,817f0e11762de58b590831eb187b2f4854a659161e035578019ca64f423436a1,817f0e11762de58b590831eb187b2f4854a659161e035578019ca64f423436a1,1,0
local_to_cloud,asia-southeast1,1.0,always,1,4,817f0e11762de58b590831eb187b2f4854a659161e035578019ca64f423436a1,817f0e11762de58b590831eb187b2f4854a659161e035578019ca64f423436a1,1,0
local_to_cloud,asia-southeast1,1.0,always,1,8,817f0e11762de58b590831eb187b2f4854a659161e035578019ca64f423436a1,817f0e11762de58b590831eb187b2f4854a659161e035578019ca64f423436a1,1,0
local_to_cloud,asia-southeast1,1.0,always,2,1,817f0e11762de58b590831eb187b2f4854a659161e035578019ca64f423436a1,817f0e11762de58b590831eb187b2f4854a659161e035578019ca64f423436a1,1,0
local_to_cloud,asia-southeast1,1.0,always,2,2,817f0e11762de58b590831eb187b2f4854a659161e035578019ca64f423436a1,817f0e11762de58b590831eb187b2f4854a659161e035578019ca64f423436a1,1,0
local_to_cloud,asia-southeast1,1.0,always,2,4,817f0e11762de58b590831eb187b2f4854a659161e035578019ca64f423436a1,817f0e11762de58b590831eb187b2f4854a659161e035578019ca64f423436a1,1,0
local_to_cloud,asia-southeast1,1.0,always,2,8,817f0e11762de58b590831eb187b2f4854a659161e035578019ca64f423436a1,817f0e11762de58b590831eb187b2f4854a659161e035578019ca64f423436a1,1,0
local_to_cloud,asia-southeast1,1.0,always,3,1,817f0e11762de58b590831eb187b2f4854a659161e035578019ca64f423436a1,817f0e11762de58b590831eb187b2f4854a659161e035578019ca64f423436a1,1,0
local_to_cloud,asia-southeast1,1.0,always,3,2,817f0e11762de58b590831eb187b2f4854a659161e035578019ca64f423436a1,817f0e11762de58b590831eb187b2f4854a659161e035578019ca64f423436a1,1,0
local_to_cloud,asia-southeast1,1.0,always,3,4,817f0e11762de58b590831eb187b2f4854a659161e035578019ca64f423436a1,817f0e11762de58b590831eb187b2f4854a659161e035578019ca64f423436a1,1,0
local_to_cloud,asia-southeast1,1.0,always,3,8,817f0e11762de58b590831eb187b2f4854a659161e035578019ca64f423436a1,817f0e11762de58b590831eb187b2f4854a659161e035578019ca64f423436a1,1,0
local_to_cloud,asia-southeast1,1.0,never,1,1,85b204e18d148f257d123713bca70c3b6c02c80659feb4b366e1d6b1878ffde9,85b204e18d148f257d123713bca70c3b6c02c80659feb4b366e1d6b1878ffde9,1,0
local_to_cloud,asia-southeast1,1.0,never,1,2,85b204e18d148f257d123713bca70c3b6c02c80659feb4b366e1d6b1878ffde9,85b204e18d148f257d123713bca70c3b6c02c80659feb4b366e1d6b1878ffde9,1,0
local_to_cloud,asia-southeast1,1.0,never,1,4,85b204e18d148f257d123713bca70c3b6c02c80659feb4b366e1d6b1878ffde9,85b204e18d148f257d123713bca70c3b6c02c80659feb4b366e1d6b1878ffde9,1,0
local_to_cloud,asia-southeast1,1.0,never,1,8,85b204e18d148f257d123713bca70c3b6c02c80659feb4b366e1d6b1878ffde9,85b204e18d148f257d123713bca70c3b6c02c80659feb4b366e1d6b1878ffde9,1,0
local_to_cloud,asia-southeast1,1.0,never,2,1,85b204e18d148f257d123713bca70c3b6c02c80659feb4b366e1d6b1878ffde9,85b204e18d148f257d123713bca70c3b6c02c80659feb4b366e1d6b1878ffde9,1,0
local_to_cloud,asia-southeast1,1.0,never,2,2,85b204e18d148f257d123713bca70c3b6c02c80659feb4b366e1d6b1878ffde9,85b204e18d148f257d123713bca70c3b6c02c80659feb4b366e1d6b1878ffde9,1,0
local_to_cloud,asia-southeast1,1.0,never,2,4,85b204e18d148f257d123713bca70c3b6c02c80659feb4b366e1d6b1878ffde9,85b204e18d148f257d123713bca70c3b6c02c80659feb4b366e1d6b1878ffde9,1,0
local_to_cloud,asia-southeast1,1.0,never,2,8,85b204e18d148f257d123713bca70c3b6c02c80659feb4b366e1d6b1878ffde9,85b204e18d148f257d123713bca70c3b6c02c80659feb4b366e1d6b1878ffde9,1,0
local_to_cloud,asia-southeast1,1.0,never,3,1,85b204e18d148f257d123713bca70c3b6c02c80659feb4b366e1d6b1878ffde9,85b204e18d148f257d123713bca70c3b6c02c80659feb4b366e1d6b1878ffde9,1,0
local_to_cloud,asia-southeast1,1.0,never,3,2,85b204e18d148f257d123713bca70c3b6c02c80659feb4b366e1d6b1878ffde9,85b204e18d148f257d123713bca70c3b6c02c80659feb4b366e1d6b1878ffde9,1,0
local_to_cloud,asia-southeast1,1.0,never,3,4,85b204e18d148f257d123713bca70c3b6c02c80659feb4b366e1d6b1878ffde9,85b204e18d148f257d123713bca70c3b6c02c80659feb4b366e1d6b1878ffde9,1,0
local_to_cloud,asia-southeast1,1.0,never,3,8,85b204e18d148f257d123713bca70c3b6c02c80659feb4b366e1d6b1878ffde9,85b204e18d148f257d123713bca70c3b6c02c80659feb4b366e1d6b1878ffde9,1,0
local_to_cloud,asia-southeast1,1.0,random,1,1,6c5fcecd2e890b67231e63e3de404b135a8b04293469898c75bd19ee975debc9,6c5fcecd2e890b67231e63e3de404b135a8b04293469898c75bd19ee975debc9,1,0
local_to_cloud,asia-southeast1,1.0,random,1,2,6c5fcecd2e890b67231e63e3de404b135a8b04293469898c75bd19ee975debc9,6c5fcecd2e890b67231e63e3de404b135a8b04293469898c75bd19ee975debc9,1,0
local_to_cloud,asia-southeast1,1.0,random,1,4,6c5fcecd2e890b67231e63e3de404b135a8b04293469898c75bd19ee975debc9,6c5fcecd2e890b67231e63e3de404b135a8b04293469898c75bd19ee975debc9,1,0
local_to_cloud,asia-southeast1,1.0,random,1,8,6c5fcecd2e890b67231e63e3de404b135a8b04293469898c75bd19ee975debc9,6c5fcecd2e890b67231e63e3de404b135a8b04293469898c75bd19ee975debc9,1,0
local_to_cloud,asia-southeast1,1.0,random,2,1,aa749dbbb19706268d19257dca4ed780d471c6fcc79f9862ce9f50e273201b60,aa749dbbb19706268d19257dca4ed780d471c6fcc79f9862ce9f50e273201b60,1,0
local_to_cloud,asia-southeast1,1.0,random,2,2,aa749dbbb19706268d19257dca4ed780d471c6fcc79f9862ce9f50e273201b60,aa749dbbb19706268d19257dca4ed780d471c6fcc79f9862ce9f50e273201b60,1,0
local_to_cloud,asia-southeast1,1.0,random,2,4,aa749dbbb19706268d19257dca4ed780d471c6fcc79f9862ce9f50e273201b60,aa749dbbb19706268d19257dca4ed780d471c6fcc79f9862ce9f50e273201b60,1,0
local_to_cloud,asia-southeast1,1.0,random,2,8,aa749dbbb19706268d19257dca4ed780d471c6fcc79f9862ce9f50e273201b60,aa749dbbb19706268d19257dca4ed780d471c6fcc79f9862ce9f50e273201b60,1,0
local_to_cloud,asia-southeast1,1.0,random,3,1,76f0073221be78fecf7782d395d1637091575056c6d5791694d9d2d3a06ce2b8,76f0073221be78fecf7782d395d1637091575056c6d5791694d9d2d3a06ce2b8,1,0
local_to_cloud,asia-southeast1,1.0,random,3,2,76f0073221be78fecf7782d395d1637091575056c6d5791694d9d2d3a06ce2b8,76f0073221be78fecf7782d395d1637091575056c6d5791694d9d2d3a06ce2b8,1,0
local_to_cloud,asia-southeast1,1.0,random,3,4,76f0073221be78fecf7782d395d1637091575056c6d5791694d9d2d3a06ce2b8,76f0073221be78fecf7782d395d1637091575056c6d5791694d9d2d3a06ce2b8,1,0
local_to_cloud,asia-southeast1,1.0,random,3,8,76f0073221be78fecf7782d395d1637091575056c6d5791694d9d2d3a06ce2b8,76f0073221be78fecf7782d395d1637091575056c6d5791694d9d2d3a06ce2b8,1,0
local_to_cloud,asia-southeast1,1.0,risk_proxy,1,1,fc28e652a5f6795a5b3cad1f643a9bcb92f8c411059e53f7113b3ab8727304b2,fc28e652a5f6795a5b3cad1f643a9bcb92f8c411059e53f7113b3ab8727304b2,1,0
local_to_cloud,asia-southeast1,1.0,risk_proxy,1,2,fc28e652a5f6795a5b3cad1f643a9bcb92f8c411059e53f7113b3ab8727304b2,fc28e652a5f6795a5b3cad1f643a9bcb92f8c411059e53f7113b3ab8727304b2,1,0
local_to_cloud,asia-southeast1,1.0,risk_proxy,1,4,fc28e652a5f6795a5b3cad1f643a9bcb92f8c411059e53f7113b3ab8727304b2,fc28e652a5f6795a5b3cad1f643a9bcb92f8c411059e53f7113b3ab8727304b2,1,0
local_to_cloud,asia-southeast1,1.0,risk_proxy,1,8,fc28e652a5f6795a5b3cad1f643a9bcb92f8c411059e53f7113b3ab8727304b2,fc28e652a5f6795a5b3cad1f643a9bcb92f8c411059e53f7113b3ab8727304b2,1,0
local_to_cloud,asia-southeast1,1.0,risk_proxy,2,1,fc28e652a5f6795a5b3cad1f643a9bcb92f8c411059e53f7113b3ab8727304b2,fc28e652a5f6795a5b3cad1f643a9bcb92f8c411059e53f7113b3ab8727304b2,1,0
local_to_cloud,asia-southeast1,1.0,risk_proxy,2,2,fc28e652a5f6795a5b3cad1f643a9bcb92f8c411059e53f7113b3ab8727304b2,fc28e652a5f6795a5b3cad1f643a9bcb92f8c411059e53f7113b3ab8727304b2,1,0
local_to_cloud,asia-southeast1,1.0,risk_proxy,2,4,fc28e652a5f6795a5b3cad1f643a9bcb92f8c411059e53f7113b3ab8727304b2,fc28e652a5f6795a5b3cad1f643a9bcb92f8c411059e53f7113b3ab8727304b2,1,0
local_to_cloud,asia-southeast1,1.0,risk_proxy,2,8,fc28e652a5f6795a5b3cad1f643a9bcb92f8c411059e53f7113b3ab8727304b2,fc28e652a5f6795a5b3cad1f643a9bcb92f8c411059e53f7113b3ab8727304b2,1,0
local_to_cloud,asia-southeast1,1.0,risk_proxy,3,1,fc28e652a5f6795a5b3cad1f643a9bcb92f8c411059e53f7113b3ab8727304b2,fc28e652a5f6795a5b3cad1f643a9bcb92f8c411059e53f7113b3ab8727304b2,1,0
local_to_cloud,asia-southeast1,1.0,risk_proxy,3,2,fc28e652a5f6795a5b3cad1f643a9bcb92f8c411059e53f7113b3ab8727304b2,fc28e652a5f6795a5b3cad1f643a9bcb92f8c411059e53f7113b3ab8727304b2,1,0
local_to_cloud,asia-southeast1,1.0,risk_proxy,3,4,fc28e652a5f6795a5b3cad1f643a9bcb92f8c411059e53f7113b3ab8727304b2,fc28e652a5f6795a5b3cad1f643a9bcb92f8c411059e53f7113b3ab8727304b2,1,0
local_to_cloud,asia-southeast1,1.0,risk_proxy,3,8,fc28e652a5f6795a5b3cad1f643a9bcb92f8c411059e53f7113b3ab8727304b2,fc28e652a5f6795a5b3cad1f643a9bcb92f8c411059e53f7113b3ab8727304b2,1,0
local_to_cloud,us-central1,0.1,always,1,1,78be96175d6fd950e339abab28b98cb4ea12300ef91b6daf93a212b4ba73fa72,78be96175d6fd950e339abab28b98cb4ea12300ef91b6daf93a212b4ba73fa72,1,0
local_to_cloud,us-central1,0.1,always,1,2,78be96175d6fd950e339abab28b98cb4ea12300ef91b6daf93a212b4ba73fa72,78be96175d6fd950e339abab28b98cb4ea12300ef91b6daf93a212b4ba73fa72,1,0
local_to_cloud,us-central1,0.1,always,1,4,78be96175d6fd950e339abab28b98cb4ea12300ef91b6daf93a212b4ba73fa72,78be96175d6fd950e339abab28b98cb4ea12300ef91b6daf93a212b4ba73fa72,1,0
local_to_cloud,us-central1,0.1,always,1,8,78be96175d6fd950e339abab28b98cb4ea12300ef91b6daf93a212b4ba73fa72,78be96175d6fd950e339abab28b98cb4ea12300ef91b6daf93a212b4ba73fa72,1,0
local_to_cloud,us-central1,0.1,always,2,1,78be96175d6fd950e339abab28b98cb4ea12300ef91b6daf93a212b4ba73fa72,78be96175d6fd950e339abab28b98cb4ea12300ef91b6daf93a212b4ba73fa72,1,0
local_to_cloud,us-central1,0.1,always,2,2,78be96175d6fd950e339abab28b98cb4ea12300ef91b6daf93a212b4ba73fa72,78be96175d6fd950e339abab28b98cb4ea12300ef91b6daf93a212b4ba73fa72,1,0
local_to_cloud,us-central1,0.1,always,2,4,78be96175d6fd950e339abab28b98cb4ea12300ef91b6daf93a212b4ba73fa72,78be96175d6fd950e339abab28b98cb4ea12300ef91b6daf93a212b4ba73fa72,1,0
local_to_cloud,us-central1,0.1,always,2,8,78be96175d6fd950e339abab28b98cb4ea12300ef91b6daf93a212b4ba73fa72,78be96175d6fd950e339abab28b98cb4ea12300ef91b6daf93a212b4ba73fa72,1,0
local_to_cloud,us-central1,0.1,always,3,1,78be96175d6fd950e339abab28b98cb4ea12300ef91b6daf93a212b4ba73fa72,78be96175d6fd950e339abab28b98cb4ea12300ef91b6daf93a212b4ba73fa72,1,0
local_to_cloud,us-central1,0.1,always,3,2,78be96175d6fd950e339abab28b98cb4ea12300ef91b6daf93a212b4ba73fa72,78be96175d6fd950e339abab28b98cb4ea12300ef91b6daf93a212b4ba73fa72,1,0
local_to_cloud,us-central1,0.1,always,3,4,78be96175d6fd950e339abab28b98cb4ea12300ef91b6daf93a212b4ba73fa72,78be96175d6fd950e339abab28b98cb4ea12300ef91b6daf93a212b4ba73fa72,1,0
local_to_cloud,us-central1,0.1,always,3,8,78be96175d6fd950e339abab28b98cb4ea12300ef91b6daf93a212b4ba73fa72,78be96175d6fd950e339abab28b98cb4ea12300ef91b6daf93a212b4ba73fa72,1,0
local_to_cloud,us-central1,0.1,never,1,1,c24554611ddd20bf2c8031ab6d01a1e79b994655e666db305f10b9f887bf08d8,c24554611ddd20bf2c8031ab6d01a1e79b994655e666db305f10b9f887bf08d8,1,0
local_to_cloud,us-central1,0.1,never,1,2,c24554611ddd20bf2c8031ab6d01a1e79b994655e666db305f10b9f887bf08d8,c24554611ddd20bf2c8031ab6d01a1e79b994655e666db305f10b9f887bf08d8,1,0
local_to_cloud,us-central1,0.1,never,1,4,c24554611ddd20bf2c8031ab6d01a1e79b994655e666db305f10b9f887bf08d8,c24554611ddd20bf2c8031ab6d01a1e79b994655e666db305f10b9f887bf08d8,1,0
local_to_cloud,us-central1,0.1,never,1,8,c24554611ddd20bf2c8031ab6d01a1e79b994655e666db305f10b9f887bf08d8,c24554611ddd20bf2c8031ab6d01a1e79b994655e666db305f10b9f887bf08d8,1,0
local_to_cloud,us-central1,0.1,never,2,1,c24554611ddd20bf2c8031ab6d01a1e79b994655e666db305f10b9f887bf08d8,c24554611ddd20bf2c8031ab6d01a1e79b994655e666db305f10b9f887bf08d8,1,0
local_to_cloud,us-central1,0.1,never,2,2,c24554611ddd20bf2c8031ab6d01a1e79b994655e666db305f10b9f887bf08d8,c24554611ddd20bf2c8031ab6d01a1e79b994655e666db305f10b9f887bf08d8,1,0
local_to_cloud,us-central1,0.1,never,2,4,c24554611ddd20bf2c8031ab6d01a1e79b994655e666db305f10b9f887bf08d8,c24554611ddd20bf2c8031ab6d01a1e79b994655e666db305f10b9f887bf08d8,1,0
local_to_cloud,us-central1,0.1,never,2,8,c24554611ddd20bf2c8031ab6d01a1e79b994655e666db305f10b9f887bf08d8,c24554611ddd20bf2c8031ab6d01a1e79b994655e666db305f10b9f887bf08d8,1,0
local_to_cloud,us-central1,0.1,never,3,1,c24554611ddd20bf2c8031ab6d01a1e79b994655e666db305f10b9f887bf08d8,c24554611ddd20bf2c8031ab6d01a1e79b994655e666db305f10b9f887bf08d8,1,0
local_to_cloud,us-central1,0.1,never,3,2,c24554611ddd20bf2c8031ab6d01a1e79b994655e666db305f10b9f887bf08d8,c24554611ddd20bf2c8031ab6d01a1e79b994655e666db305f10b9f887bf08d8,1,0
local_to_cloud,us-central1,0.1,never,3,4,c24554611ddd20bf2c8031ab6d01a1e79b994655e666db305f10b9f887bf08d8,c24554611ddd20bf2c8031ab6d01a1e79b994655e666db305f10b9f887bf08d8,1,0
local_to_cloud,us-central1,0.1,never,3,8,c24554611ddd20bf2c8031ab6d01a1e79b994655e666db305f10b9f887bf08d8,c24554611ddd20bf2c8031ab6d01a1e79b994655e666db305f10b9f887bf08d8,1,0
local_to_cloud,us-central1,0.1,random,1,1,88788601d95807ccfacebb1ec66bb170078a34aa14bcf24ee2c8bf8605b73d85,88788601d95807ccfacebb1ec66bb170078a34aa14bcf24ee2c8bf8605b73d85,1,0
local_to_cloud,us-central1,0.1,random,1,2,88788601d95807ccfacebb1ec66bb170078a34aa14bcf24ee2c8bf8605b73d85,88788601d95807ccfacebb1ec66bb170078a34aa14bcf24ee2c8bf8605b73d85,1,0
local_to_cloud,us-central1,0.1,random,1,4,88788601d95807ccfacebb1ec66bb170078a34aa14bcf24ee2c8bf8605b73d85,88788601d95807ccfacebb1ec66bb170078a34aa14bcf24ee2c8bf8605b73d85,1,0
local_to_cloud,us-central1,0.1,random,1,8,88788601d95807ccfacebb1ec66bb170078a34aa14bcf24ee2c8bf8605b73d85,88788601d95807ccfacebb1ec66bb170078a34aa14bcf24ee2c8bf8605b73d85,1,0
local_to_cloud,us-central1,0.1,random,2,1,36091b3f7c42304c3427784934c6215d0c5c218c572389caa8449c7bb8a4fd43,36091b3f7c42304c3427784934c6215d0c5c218c572389caa8449c7bb8a4fd43,1,0
local_to_cloud,us-central1,0.1,random,2,2,36091b3f7c42304c3427784934c6215d0c5c218c572389caa8449c7bb8a4fd43,36091b3f7c42304c3427784934c6215d0c5c218c572389caa8449c7bb8a4fd43,1,0
local_to_cloud,us-central1,0.1,random,2,4,36091b3f7c42304c3427784934c6215d0c5c218c572389caa8449c7bb8a4fd43,36091b3f7c42304c3427784934c6215d0c5c218c572389caa8449c7bb8a4fd43,1,0
local_to_cloud,us-central1,0.1,random,2,8,36091b3f7c42304c3427784934c6215d0c5c218c572389caa8449c7bb8a4fd43,36091b3f7c42304c3427784934c6215d0c5c218c572389caa8449c7bb8a4fd43,1,0
local_to_cloud,us-central1,0.1,random,3,1,f93edad76d213bc10de7dd0a110715ece96cdee9e265dda601c65917ed83e25c,f93edad76d213bc10de7dd0a110715ece96cdee9e265dda601c65917ed83e25c,1,0
local_to_cloud,us-central1,0.1,random,3,2,f93edad76d213bc10de7dd0a110715ece96cdee9e265dda601c65917ed83e25c,f93edad76d213bc10de7dd0a110715ece96cdee9e265dda601c65917ed83e25c,1,0
local_to_cloud,us-central1,0.1,random,3,4,f93edad76d213bc10de7dd0a110715ece96cdee9e265dda601c65917ed83e25c,f93edad76d213bc10de7dd0a110715ece96cdee9e265dda601c65917ed83e25c,1,0
local_to_cloud,us-central1,0.1,random,3,8,f93edad76d213bc10de7dd0a110715ece96cdee9e265dda601c65917ed83e25c,f93edad76d213bc10de7dd0a110715ece96cdee9e265dda601c65917ed83e25c,1,0
local_to_cloud,us-central1,0.1,risk_proxy,1,1,2032f62d2e606a258a6225e1ea3f5a983f94496e61b3379e8a51cea30337d5f2,2032f62d2e606a258a6225e1ea3f5a983f94496e61b3379e8a51cea30337d5f2,1,0
local_to_cloud,us-central1,0.1,risk_proxy,1,2,2032f62d2e606a258a6225e1ea3f5a983f94496e61b3379e8a51cea30337d5f2,2032f62d2e606a258a6225e1ea3f5a983f94496e61b3379e8a51cea30337d5f2,1,0
local_to_cloud,us-central1,0.1,risk_proxy,1,4,2032f62d2e606a258a6225e1ea3f5a983f94496e61b3379e8a51cea30337d5f2,2032f62d2e606a258a6225e1ea3f5a983f94496e61b3379e8a51cea30337d5f2,1,0
local_to_cloud,us-central1,0.1,risk_proxy,1,8,2032f62d2e606a258a6225e1ea3f5a983f94496e61b3379e8a51cea30337d5f2,2032f62d2e606a258a6225e1ea3f5a983f94496e61b3379e8a51cea30337d5f2,1,0
local_to_cloud,us-central1,0.1,risk_proxy,2,1,2032f62d2e606a258a6225e1ea3f5a983f94496e61b3379e8a51cea30337d5f2,2032f62d2e606a258a6225e1ea3f5a983f94496e61b3379e8a51cea30337d5f2,1,0
local_to_cloud,us-central1,0.1,risk_proxy,2,2,2032f62d2e606a258a6225e1ea3f5a983f94496e61b3379e8a51cea30337d5f2,2032f62d2e606a258a6225e1ea3f5a983f94496e61b3379e8a51cea30337d5f2,1,0
local_to_cloud,us-central1,0.1,risk_proxy,2,4,2032f62d2e606a258a6225e1ea3f5a983f94496e61b3379e8a51cea30337d5f2,2032f62d2e606a258a6225e1ea3f5a983f94496e61b3379e8a51cea30337d5f2,1,0
local_to_cloud,us-central1,0.1,risk_proxy,2,8,2032f62d2e606a258a6225e1ea3f5a983f94496e61b3379e8a51cea30337d5f2,2032f62d2e606a258a6225e1ea3f5a983f94496e61b3379e8a51cea30337d5f2,1,0
local_to_cloud,us-central1,0.1,risk_proxy,3,1,2032f62d2e606a258a6225e1ea3f5a983f94496e61b3379e8a51cea30337d5f2,2032f62d2e606a258a6225e1ea3f5a983f94496e61b3379e8a51cea30337d5f2,1,0
local_to_cloud,us-central1,0.1,risk_proxy,3,2,2032f62d2e606a258a6225e1ea3f5a983f94496e61b3379e8a51cea30337d5f2,2032f62d2e606a258a6225e1ea3f5a983f94496e61b3379e8a51cea30337d5f2,1,0
local_to_cloud,us-central1,0.1,risk_proxy,3,4,2032f62d2e606a258a6225e1ea3f5a983f94496e61b3379e8a51cea30337d5f2,2032f62d2e606a258a6225e1ea3f5a983f94496e61b3379e8a51cea30337d5f2,1,0
local_to_cloud,us-central1,0.1,risk_proxy,3,8,2032f62d2e606a258a6225e1ea3f5a983f94496e61b3379e8a51cea30337d5f2,2032f62d2e606a258a6225e1ea3f5a983f94496e61b3379e8a51cea30337d5f2,1,0
local_to_cloud,us-central1,0.25,always,1,1,7b07c0c01f0b72dd397627243151dcb39d907e48a31b0073be0925d187f05bf9,7b07c0c01f0b72dd397627243151dcb39d907e48a31b0073be0925d187f05bf9,1,0
local_to_cloud,us-central1,0.25,always,1,2,7b07c0c01f0b72dd397627243151dcb39d907e48a31b0073be0925d187f05bf9,7b07c0c01f0b72dd397627243151dcb39d907e48a31b0073be0925d187f05bf9,1,0
local_to_cloud,us-central1,0.25,always,1,4,7b07c0c01f0b72dd397627243151dcb39d907e48a31b0073be0925d187f05bf9,7b07c0c01f0b72dd397627243151dcb39d907e48a31b0073be0925d187f05bf9,1,0
local_to_cloud,us-central1,0.25,always,1,8,7b07c0c01f0b72dd397627243151dcb39d907e48a31b0073be0925d187f05bf9,7b07c0c01f0b72dd397627243151dcb39d907e48a31b0073be0925d187f05bf9,1,0
local_to_cloud,us-central1,0.25,always,2,1,7b07c0c01f0b72dd397627243151dcb39d907e48a31b0073be0925d187f05bf9,7b07c0c01f0b72dd397627243151dcb39d907e48a31b0073be0925d187f05bf9,1,0
local_to_cloud,us-central1,0.25,always,2,2,7b07c0c01f0b72dd397627243151dcb39d907e48a31b0073be0925d187f05bf9,7b07c0c01f0b72dd397627243151dcb39d907e48a31b0073be0925d187f05bf9,1,0
local_to_cloud,us-central1,0.25,always,2,4,7b07c0c01f0b72dd397627243151dcb39d907e48a31b0073be0925d187f05bf9,7b07c0c01f0b72dd397627243151dcb39d907e48a31b0073be0925d187f05bf9,1,0
local_to_cloud,us-central1,0.25,always,2,8,7b07c0c01f0b72dd397627243151dcb39d907e48a31b0073be0925d187f05bf9,7b07c0c01f0b72dd397627243151dcb39d907e48a31b0073be0925d187f05bf9,1,0
local_to_cloud,us-central1,0.25,always,3,1,7b07c0c01f0b72dd397627243151dcb39d907e48a31b0073be0925d187f05bf9,7b07c0c01f0b72dd397627243151dcb39d907e48a31b0073be0925d187f05bf9,1,0
local_to_cloud,us-central1,0.25,always,3,2,7b07c0c01f0b72dd397627243151dcb39d907e48a31b0073be0925d187f05bf9,7b07c0c01f0b72dd397627243151dcb39d907e48a31b0073be0925d187f05bf9,1,0
local_to_cloud,us-central1,0.25,always,3,4,7b07c0c01f0b72dd397627243151dcb39d907e48a31b0073be0925d187f05bf9,7b07c0c01f0b72dd397627243151dcb39d907e48a31b0073be0925d187f05bf9,1,0
local_to_cloud,us-central1,0.25,always,3,8,7b07c0c01f0b72dd397627243151dcb39d907e48a31b0073be0925d187f05bf9,7b07c0c01f0b72dd397627243151dcb39d907e48a31b0073be0925d187f05bf9,1,0
local_to_cloud,us-central1,0.25,never,1,1,03b4016dec65d7298da2145469f4e9b953c9dec5a1f78acf4f791bcab1096bb4,03b4016dec65d7298da2145469f4e9b953c9dec5a1f78acf4f791bcab1096bb4,1,0
local_to_cloud,us-central1,0.25,never,1,2,03b4016dec65d7298da2145469f4e9b953c9dec5a1f78acf4f791bcab1096bb4,03b4016dec65d7298da2145469f4e9b953c9dec5a1f78acf4f791bcab1096bb4,1,0
local_to_cloud,us-central1,0.25,never,1,4,03b4016dec65d7298da2145469f4e9b953c9dec5a1f78acf4f791bcab1096bb4,03b4016dec65d7298da2145469f4e9b953c9dec5a1f78acf4f791bcab1096bb4,1,0
local_to_cloud,us-central1,0.25,never,1,8,03b4016dec65d7298da2145469f4e9b953c9dec5a1f78acf4f791bcab1096bb4,03b4016dec65d7298da2145469f4e9b953c9dec5a1f78acf4f791bcab1096bb4,1,0
local_to_cloud,us-central1,0.25,never,2,1,03b4016dec65d7298da2145469f4e9b953c9dec5a1f78acf4f791bcab1096bb4,03b4016dec65d7298da2145469f4e9b953c9dec5a1f78acf4f791bcab1096bb4,1,0
local_to_cloud,us-central1,0.25,never,2,2,03b4016dec65d7298da2145469f4e9b953c9dec5a1f78acf4f791bcab1096bb4,03b4016dec65d7298da2145469f4e9b953c9dec5a1f78acf4f791bcab1096bb4,1,0
local_to_cloud,us-central1,0.25,never,2,4,03b4016dec65d7298da2145469f4e9b953c9dec5a1f78acf4f791bcab1096bb4,03b4016dec65d7298da2145469f4e9b953c9dec5a1f78acf4f791bcab1096bb4,1,0
local_to_cloud,us-central1,0.25,never,2,8,03b4016dec65d7298da2145469f4e9b953c9dec5a1f78acf4f791bcab1096bb4,03b4016dec65d7298da2145469f4e9b953c9dec5a1f78acf4f791bcab1096bb4,1,0
local_to_cloud,us-central1,0.25,never,3,1,03b4016dec65d7298da2145469f4e9b953c9dec5a1f78acf4f791bcab1096bb4,03b4016dec65d7298da2145469f4e9b953c9dec5a1f78acf4f791bcab1096bb4,1,0
local_to_cloud,us-central1,0.25,never,3,2,03b4016dec65d7298da2145469f4e9b953c9dec5a1f78acf4f791bcab1096bb4,03b4016dec65d7298da2145469f4e9b953c9dec5a1f78acf4f791bcab1096bb4,1,0
local_to_cloud,us-central1,0.25,never,3,4,03b4016dec65d7298da2145469f4e9b953c9dec5a1f78acf4f791bcab1096bb4,03b4016dec65d7298da2145469f4e9b953c9dec5a1f78acf4f791bcab1096bb4,1,0
local_to_cloud,us-central1,0.25,never,3,8,03b4016dec65d7298da2145469f4e9b953c9dec5a1f78acf4f791bcab1096bb4,03b4016dec65d7298da2145469f4e9b953c9dec5a1f78acf4f791bcab1096bb4,1,0
local_to_cloud,us-central1,0.25,random,1,1,beac4d6b5801a7b24c70a7d523b537f7f92ab282185e34b7973e6ad9b22f1a8c,beac4d6b5801a7b24c70a7d523b537f7f92ab282185e34b7973e6ad9b22f1a8c,1,0
local_to_cloud,us-central1,0.25,random,1,2,beac4d6b5801a7b24c70a7d523b537f7f92ab282185e34b7973e6ad9b22f1a8c,beac4d6b5801a7b24c70a7d523b537f7f92ab282185e34b7973e6ad9b22f1a8c,1,0
local_to_cloud,us-central1,0.25,random,1,4,beac4d6b5801a7b24c70a7d523b537f7f92ab282185e34b7973e6ad9b22f1a8c,beac4d6b5801a7b24c70a7d523b537f7f92ab282185e34b7973e6ad9b22f1a8c,1,0
local_to_cloud,us-central1,0.25,random,1,8,beac4d6b5801a7b24c70a7d523b537f7f92ab282185e34b7973e6ad9b22f1a8c,beac4d6b5801a7b24c70a7d523b537f7f92ab282185e34b7973e6ad9b22f1a8c,1,0
local_to_cloud,us-central1,0.25,random,2,1,fc14cefecb490a6f0d5f7a5d49977a445a8aaedda4776869398d1e26a245ed98,fc14cefecb490a6f0d5f7a5d49977a445a8aaedda4776869398d1e26a245ed98,1,0
local_to_cloud,us-central1,0.25,random,2,2,fc14cefecb490a6f0d5f7a5d49977a445a8aaedda4776869398d1e26a245ed98,fc14cefecb490a6f0d5f7a5d49977a445a8aaedda4776869398d1e26a245ed98,1,0
local_to_cloud,us-central1,0.25,random,2,4,fc14cefecb490a6f0d5f7a5d49977a445a8aaedda4776869398d1e26a245ed98,fc14cefecb490a6f0d5f7a5d49977a445a8aaedda4776869398d1e26a245ed98,1,0
local_to_cloud,us-central1,0.25,random,2,8,fc14cefecb490a6f0d5f7a5d49977a445a8aaedda4776869398d1e26a245ed98,fc14cefecb490a6f0d5f7a5d49977a445a8aaedda4776869398d1e26a245ed98,1,0
local_to_cloud,us-central1,0.25,random,3,1,54f8e0011857f30ce9641eefecbcc774acca1e8982d00aa97fabf7e3d14a577e,54f8e0011857f30ce9641eefecbcc774acca1e8982d00aa97fabf7e3d14a577e,1,0
local_to_cloud,us-central1,0.25,random,3,2,54f8e0011857f30ce9641eefecbcc774acca1e8982d00aa97fabf7e3d14a577e,54f8e0011857f30ce9641eefecbcc774acca1e8982d00aa97fabf7e3d14a577e,1,0
local_to_cloud,us-central1,0.25,random,3,4,54f8e0011857f30ce9641eefecbcc774acca1e8982d00aa97fabf7e3d14a577e,54f8e0011857f30ce9641eefecbcc774acca1e8982d00aa97fabf7e3d14a577e,1,0
local_to_cloud,us-central1,0.25,random,3,8,54f8e0011857f30ce9641eefecbcc774acca1e8982d00aa97fabf7e3d14a577e,54f8e0011857f30ce9641eefecbcc774acca1e8982d00aa97fabf7e3d14a577e,1,0
local_to_cloud,us-central1,0.25,risk_proxy,1,1,8fd2aedd00bf5cadd1b67c06aac6812fbf39bac260da628384ba0a8df0ce390b,8fd2aedd00bf5cadd1b67c06aac6812fbf39bac260da628384ba0a8df0ce390b,1,0
local_to_cloud,us-central1,0.25,risk_proxy,1,2,8fd2aedd00bf5cadd1b67c06aac6812fbf39bac260da628384ba0a8df0ce390b,8fd2aedd00bf5cadd1b67c06aac6812fbf39bac260da628384ba0a8df0ce390b,1,0
local_to_cloud,us-central1,0.25,risk_proxy,1,4,8fd2aedd00bf5cadd1b67c06aac6812fbf39bac260da628384ba0a8df0ce390b,8fd2aedd00bf5cadd1b67c06aac6812fbf39bac260da628384ba0a8df0ce390b,1,0
local_to_cloud,us-central1,0.25,risk_proxy,1,8,8fd2aedd00bf5cadd1b67c06aac6812fbf39bac260da628384ba0a8df0ce390b,8fd2aedd00bf5cadd1b67c06aac6812fbf39bac260da628384ba0a8df0ce390b,1,0
local_to_cloud,us-central1,0.25,risk_proxy,2,1,8fd2aedd00bf5cadd1b67c06aac6812fbf39bac260da628384ba0a8df0ce390b,8fd2aedd00bf5cadd1b67c06aac6812fbf39bac260da628384ba0a8df0ce390b,1,0
local_to_cloud,us-central1,0.25,risk_proxy,2,2,8fd2aedd00bf5cadd1b67c06aac6812fbf39bac260da628384ba0a8df0ce390b,8fd2aedd00bf5cadd1b67c06aac6812fbf39bac260da628384ba0a8df0ce390b,1,0
local_to_cloud,us-central1,0.25,risk_proxy,2,4,8fd2aedd00bf5cadd1b67c06aac6812fbf39bac260da628384ba0a8df0ce390b,8fd2aedd00bf5cadd1b67c06aac6812fbf39bac260da628384ba0a8df0ce390b,1,0
local_to_cloud,us-central1,0.25,risk_proxy,2,8,8fd2aedd00bf5cadd1b67c06aac6812fbf39bac260da628384ba0a8df0ce390b,8fd2aedd00bf5cadd1b67c06aac6812fbf39bac260da628384ba0a8df0ce390b,1,0
local_to_cloud,us-central1,0.25,risk_proxy,3,1,8fd2aedd00bf5cadd1b67c06aac6812fbf39bac260da628384ba0a8df0ce390b,8fd2aedd00bf5cadd1b67c06aac6812fbf39bac260da628384ba0a8df0ce390b,1,0
local_to_cloud,us-central1,0.25,risk_proxy,3,2,8fd2aedd00bf5cadd1b67c06aac6812fbf39bac260da628384ba0a8df0ce390b,8fd2aedd00bf5cadd1b67c06aac6812fbf39bac260da628384ba0a8df0ce390b,1,0
local_to_cloud,us-central1,0.25,risk_proxy,3,4,8fd2aedd00bf5cadd1b67c06aac6812fbf39bac260da628384ba0a8df0ce390b,8fd2aedd00bf5cadd1b67c06aac6812fbf39bac260da628384ba0a8df0ce390b,1,0
local_to_cloud,us-central1,0.25,risk_proxy,3,8,8fd2aedd00bf5cadd1b67c06aac6812fbf39bac260da628384ba0a8df0ce390b,8fd2aedd00bf5cadd1b67c06aac6812fbf39bac260da628384ba0a8df0ce390b,1,0
local_to_cloud,us-central1,0.5,always,1,1,0e5775445f525e491057d7a8f5ea715419a48a9fc23d5e0a528c4acae88567db,0e5775445f525e491057d7a8f5ea715419a48a9fc23d5e0a528c4acae88567db,1,0
local_to_cloud,us-central1,0.5,always,1,2,0e5775445f525e491057d7a8f5ea715419a48a9fc23d5e0a528c4acae88567db,0e5775445f525e491057d7a8f5ea715419a48a9fc23d5e0a528c4acae88567db,1,0
local_to_cloud,us-central1,0.5,always,1,4,0e5775445f525e491057d7a8f5ea715419a48a9fc23d5e0a528c4acae88567db,0e5775445f525e491057d7a8f5ea715419a48a9fc23d5e0a528c4acae88567db,1,0
local_to_cloud,us-central1,0.5,always,1,8,0e5775445f525e491057d7a8f5ea715419a48a9fc23d5e0a528c4acae88567db,0e5775445f525e491057d7a8f5ea715419a48a9fc23d5e0a528c4acae88567db,1,0
local_to_cloud,us-central1,0.5,always,2,1,0e5775445f525e491057d7a8f5ea715419a48a9fc23d5e0a528c4acae88567db,0e5775445f525e491057d7a8f5ea715419a48a9fc23d5e0a528c4acae88567db,1,0
local_to_cloud,us-central1,0.5,always,2,2,0e5775445f525e491057d7a8f5ea715419a48a9fc23d5e0a528c4acae88567db,0e5775445f525e491057d7a8f5ea715419a48a9fc23d5e0a528c4acae88567db,1,0
local_to_cloud,us-central1,0.5,always,2,4,0e5775445f525e491057d7a8f5ea715419a48a9fc23d5e0a528c4acae88567db,0e5775445f525e491057d7a8f5ea715419a48a9fc23d5e0a528c4acae88567db,1,0
local_to_cloud,us-central1,0.5,always,2,8,0e5775445f525e491057d7a8f5ea715419a48a9fc23d5e0a528c4acae88567db,0e5775445f525e491057d7a8f5ea715419a48a9fc23d5e0a528c4acae88567db,1,0
local_to_cloud,us-central1,0.5,always,3,1,0e5775445f525e491057d7a8f5ea715419a48a9fc23d5e0a528c4acae88567db,0e5775445f525e491057d7a8f5ea715419a48a9fc23d5e0a528c4acae88567db,1,0
local_to_cloud,us-central1,0.5,always,3,2,0e5775445f525e491057d7a8f5ea715419a48a9fc23d5e0a528c4acae88567db,0e5775445f525e491057d7a8f5ea715419a48a9fc23d5e0a528c4acae88567db,1,0
local_to_cloud,us-central1,0.5,always,3,4,0e5775445f525e491057d7a8f5ea715419a48a9fc23d5e0a528c4acae88567db,0e5775445f525e491057d7a8f5ea715419a48a9fc23d5e0a528c4acae88567db,1,0
local_to_cloud,us-central1,0.5,always,3,8,0e5775445f525e491057d7a8f5ea715419a48a9fc23d5e0a528c4acae88567db,0e5775445f525e491057d7a8f5ea715419a48a9fc23d5e0a528c4acae88567db,1,0
local_to_cloud,us-central1,0.5,never,1,1,5aeeadc92fcdd679ffd2f058d347aa605af2aa914f3477ce7234428d23f20754,5aeeadc92fcdd679ffd2f058d347aa605af2aa914f3477ce7234428d23f20754,1,0
local_to_cloud,us-central1,0.5,never,1,2,5aeeadc92fcdd679ffd2f058d347aa605af2aa914f3477ce7234428d23f20754,5aeeadc92fcdd679ffd2f058d347aa605af2aa914f3477ce7234428d23f20754,1,0
local_to_cloud,us-central1,0.5,never,1,4,5aeeadc92fcdd679ffd2f058d347aa605af2aa914f3477ce7234428d23f20754,5aeeadc92fcdd679ffd2f058d347aa605af2aa914f3477ce7234428d23f20754,1,0
local_to_cloud,us-central1,0.5,never,1,8,5aeeadc92fcdd679ffd2f058d347aa605af2aa914f3477ce7234428d23f20754,5aeeadc92fcdd679ffd2f058d347aa605af2aa914f3477ce7234428d23f20754,1,0
local_to_cloud,us-central1,0.5,never,2,1,5aeeadc92fcdd679ffd2f058d347aa605af2aa914f3477ce7234428d23f20754,5aeeadc92fcdd679ffd2f058d347aa605af2aa914f3477ce7234428d23f20754,1,0
local_to_cloud,us-central1,0.5,never,2,2,5aeeadc92fcdd679ffd2f058d347aa605af2aa914f3477ce7234428d23f20754,5aeeadc92fcdd679ffd2f058d347aa605af2aa914f3477ce7234428d23f20754,1,0
local_to_cloud,us-central1,0.5,never,2,4,5aeeadc92fcdd679ffd2f058d347aa605af2aa914f3477ce7234428d23f20754,5aeeadc92fcdd679ffd2f058d347aa605af2aa914f3477ce7234428d23f20754,1,0
local_to_cloud,us-central1,0.5,never,2,8,5aeeadc92fcdd679ffd2f058d347aa605af2aa914f3477ce7234428d23f20754,5aeeadc92fcdd679ffd2f058d347aa605af2aa914f3477ce7234428d23f20754,1,0
local_to_cloud,us-central1,0.5,never,3,1,5aeeadc92fcdd679ffd2f058d347aa605af2aa914f3477ce7234428d23f20754,5aeeadc92fcdd679ffd2f058d347aa605af2aa914f3477ce7234428d23f20754,1,0
local_to_cloud,us-central1,0.5,never,3,2,5aeeadc92fcdd679ffd2f058d347aa605af2aa914f3477ce7234428d23f20754,5aeeadc92fcdd679ffd2f058d347aa605af2aa914f3477ce7234428d23f20754,1,0
local_to_cloud,us-central1,0.5,never,3,4,5aeeadc92fcdd679ffd2f058d347aa605af2aa914f3477ce7234428d23f20754,5aeeadc92fcdd679ffd2f058d347aa605af2aa914f3477ce7234428d23f20754,1,0
local_to_cloud,us-central1,0.5,never,3,8,5aeeadc92fcdd679ffd2f058d347aa605af2aa914f3477ce7234428d23f20754,5aeeadc92fcdd679ffd2f058d347aa605af2aa914f3477ce7234428d23f20754,1,0
local_to_cloud,us-central1,0.5,random,1,1,e628b18e8d86ab5cb7c03104c92d82f2e7c715aa0469df7d70c4488ad52854d4,e628b18e8d86ab5cb7c03104c92d82f2e7c715aa0469df7d70c4488ad52854d4,1,0
local_to_cloud,us-central1,0.5,random,1,2,e628b18e8d86ab5cb7c03104c92d82f2e7c715aa0469df7d70c4488ad52854d4,e628b18e8d86ab5cb7c03104c92d82f2e7c715aa0469df7d70c4488ad52854d4,1,0
local_to_cloud,us-central1,0.5,random,1,4,e628b18e8d86ab5cb7c03104c92d82f2e7c715aa0469df7d70c4488ad52854d4,e628b18e8d86ab5cb7c03104c92d82f2e7c715aa0469df7d70c4488ad52854d4,1,0
local_to_cloud,us-central1,0.5,random,1,8,e628b18e8d86ab5cb7c03104c92d82f2e7c715aa0469df7d70c4488ad52854d4,e628b18e8d86ab5cb7c03104c92d82f2e7c715aa0469df7d70c4488ad52854d4,1,0
local_to_cloud,us-central1,0.5,random,2,1,8cc8c9c0507970a194c8cf322917607a78e1b95c4ba271efb9ba556db272a226,8cc8c9c0507970a194c8cf322917607a78e1b95c4ba271efb9ba556db272a226,1,0
local_to_cloud,us-central1,0.5,random,2,2,8cc8c9c0507970a194c8cf322917607a78e1b95c4ba271efb9ba556db272a226,8cc8c9c0507970a194c8cf322917607a78e1b95c4ba271efb9ba556db272a226,1,0
local_to_cloud,us-central1,0.5,random,2,4,8cc8c9c0507970a194c8cf322917607a78e1b95c4ba271efb9ba556db272a226,8cc8c9c0507970a194c8cf322917607a78e1b95c4ba271efb9ba556db272a226,1,0
local_to_cloud,us-central1,0.5,random,2,8,8cc8c9c0507970a194c8cf322917607a78e1b95c4ba271efb9ba556db272a226,8cc8c9c0507970a194c8cf322917607a78e1b95c4ba271efb9ba556db272a226,1,0
local_to_cloud,us-central1,0.5,random,3,1,065ac179d65e2e7d3ea43ac2bd765cc2a01b2e989b641d581e06ceac9301d1c7,065ac179d65e2e7d3ea43ac2bd765cc2a01b2e989b641d581e06ceac9301d1c7,1,0
local_to_cloud,us-central1,0.5,random,3,2,065ac179d65e2e7d3ea43ac2bd765cc2a01b2e989b641d581e06ceac9301d1c7,065ac179d65e2e7d3ea43ac2bd765cc2a01b2e989b641d581e06ceac9301d1c7,1,0
local_to_cloud,us-central1,0.5,random,3,4,065ac179d65e2e7d3ea43ac2bd765cc2a01b2e989b641d581e06ceac9301d1c7,065ac179d65e2e7d3ea43ac2bd765cc2a01b2e989b641d581e06ceac9301d1c7,1,0
local_to_cloud,us-central1,0.5,random,3,8,065ac179d65e2e7d3ea43ac2bd765cc2a01b2e989b641d581e06ceac9301d1c7,065ac179d65e2e7d3ea43ac2bd765cc2a01b2e989b641d581e06ceac9301d1c7,1,0
local_to_cloud,us-central1,0.5,risk_proxy,1,1,b3862ede955701697cf002e410d73897dc059a3f99152c6985ab5a51ffb34ba2,b3862ede955701697cf002e410d73897dc059a3f99152c6985ab5a51ffb34ba2,1,0
local_to_cloud,us-central1,0.5,risk_proxy,1,2,b3862ede955701697cf002e410d73897dc059a3f99152c6985ab5a51ffb34ba2,b3862ede955701697cf002e410d73897dc059a3f99152c6985ab5a51ffb34ba2,1,0
local_to_cloud,us-central1,0.5,risk_proxy,1,4,b3862ede955701697cf002e410d73897dc059a3f99152c6985ab5a51ffb34ba2,b3862ede955701697cf002e410d73897dc059a3f99152c6985ab5a51ffb34ba2,1,0
local_to_cloud,us-central1,0.5,risk_proxy,1,8,b3862ede955701697cf002e410d73897dc059a3f99152c6985ab5a51ffb34ba2,b3862ede955701697cf002e410d73897dc059a3f99152c6985ab5a51ffb34ba2,1,0
local_to_cloud,us-central1,0.5,risk_proxy,2,1,b3862ede955701697cf002e410d73897dc059a3f99152c6985ab5a51ffb34ba2,b3862ede955701697cf002e410d73897dc059a3f99152c6985ab5a51ffb34ba2,1,0
local_to_cloud,us-central1,0.5,risk_proxy,2,2,b3862ede955701697cf002e410d73897dc059a3f99152c6985ab5a51ffb34ba2,b3862ede955701697cf002e410d73897dc059a3f99152c6985ab5a51ffb34ba2,1,0
local_to_cloud,us-central1,0.5,risk_proxy,2,4,b3862ede955701697cf002e410d73897dc059a3f99152c6985ab5a51ffb34ba2,b3862ede955701697cf002e410d73897dc059a3f99152c6985ab5a51ffb34ba2,1,0
local_to_cloud,us-central1,0.5,risk_proxy,2,8,b3862ede955701697cf002e410d73897dc059a3f99152c6985ab5a51ffb34ba2,b3862ede955701697cf002e410d73897dc059a3f99152c6985ab5a51ffb34ba2,1,0
local_to_cloud,us-central1,0.5,risk_proxy,3,1,b3862ede955701697cf002e410d73897dc059a3f99152c6985ab5a51ffb34ba2,b3862ede955701697cf002e410d73897dc059a3f99152c6985ab5a51ffb34ba2,1,0
local_to_cloud,us-central1,0.5,risk_proxy,3,2,b3862ede955701697cf002e410d73897dc059a3f99152c6985ab5a51ffb34ba2,b3862ede955701697cf002e410d73897dc059a3f99152c6985ab5a51ffb34ba2,1,0
local_to_cloud,us-central1,0.5,risk_proxy,3,4,b3862ede955701697cf002e410d73897dc059a3f99152c6985ab5a51ffb34ba2,b3862ede955701697cf002e410d73897dc059a3f99152c6985ab5a51ffb34ba2,1,0
local_to_cloud,us-central1,0.5,risk_proxy,3,8,b3862ede955701697cf002e410d73897dc059a3f99152c6985ab5a51ffb34ba2,b3862ede955701697cf002e410d73897dc059a3f99152c6985ab5a51ffb34ba2,1,0
local_to_cloud,us-central1,0.75,always,1,1,58654ea0c4aa9d5d22efeb8c98cb43a1dfeabe88e1f7463a940536cd620148b8,58654ea0c4aa9d5d22efeb8c98cb43a1dfeabe88e1f7463a940536cd620148b8,1,0
local_to_cloud,us-central1,0.75,always,1,2,58654ea0c4aa9d5d22efeb8c98cb43a1dfeabe88e1f7463a940536cd620148b8,58654ea0c4aa9d5d22efeb8c98cb43a1dfeabe88e1f7463a940536cd620148b8,1,0
local_to_cloud,us-central1,0.75,always,1,4,58654ea0c4aa9d5d22efeb8c98cb43a1dfeabe88e1f7463a940536cd620148b8,58654ea0c4aa9d5d22efeb8c98cb43a1dfeabe88e1f7463a940536cd620148b8,1,0
local_to_cloud,us-central1,0.75,always,1,8,58654ea0c4aa9d5d22efeb8c98cb43a1dfeabe88e1f7463a940536cd620148b8,58654ea0c4aa9d5d22efeb8c98cb43a1dfeabe88e1f7463a940536cd620148b8,1,0
local_to_cloud,us-central1,0.75,always,2,1,58654ea0c4aa9d5d22efeb8c98cb43a1dfeabe88e1f7463a940536cd620148b8,58654ea0c4aa9d5d22efeb8c98cb43a1dfeabe88e1f7463a940536cd620148b8,1,0
local_to_cloud,us-central1,0.75,always,2,2,58654ea0c4aa9d5d22efeb8c98cb43a1dfeabe88e1f7463a940536cd620148b8,58654ea0c4aa9d5d22efeb8c98cb43a1dfeabe88e1f7463a940536cd620148b8,1,0
local_to_cloud,us-central1,0.75,always,2,4,58654ea0c4aa9d5d22efeb8c98cb43a1dfeabe88e1f7463a940536cd620148b8,58654ea0c4aa9d5d22efeb8c98cb43a1dfeabe88e1f7463a940536cd620148b8,1,0
local_to_cloud,us-central1,0.75,always,2,8,58654ea0c4aa9d5d22efeb8c98cb43a1dfeabe88e1f7463a940536cd620148b8,58654ea0c4aa9d5d22efeb8c98cb43a1dfeabe88e1f7463a940536cd620148b8,1,0
local_to_cloud,us-central1,0.75,always,3,1,58654ea0c4aa9d5d22efeb8c98cb43a1dfeabe88e1f7463a940536cd620148b8,58654ea0c4aa9d5d22efeb8c98cb43a1dfeabe88e1f7463a940536cd620148b8,1,0
local_to_cloud,us-central1,0.75,always,3,2,58654ea0c4aa9d5d22efeb8c98cb43a1dfeabe88e1f7463a940536cd620148b8,58654ea0c4aa9d5d22efeb8c98cb43a1dfeabe88e1f7463a940536cd620148b8,1,0
local_to_cloud,us-central1,0.75,always,3,4,58654ea0c4aa9d5d22efeb8c98cb43a1dfeabe88e1f7463a940536cd620148b8,58654ea0c4aa9d5d22efeb8c98cb43a1dfeabe88e1f7463a940536cd620148b8,1,0
local_to_cloud,us-central1,0.75,always,3,8,58654ea0c4aa9d5d22efeb8c98cb43a1dfeabe88e1f7463a940536cd620148b8,58654ea0c4aa9d5d22efeb8c98cb43a1dfeabe88e1f7463a940536cd620148b8,1,0
local_to_cloud,us-central1,0.75,never,1,1,4e3b0db1e85c152049e668f0e04d6100b7853a4cab4c883788c26325b8ffafcc,4e3b0db1e85c152049e668f0e04d6100b7853a4cab4c883788c26325b8ffafcc,1,0
local_to_cloud,us-central1,0.75,never,1,2,4e3b0db1e85c152049e668f0e04d6100b7853a4cab4c883788c26325b8ffafcc,4e3b0db1e85c152049e668f0e04d6100b7853a4cab4c883788c26325b8ffafcc,1,0
local_to_cloud,us-central1,0.75,never,1,4,4e3b0db1e85c152049e668f0e04d6100b7853a4cab4c883788c26325b8ffafcc,4e3b0db1e85c152049e668f0e04d6100b7853a4cab4c883788c26325b8ffafcc,1,0
local_to_cloud,us-central1,0.75,never,1,8,4e3b0db1e85c152049e668f0e04d6100b7853a4cab4c883788c26325b8ffafcc,4e3b0db1e85c152049e668f0e04d6100b7853a4cab4c883788c26325b8ffafcc,1,0
local_to_cloud,us-central1,0.75,never,2,1,4e3b0db1e85c152049e668f0e04d6100b7853a4cab4c883788c26325b8ffafcc,4e3b0db1e85c152049e668f0e04d6100b7853a4cab4c883788c26325b8ffafcc,1,0
local_to_cloud,us-central1,0.75,never,2,2,4e3b0db1e85c152049e668f0e04d6100b7853a4cab4c883788c26325b8ffafcc,4e3b0db1e85c152049e668f0e04d6100b7853a4cab4c883788c26325b8ffafcc,1,0
local_to_cloud,us-central1,0.75,never,2,4,4e3b0db1e85c152049e668f0e04d6100b7853a4cab4c883788c26325b8ffafcc,4e3b0db1e85c152049e668f0e04d6100b7853a4cab4c883788c26325b8ffafcc,1,0
local_to_cloud,us-central1,0.75,never,2,8,4e3b0db1e85c152049e668f0e04d6100b7853a4cab4c883788c26325b8ffafcc,4e3b0db1e85c152049e668f0e04d6100b7853a4cab4c883788c26325b8ffafcc,1,0
local_to_cloud,us-central1,0.75,never,3,1,4e3b0db1e85c152049e668f0e04d6100b7853a4cab4c883788c26325b8ffafcc,4e3b0db1e85c152049e668f0e04d6100b7853a4cab4c883788c26325b8ffafcc,1,0
local_to_cloud,us-central1,0.75,never,3,2,4e3b0db1e85c152049e668f0e04d6100b7853a4cab4c883788c26325b8ffafcc,4e3b0db1e85c152049e668f0e04d6100b7853a4cab4c883788c26325b8ffafcc,1,0
local_to_cloud,us-central1,0.75,never,3,4,4e3b0db1e85c152049e668f0e04d6100b7853a4cab4c883788c26325b8ffafcc,4e3b0db1e85c152049e668f0e04d6100b7853a4cab4c883788c26325b8ffafcc,1,0
local_to_cloud,us-central1,0.75,never,3,8,4e3b0db1e85c152049e668f0e04d6100b7853a4cab4c883788c26325b8ffafcc,4e3b0db1e85c152049e668f0e04d6100b7853a4cab4c883788c26325b8ffafcc,1,0
local_to_cloud,us-central1,0.75,random,1,1,0262b7573fb345d3f9a9cfded25b9dd407ff8e9dc1143b697e9b7d47ec06208d,0262b7573fb345d3f9a9cfded25b9dd407ff8e9dc1143b697e9b7d47ec06208d,1,0
local_to_cloud,us-central1,0.75,random,1,2,0262b7573fb345d3f9a9cfded25b9dd407ff8e9dc1143b697e9b7d47ec06208d,0262b7573fb345d3f9a9cfded25b9dd407ff8e9dc1143b697e9b7d47ec06208d,1,0
local_to_cloud,us-central1,0.75,random,1,4,0262b7573fb345d3f9a9cfded25b9dd407ff8e9dc1143b697e9b7d47ec06208d,0262b7573fb345d3f9a9cfded25b9dd407ff8e9dc1143b697e9b7d47ec06208d,1,0
local_to_cloud,us-central1,0.75,random,1,8,0262b7573fb345d3f9a9cfded25b9dd407ff8e9dc1143b697e9b7d47ec06208d,0262b7573fb345d3f9a9cfded25b9dd407ff8e9dc1143b697e9b7d47ec06208d,1,0
local_to_cloud,us-central1,0.75,random,2,1,1e063496659bd42882bff2f4bd245aac24df3416e5c2ad236dc85c316bad13e0,1e063496659bd42882bff2f4bd245aac24df3416e5c2ad236dc85c316bad13e0,1,0
local_to_cloud,us-central1,0.75,random,2,2,1e063496659bd42882bff2f4bd245aac24df3416e5c2ad236dc85c316bad13e0,1e063496659bd42882bff2f4bd245aac24df3416e5c2ad236dc85c316bad13e0,1,0
local_to_cloud,us-central1,0.75,random,2,4,1e063496659bd42882bff2f4bd245aac24df3416e5c2ad236dc85c316bad13e0,1e063496659bd42882bff2f4bd245aac24df3416e5c2ad236dc85c316bad13e0,1,0
local_to_cloud,us-central1,0.75,random,2,8,1e063496659bd42882bff2f4bd245aac24df3416e5c2ad236dc85c316bad13e0,1e063496659bd42882bff2f4bd245aac24df3416e5c2ad236dc85c316bad13e0,1,0
local_to_cloud,us-central1,0.75,random,3,1,443b040442153cc558986f7aaa53c18d7a8bfeac9e405c944f5b63936d3be3c5,443b040442153cc558986f7aaa53c18d7a8bfeac9e405c944f5b63936d3be3c5,1,0
local_to_cloud,us-central1,0.75,random,3,2,443b040442153cc558986f7aaa53c18d7a8bfeac9e405c944f5b63936d3be3c5,443b040442153cc558986f7aaa53c18d7a8bfeac9e405c944f5b63936d3be3c5,1,0
local_to_cloud,us-central1,0.75,random,3,4,443b040442153cc558986f7aaa53c18d7a8bfeac9e405c944f5b63936d3be3c5,443b040442153cc558986f7aaa53c18d7a8bfeac9e405c944f5b63936d3be3c5,1,0
local_to_cloud,us-central1,0.75,random,3,8,443b040442153cc558986f7aaa53c18d7a8bfeac9e405c944f5b63936d3be3c5,443b040442153cc558986f7aaa53c18d7a8bfeac9e405c944f5b63936d3be3c5,1,0
local_to_cloud,us-central1,0.75,risk_proxy,1,1,98a61f2a1e928b4cc6ba1c3bf2d80bbb19bb75ddfbfcabe7f7746d5019e37670,98a61f2a1e928b4cc6ba1c3bf2d80bbb19bb75ddfbfcabe7f7746d5019e37670,1,0
local_to_cloud,us-central1,0.75,risk_proxy,1,2,98a61f2a1e928b4cc6ba1c3bf2d80bbb19bb75ddfbfcabe7f7746d5019e37670,98a61f2a1e928b4cc6ba1c3bf2d80bbb19bb75ddfbfcabe7f7746d5019e37670,1,0
local_to_cloud,us-central1,0.75,risk_proxy,1,4,98a61f2a1e928b4cc6ba1c3bf2d80bbb19bb75ddfbfcabe7f7746d5019e37670,98a61f2a1e928b4cc6ba1c3bf2d80bbb19bb75ddfbfcabe7f7746d5019e37670,1,0
local_to_cloud,us-central1,0.75,risk_proxy,1,8,98a61f2a1e928b4cc6ba1c3bf2d80bbb19bb75ddfbfcabe7f7746d5019e37670,98a61f2a1e928b4cc6ba1c3bf2d80bbb19bb75ddfbfcabe7f7746d5019e37670,1,0
local_to_cloud,us-central1,0.75,risk_proxy,2,1,98a61f2a1e928b4cc6ba1c3bf2d80bbb19bb75ddfbfcabe7f7746d5019e37670,98a61f2a1e928b4cc6ba1c3bf2d80bbb19bb75ddfbfcabe7f7746d5019e37670,1,0
local_to_cloud,us-central1,0.75,risk_proxy,2,2,98a61f2a1e928b4cc6ba1c3bf2d80bbb19bb75ddfbfcabe7f7746d5019e37670,98a61f2a1e928b4cc6ba1c3bf2d80bbb19bb75ddfbfcabe7f7746d5019e37670,1,0
local_to_cloud,us-central1,0.75,risk_proxy,2,4,98a61f2a1e928b4cc6ba1c3bf2d80bbb19bb75ddfbfcabe7f7746d5019e37670,98a61f2a1e928b4cc6ba1c3bf2d80bbb19bb75ddfbfcabe7f7746d5019e37670,1,0
local_to_cloud,us-central1,0.75,risk_proxy,2,8,98a61f2a1e928b4cc6ba1c3bf2d80bbb19bb75ddfbfcabe7f7746d5019e37670,98a61f2a1e928b4cc6ba1c3bf2d80bbb19bb75ddfbfcabe7f7746d5019e37670,1,0
local_to_cloud,us-central1,0.75,risk_proxy,3,1,98a61f2a1e928b4cc6ba1c3bf2d80bbb19bb75ddfbfcabe7f7746d5019e37670,98a61f2a1e928b4cc6ba1c3bf2d80bbb19bb75ddfbfcabe7f7746d5019e37670,1,0
local_to_cloud,us-central1,0.75,risk_proxy,3,2,98a61f2a1e928b4cc6ba1c3bf2d80bbb19bb75ddfbfcabe7f7746d5019e37670,98a61f2a1e928b4cc6ba1c3bf2d80bbb19bb75ddfbfcabe7f7746d5019e37670,1,0
local_to_cloud,us-central1,0.75,risk_proxy,3,4,98a61f2a1e928b4cc6ba1c3bf2d80bbb19bb75ddfbfcabe7f7746d5019e37670,98a61f2a1e928b4cc6ba1c3bf2d80bbb19bb75ddfbfcabe7f7746d5019e37670,1,0
local_to_cloud,us-central1,0.75,risk_proxy,3,8,98a61f2a1e928b4cc6ba1c3bf2d80bbb19bb75ddfbfcabe7f7746d5019e37670,98a61f2a1e928b4cc6ba1c3bf2d80bbb19bb75ddfbfcabe7f7746d5019e37670,1,0
local_to_cloud,us-central1,1.0,always,1,1,817f0e11762de58b590831eb187b2f4854a659161e035578019ca64f423436a1,817f0e11762de58b590831eb187b2f4854a659161e035578019ca64f423436a1,1,0
local_to_cloud,us-central1,1.0,always,1,2,817f0e11762de58b590831eb187b2f4854a659161e035578019ca64f423436a1,817f0e11762de58b590831eb187b2f4854a659161e035578019ca64f423436a1,1,0
local_to_cloud,us-central1,1.0,always,1,4,817f0e11762de58b590831eb187b2f4854a659161e035578019ca64f423436a1,817f0e11762de58b590831eb187b2f4854a659161e035578019ca64f423436a1,1,0
local_to_cloud,us-central1,1.0,always,1,8,817f0e11762de58b590831eb187b2f4854a659161e035578019ca64f423436a1,817f0e11762de58b590831eb187b2f4854a659161e035578019ca64f423436a1,1,0
local_to_cloud,us-central1,1.0,always,2,1,817f0e11762de58b590831eb187b2f4854a659161e035578019ca64f423436a1,817f0e11762de58b590831eb187b2f4854a659161e035578019ca64f423436a1,1,0
local_to_cloud,us-central1,1.0,always,2,2,817f0e11762de58b590831eb187b2f4854a659161e035578019ca64f423436a1,817f0e11762de58b590831eb187b2f4854a659161e035578019ca64f423436a1,1,0
local_to_cloud,us-central1,1.0,always,2,4,817f0e11762de58b590831eb187b2f4854a659161e035578019ca64f423436a1,817f0e11762de58b590831eb187b2f4854a659161e035578019ca64f423436a1,1,0
local_to_cloud,us-central1,1.0,always,2,8,817f0e11762de58b590831eb187b2f4854a659161e035578019ca64f423436a1,817f0e11762de58b590831eb187b2f4854a659161e035578019ca64f423436a1,1,0
local_to_cloud,us-central1,1.0,always,3,1,817f0e11762de58b590831eb187b2f4854a659161e035578019ca64f423436a1,817f0e11762de58b590831eb187b2f4854a659161e035578019ca64f423436a1,1,0
local_to_cloud,us-central1,1.0,always,3,2,817f0e11762de58b590831eb187b2f4854a659161e035578019ca64f423436a1,817f0e11762de58b590831eb187b2f4854a659161e035578019ca64f423436a1,1,0
local_to_cloud,us-central1,1.0,always,3,4,817f0e11762de58b590831eb187b2f4854a659161e035578019ca64f423436a1,817f0e11762de58b590831eb187b2f4854a659161e035578019ca64f423436a1,1,0
local_to_cloud,us-central1,1.0,always,3,8,817f0e11762de58b590831eb187b2f4854a659161e035578019ca64f423436a1,817f0e11762de58b590831eb187b2f4854a659161e035578019ca64f423436a1,1,0
local_to_cloud,us-central1,1.0,never,1,1,85b204e18d148f257d123713bca70c3b6c02c80659feb4b366e1d6b1878ffde9,85b204e18d148f257d123713bca70c3b6c02c80659feb4b366e1d6b1878ffde9,1,0
local_to_cloud,us-central1,1.0,never,1,2,85b204e18d148f257d123713bca70c3b6c02c80659feb4b366e1d6b1878ffde9,85b204e18d148f257d123713bca70c3b6c02c80659feb4b366e1d6b1878ffde9,1,0
local_to_cloud,us-central1,1.0,never,1,4,85b204e18d148f257d123713bca70c3b6c02c80659feb4b366e1d6b1878ffde9,85b204e18d148f257d123713bca70c3b6c02c80659feb4b366e1d6b1878ffde9,1,0
local_to_cloud,us-central1,1.0,never,1,8,85b204e18d148f257d123713bca70c3b6c02c80659feb4b366e1d6b1878ffde9,85b204e18d148f257d123713bca70c3b6c02c80659feb4b366e1d6b1878ffde9,1,0
local_to_cloud,us-central1,1.0,never,2,1,85b204e18d148f257d123713bca70c3b6c02c80659feb4b366e1d6b1878ffde9,85b204e18d148f257d123713bca70c3b6c02c80659feb4b366e1d6b1878ffde9,1,0
local_to_cloud,us-central1,1.0,never,2,2,85b204e18d148f257d123713bca70c3b6c02c80659feb4b366e1d6b1878ffde9,85b204e18d148f257d123713bca70c3b6c02c80659feb4b366e1d6b1878ffde9,1,0
local_to_cloud,us-central1,1.0,never,2,4,85b204e18d148f257d123713bca70c3b6c02c80659feb4b366e1d6b1878ffde9,85b204e18d148f257d123713bca70c3b6c02c80659feb4b366e1d6b1878ffde9,1,0
local_to_cloud,us-central1,1.0,never,2,8,85b204e18d148f257d123713bca70c3b6c02c80659feb4b366e1d6b1878ffde9,85b204e18d148f257d123713bca70c3b6c02c80659feb4b366e1d6b1878ffde9,1,0
local_to_cloud,us-central1,1.0,never,3,1,85b204e18d148f257d123713bca70c3b6c02c80659feb4b366e1d6b1878ffde9,85b204e18d148f257d123713bca70c3b6c02c80659feb4b366e1d6b1878ffde9,1,0
local_to_cloud,us-central1,1.0,never,3,2,85b204e18d148f257d123713bca70c3b6c02c80659feb4b366e1d6b1878ffde9,85b204e18d148f257d123713bca70c3b6c02c80659feb4b366e1d6b1878ffde9,1,0
local_to_cloud,us-central1,1.0,never,3,4,85b204e18d148f257d123713bca70c3b6c02c80659feb4b366e1d6b1878ffde9,85b204e18d148f257d123713bca70c3b6c02c80659feb4b366e1d6b1878ffde9,1,0
local_to_cloud,us-central1,1.0,never,3,8,85b204e18d148f257d123713bca70c3b6c02c80659feb4b366e1d6b1878ffde9,85b204e18d148f257d123713bca70c3b6c02c80659feb4b366e1d6b1878ffde9,1,0
local_to_cloud,us-central1,1.0,random,1,1,6c5fcecd2e890b67231e63e3de404b135a8b04293469898c75bd19ee975debc9,6c5fcecd2e890b67231e63e3de404b135a8b04293469898c75bd19ee975debc9,1,0
local_to_cloud,us-central1,1.0,random,1,2,6c5fcecd2e890b67231e63e3de404b135a8b04293469898c75bd19ee975debc9,6c5fcecd2e890b67231e63e3de404b135a8b04293469898c75bd19ee975debc9,1,0
local_to_cloud,us-central1,1.0,random,1,4,6c5fcecd2e890b67231e63e3de404b135a8b04293469898c75bd19ee975debc9,6c5fcecd2e890b67231e63e3de404b135a8b04293469898c75bd19ee975debc9,1,0
local_to_cloud,us-central1,1.0,random,1,8,6c5fcecd2e890b67231e63e3de404b135a8b04293469898c75bd19ee975debc9,6c5fcecd2e890b67231e63e3de404b135a8b04293469898c75bd19ee975debc9,1,0
local_to_cloud,us-central1,1.0,random,2,1,aa749dbbb19706268d19257dca4ed780d471c6fcc79f9862ce9f50e273201b60,aa749dbbb19706268d19257dca4ed780d471c6fcc79f9862ce9f50e273201b60,1,0
local_to_cloud,us-central1,1.0,random,2,2,aa749dbbb19706268d19257dca4ed780d471c6fcc79f9862ce9f50e273201b60,aa749dbbb19706268d19257dca4ed780d471c6fcc79f9862ce9f50e273201b60,1,0
local_to_cloud,us-central1,1.0,random,2,4,aa749dbbb19706268d19257dca4ed780d471c6fcc79f9862ce9f50e273201b60,aa749dbbb19706268d19257dca4ed780d471c6fcc79f9862ce9f50e273201b60,1,0
local_to_cloud,us-central1,1.0,random,2,8,aa749dbbb19706268d19257dca4ed780d471c6fcc79f9862ce9f50e273201b60,aa749dbbb19706268d19257dca4ed780d471c6fcc79f9862ce9f50e273201b60,1,0
local_to_cloud,us-central1,1.0,random,3,1,76f0073221be78fecf7782d395d1637091575056c6d5791694d9d2d3a06ce2b8,76f0073221be78fecf7782d395d1637091575056c6d5791694d9d2d3a06ce2b8,1,0
local_to_cloud,us-central1,1.0,random,3,2,76f0073221be78fecf7782d395d1637091575056c6d5791694d9d2d3a06ce2b8,76f0073221be78fecf7782d395d1637091575056c6d5791694d9d2d3a06ce2b8,1,0
local_to_cloud,us-central1,1.0,random,3,4,76f0073221be78fecf7782d395d1637091575056c6d5791694d9d2d3a06ce2b8,76f0073221be78fecf7782d395d1637091575056c6d5791694d9d2d3a06ce2b8,1,0
local_to_cloud,us-central1,1.0,random,3,8,76f0073221be78fecf7782d395d1637091575056c6d5791694d9d2d3a06ce2b8,76f0073221be78fecf7782d395d1637091575056c6d5791694d9d2d3a06ce2b8,1,0
local_to_cloud,us-central1,1.0,risk_proxy,1,1,fc28e652a5f6795a5b3cad1f643a9bcb92f8c411059e53f7113b3ab8727304b2,fc28e652a5f6795a5b3cad1f643a9bcb92f8c411059e53f7113b3ab8727304b2,1,0
local_to_cloud,us-central1,1.0,risk_proxy,1,2,fc28e652a5f6795a5b3cad1f643a9bcb92f8c411059e53f7113b3ab8727304b2,fc28e652a5f6795a5b3cad1f643a9bcb92f8c411059e53f7113b3ab8727304b2,1,0
local_to_cloud,us-central1,1.0,risk_proxy,1,4,fc28e652a5f6795a5b3cad1f643a9bcb92f8c411059e53f7113b3ab8727304b2,fc28e652a5f6795a5b3cad1f643a9bcb92f8c411059e53f7113b3ab8727304b2,1,0
local_to_cloud,us-central1,1.0,risk_proxy,1,8,fc28e652a5f6795a5b3cad1f643a9bcb92f8c411059e53f7113b3ab8727304b2,fc28e652a5f6795a5b3cad1f643a9bcb92f8c411059e53f7113b3ab8727304b2,1,0
local_to_cloud,us-central1,1.0,risk_proxy,2,1,fc28e652a5f6795a5b3cad1f643a9bcb92f8c411059e53f7113b3ab8727304b2,fc28e652a5f6795a5b3cad1f643a9bcb92f8c411059e53f7113b3ab8727304b2,1,0
local_to_cloud,us-central1,1.0,risk_proxy,2,2,fc28e652a5f6795a5b3cad1f643a9bcb92f8c411059e53f7113b3ab8727304b2,fc28e652a5f6795a5b3cad1f643a9bcb92f8c411059e53f7113b3ab8727304b2,1,0
local_to_cloud,us-central1,1.0,risk_proxy,2,4,fc28e652a5f6795a5b3cad1f643a9bcb92f8c411059e53f7113b3ab8727304b2,fc28e652a5f6795a5b3cad1f643a9bcb92f8c411059e53f7113b3ab8727304b2,1,0
local_to_cloud,us-central1,1.0,risk_proxy,2,8,fc28e652a5f6795a5b3cad1f643a9bcb92f8c411059e53f7113b3ab8727304b2,fc28e652a5f6795a5b3cad1f643a9bcb92f8c411059e53f7113b3ab8727304b2,1,0
local_to_cloud,us-central1,1.0,risk_proxy,3,1,fc28e652a5f6795a5b3cad1f643a9bcb92f8c411059e53f7113b3ab8727304b2,fc28e652a5f6795a5b3cad1f643a9bcb92f8c411059e53f7113b3ab8727304b2,1,0
local_to_cloud,us-central1,1.0,risk_proxy,3,2,fc28e652a5f6795a5b3cad1f643a9bcb92f8c411059e53f7113b3ab8727304b2,fc28e652a5f6795a5b3cad1f643a9bcb92f8c411059e53f7113b3ab8727304b2,1,0
local_to_cloud,us-central1,1.0,risk_proxy,3,4,fc28e652a5f6795a5b3cad1f643a9bcb92f8c411059e53f7113b3ab8727304b2,fc28e652a5f6795a5b3cad1f643a9bcb92f8c411059e53f7113b3ab8727304b2,1,0
local_to_cloud,us-central1,1.0,risk_proxy,3,8,fc28e652a5f6795a5b3cad1f643a9bcb92f8c411059e53f7113b3ab8727304b2,fc28e652a5f6795a5b3cad1f643a9bcb92f8c411059e53f7113b3ab8727304b2,1,0
